delivery_id,supplier_id,supplier_name,material_type,project_id,project_site,order_date,promised_date,actual_date,lead_time_days,quantity,route_type,distance_km,season,weather_severity,supplier_on_time_rate_hist,delay_days,status
DEL_00001,SUP_008,China Modular Import,prefab_panels,PRJ_004,Shymkent,2025-09-10,2025-10-03,2025-10-09,23,4837,cross_border,1370,shoulder,medium,0.48,6,late
DEL_00002,SUP_005,Karagandy Insulate,insulation,PRJ_004,Shymkent,2026-05-04,2026-05-22,2026-05-22,18,658,intercity,219,shoulder,low,0.88,0,on_time
DEL_00003,SUP_006,Astana Glass Works,glass_facade,PRJ_007,Almaty,2026-05-23,2026-06-13,2026-06-13,21,1568,intercity,648,summer,medium,0.81,0,on_time
DEL_00004,SUP_009,Atyrau Pipe & Steel,rebar,PRJ_009,Astana,2025-06-05,2025-06-18,2025-06-18,13,3904,urban,42,summer,low,0.73,0,on_time
DEL_00005,SUP_007,EcoBrick Shymkent,bricks,PRJ_008,Aktobe,2025-05-30,2025-07-04,2025-07-04,35,707,intercity,537,summer,low,0.9,0,on_time
DEL_00006,SUP_007,EcoBrick Shymkent,bricks,PRJ_009,Astana,2025-11-02,2025-11-08,2025-11-16,6,163,intercity,534,shoulder,medium,0.9,8,late
DEL_00007,SUP_004,SteelImport Turkey,steel_beams,PRJ_010,Almaty,2025-04-26,2025-05-10,2025-05-22,14,1414,cross_border,3957,shoulder,low,0.55,12,late
DEL_00008,SUP_010,Local Timber Co,timber,PRJ_005,Shymkent,2025-12-24,2026-01-01,2026-01-01,8,1612,intercity,896,winter,medium,0.94,0,on_time
DEL_00009,SUP_002,Kazrebar Steel,rebar,PRJ_001,Almaty,2025-02-27,2025-03-05,2025-03-08,6,2491,intercity,447,shoulder,medium,0.78,3,late
DEL_00010,SUP_007,EcoBrick Shymkent,bricks,PRJ_005,Shymkent,2025-03-31,2025-04-19,2025-04-23,19,1701,urban,42,shoulder,low,0.9,4,late
DEL_00011,SUP_010,Local Timber Co,timber,PRJ_010,Almaty,2025-09-25,2025-10-27,2025-10-27,32,3895,urban,47,shoulder,medium,0.94,0,on_time
DEL_00012,SUP_008,China Modular Import,prefab_panels,PRJ_001,Almaty,2025-02-22,2025-03-15,2025-03-27,21,2900,cross_border,2486,shoulder,low,0.48,12,late
DEL_00013,SUP_006,Astana Glass Works,glass_facade,PRJ_002,Aktobe,2025-09-08,2025-10-16,2025-10-16,38,2166,intercity,664,shoulder,medium,0.81,0,on_time
DEL_00014,SUP_001,Almaty Cement Zavod,concrete_mix,PRJ_007,Almaty,2025-02-15,2025-03-21,2025-03-21,34,3391,urban,27,shoulder,low,0.92,0,on_time
DEL_00015,SUP_002,Kazrebar Steel,rebar,PRJ_006,Atyrau,2026-03-05,2026-03-15,2026-03-13,10,765,intercity,548,shoulder,medium,0.78,-2,early
DEL_00016,SUP_010,Local Timber Co,timber,PRJ_005,Shymkent,2025-09-10,2025-10-15,2025-10-15,35,2458,urban,20,shoulder,high,0.94,0,on_time
DEL_00017,SUP_006,Astana Glass Works,glass_facade,PRJ_005,Shymkent,2026-03-13,2026-03-27,2026-03-27,14,2200,urban,34,shoulder,low,0.81,0,on_time
DEL_00018,SUP_001,Almaty Cement Zavod,concrete_mix,PRJ_006,Atyrau,2025-03-17,2025-04-01,2025-04-01,15,3654,urban,35,shoulder,low,0.92,0,on_time
DEL_00019,SUP_008,China Modular Import,modular_units,PRJ_008,Aktobe,2025-06-23,2025-06-30,2025-07-04,7,2738,cross_border,4408,summer,low,0.48,4,late
DEL_00020,SUP_004,SteelImport Turkey,steel_beams,PRJ_009,Astana,2025-09-06,2025-10-12,2025-10-26,36,4528,cross_border,1550,shoulder,low,0.55,14,late
DEL_00021,SUP_003,Prefab KZ,prefab_panels,PRJ_010,Almaty,2026-05-21,2026-05-31,2026-05-31,10,463,urban,14,shoulder,high,0.65,0,on_time
DEL_00022,SUP_008,China Modular Import,modular_units,PRJ_009,Astana,2025-05-01,2025-06-10,2025-06-15,40,2056,cross_border,2537,summer,medium,0.48,5,late
DEL_00023,SUP_004,SteelImport Turkey,glass_facade,PRJ_001,Almaty,2026-02-02,2026-03-08,2026-03-22,34,347,cross_border,819,shoulder,low,0.55,14,late
DEL_00024,SUP_009,Atyrau Pipe & Steel,pipes,PRJ_002,Aktobe,2026-02-08,2026-02-18,2026-02-18,10,990,intercity,794,winter,medium,0.73,0,on_time
DEL_00025,SUP_004,SteelImport Turkey,glass_facade,PRJ_005,Shymkent,2025-09-28,2025-10-19,2025-10-20,21,3391,cross_border,851,shoulder,low,0.55,1,late
DEL_00026,SUP_010,Local Timber Co,timber,PRJ_003,Karagandy,2025-10-01,2025-11-11,2025-11-11,41,431,intercity,410,shoulder,medium,0.94,0,on_time
DEL_00027,SUP_008,China Modular Import,modular_units,PRJ_002,Aktobe,2025-08-23,2025-08-31,2025-09-06,8,2546,cross_border,1099,summer,low,0.48,6,late
DEL_00028,SUP_007,EcoBrick Shymkent,bricks,PRJ_010,Almaty,2025-10-09,2025-10-24,2025-11-01,15,3619,intercity,80,shoulder,medium,0.9,8,late
DEL_00029,SUP_002,Kazrebar Steel,steel_beams,PRJ_005,Shymkent,2025-01-04,2025-02-16,2025-02-16,43,4023,intercity,843,winter,medium,0.78,0,on_time
DEL_00030,SUP_009,Atyrau Pipe & Steel,rebar,PRJ_007,Almaty,2025-02-28,2025-03-15,2025-03-15,15,4666,intercity,448,shoulder,medium,0.73,0,on_time
DEL_00031,SUP_009,Atyrau Pipe & Steel,pipes,PRJ_007,Almaty,2025-06-06,2025-06-26,2025-07-06,20,2659,urban,55,summer,high,0.73,10,late
DEL_00032,SUP_003,Prefab KZ,prefab_panels,PRJ_003,Karagandy,2025-05-08,2025-06-21,2025-06-21,44,1795,intercity,865,summer,low,0.65,0,on_time
DEL_00033,SUP_002,Kazrebar Steel,rebar,PRJ_009,Astana,2025-06-22,2025-07-08,2025-07-10,16,2283,urban,55,summer,low,0.78,2,late
DEL_00034,SUP_002,Kazrebar Steel,steel_beams,PRJ_001,Almaty,2026-01-18,2026-01-23,2026-02-01,5,4142,urban,50,winter,high,0.78,9,late
DEL_00035,SUP_004,SteelImport Turkey,glass_facade,PRJ_006,Atyrau,2026-02-02,2026-03-13,2026-03-14,39,1148,cross_border,2785,shoulder,low,0.55,1,late
DEL_00036,SUP_003,Prefab KZ,prefab_panels,PRJ_007,Almaty,2025-11-05,2025-12-17,2025-12-19,42,4168,urban,27,winter,medium,0.65,2,late
DEL_00037,SUP_002,Kazrebar Steel,rebar,PRJ_005,Shymkent,2026-05-15,2026-06-15,2026-06-15,31,2901,intercity,732,summer,high,0.78,0,on_time
DEL_00038,SUP_008,China Modular Import,modular_units,PRJ_007,Almaty,2025-11-29,2026-01-03,2026-01-12,35,4170,cross_border,3856,winter,medium,0.48,9,late
DEL_00039,SUP_005,Karagandy Insulate,insulation,PRJ_008,Aktobe,2025-07-27,2025-08-27,2025-08-27,31,3024,urban,40,summer,low,0.88,0,on_time
DEL_00040,SUP_003,Prefab KZ,prefab_panels,PRJ_004,Shymkent,2025-07-18,2025-08-11,2025-08-21,24,4744,urban,25,summer,medium,0.65,10,late
DEL_00041,SUP_007,EcoBrick Shymkent,cement,PRJ_009,Astana,2025-09-17,2025-10-22,2025-10-22,35,2769,intercity,866,shoulder,medium,0.9,0,on_time
DEL_00042,SUP_006,Astana Glass Works,glass_facade,PRJ_008,Aktobe,2025-12-08,2025-12-14,2025-12-14,6,4595,intercity,89,winter,high,0.81,0,on_time
DEL_00043,SUP_002,Kazrebar Steel,steel_beams,PRJ_007,Almaty,2025-12-10,2025-12-16,2025-12-16,6,4680,intercity,130,winter,low,0.78,0,on_time
DEL_00044,SUP_002,Kazrebar Steel,steel_beams,PRJ_005,Shymkent,2025-11-17,2025-12-08,2025-12-09,21,484,intercity,842,winter,medium,0.78,1,late
DEL_00045,SUP_006,Astana Glass Works,glass_facade,PRJ_007,Almaty,2025-04-01,2025-04-11,2025-04-11,10,2335,intercity,540,shoulder,medium,0.81,0,on_time
DEL_00046,SUP_010,Local Timber Co,formwork,PRJ_006,Atyrau,2025-09-23,2025-10-05,2025-10-11,12,3292,intercity,769,shoulder,low,0.94,6,late
DEL_00047,SUP_008,China Modular Import,prefab_panels,PRJ_010,Almaty,2026-02-23,2026-03-06,2026-03-18,11,1359,cross_border,2034,shoulder,high,0.48,12,late
DEL_00048,SUP_008,China Modular Import,prefab_panels,PRJ_006,Atyrau,2025-06-19,2025-07-05,2025-07-19,16,1922,cross_border,1346,summer,high,0.48,14,late
DEL_00049,SUP_002,Kazrebar Steel,steel_beams,PRJ_002,Aktobe,2025-10-26,2025-12-07,2025-12-07,42,34,intercity,574,winter,medium,0.78,0,on_time
DEL_00050,SUP_008,China Modular Import,modular_units,PRJ_010,Almaty,2025-08-17,2025-08-24,2025-09-02,7,171,cross_border,4048,summer,low,0.48,9,late
DEL_00051,SUP_007,EcoBrick Shymkent,cement,PRJ_001,Almaty,2025-02-21,2025-03-15,2025-03-15,22,2298,intercity,308,shoulder,low,0.9,0,on_time
DEL_00052,SUP_006,Astana Glass Works,glass_facade,PRJ_010,Almaty,2026-02-03,2026-03-10,2026-03-10,35,4397,urban,26,shoulder,low,0.81,0,on_time
DEL_00053,SUP_001,Almaty Cement Zavod,cement,PRJ_007,Almaty,2026-06-24,2026-06-28,2026-06-27,4,1211,intercity,583,summer,high,0.92,-1,early
DEL_00054,SUP_005,Karagandy Insulate,insulation,PRJ_002,Aktobe,2026-04-07,2026-05-12,2026-05-09,35,790,urban,5,shoulder,low,0.88,-3,early
DEL_00055,SUP_001,Almaty Cement Zavod,concrete_mix,PRJ_007,Almaty,2026-06-14,2026-07-20,2026-07-20,36,295,urban,20,summer,medium,0.92,0,on_time
DEL_00056,SUP_002,Kazrebar Steel,steel_beams,PRJ_009,Astana,2026-01-12,2026-02-18,2026-02-18,37,2703,urban,51,winter,low,0.78,0,on_time
DEL_00057,SUP_008,China Modular Import,modular_units,PRJ_007,Almaty,2025-02-16,2025-03-26,2025-04-06,38,508,cross_border,3809,shoulder,low,0.48,11,late
DEL_00058,SUP_008,China Modular Import,modular_units,PRJ_010,Almaty,2026-02-09,2026-03-09,2026-03-09,28,3085,cross_border,1059,shoulder,low,0.48,0,on_time
DEL_00059,SUP_005,Karagandy Insulate,insulation,PRJ_008,Aktobe,2025-08-11,2025-08-21,2025-08-21,10,4900,urban,47,summer,low,0.88,0,on_time
DEL_00060,SUP_003,Prefab KZ,prefab_panels,PRJ_007,Almaty,2026-04-17,2026-05-14,2026-05-14,27,1513,urban,18,shoulder,medium,0.65,0,on_time
DEL_00061,SUP_003,Prefab KZ,prefab_panels,PRJ_007,Almaty,2025-08-28,2025-10-09,2025-10-14,42,4867,urban,30,shoulder,low,0.65,5,late
DEL_00062,SUP_002,Kazrebar Steel,steel_beams,PRJ_003,Karagandy,2025-02-20,2025-03-07,2025-03-07,15,3176,intercity,573,shoulder,low,0.78,0,on_time
DEL_00063,SUP_009,Atyrau Pipe & Steel,rebar,PRJ_010,Almaty,2025-11-14,2025-12-12,2025-12-14,28,2866,urban,22,winter,medium,0.73,2,late
DEL_00064,SUP_004,SteelImport Turkey,glass_facade,PRJ_006,Atyrau,2026-01-15,2026-02-09,2026-02-15,25,2750,cross_border,3214,winter,medium,0.55,6,late
DEL_00065,SUP_002,Kazrebar Steel,rebar,PRJ_006,Atyrau,2025-12-05,2025-12-30,2025-12-30,25,4252,intercity,738,winter,high,0.78,0,on_time
DEL_00066,SUP_006,Astana Glass Works,glass_facade,PRJ_008,Aktobe,2025-10-08,2025-10-22,2025-10-23,14,369,urban,48,shoulder,low,0.81,1,late
DEL_00067,SUP_009,Atyrau Pipe & Steel,pipes,PRJ_009,Astana,2025-01-31,2025-02-06,2025-02-06,6,4514,urban,20,winter,medium,0.73,0,on_time
DEL_00068,SUP_001,Almaty Cement Zavod,cement,PRJ_009,Astana,2026-01-17,2026-02-24,2026-02-24,38,3008,urban,44,winter,low,0.92,0,on_time
DEL_00069,SUP_006,Astana Glass Works,glass_facade,PRJ_010,Almaty,2025-02-11,2025-03-27,2025-04-05,44,4628,intercity,321,shoulder,medium,0.81,9,late
DEL_00070,SUP_007,EcoBrick Shymkent,bricks,PRJ_001,Almaty,2025-12-31,2026-01-11,2026-01-11,11,837,intercity,197,winter,high,0.9,0,on_time
DEL_00071,SUP_010,Local Timber Co,formwork,PRJ_003,Karagandy,2026-03-30,2026-05-05,2026-05-15,36,3779,urban,59,shoulder,low,0.94,10,late
DEL_00072,SUP_001,Almaty Cement Zavod,cement,PRJ_005,Shymkent,2025-09-11,2025-10-22,2025-10-22,41,970,urban,13,shoulder,low,0.92,0,on_time
DEL_00073,SUP_003,Prefab KZ,prefab_panels,PRJ_002,Aktobe,2025-09-22,2025-11-05,2025-11-05,44,4272,intercity,71,shoulder,low,0.65,0,on_time
DEL_00074,SUP_007,EcoBrick Shymkent,cement,PRJ_007,Almaty,2025-08-08,2025-09-08,2025-09-08,31,1839,intercity,108,shoulder,medium,0.9,0,on_time
DEL_00075,SUP_010,Local Timber Co,formwork,PRJ_004,Shymkent,2025-09-18,2025-10-13,2025-10-13,25,609,intercity,370,shoulder,high,0.94,0,on_time
DEL_00076,SUP_009,Atyrau Pipe & Steel,rebar,PRJ_004,Shymkent,2025-11-11,2025-12-04,2025-12-11,23,1963,intercity,148,winter,high,0.73,7,late
DEL_00077,SUP_002,Kazrebar Steel,rebar,PRJ_004,Shymkent,2025-06-20,2025-07-01,2025-07-01,11,2246,urban,38,summer,low,0.78,0,on_time
DEL_00078,SUP_006,Astana Glass Works,glass_facade,PRJ_001,Almaty,2025-08-13,2025-08-27,2025-08-27,14,4909,intercity,592,summer,medium,0.81,0,on_time
DEL_00079,SUP_010,Local Timber Co,formwork,PRJ_007,Almaty,2026-05-03,2026-05-27,2026-06-05,24,3664,intercity,583,shoulder,high,0.94,9,late
DEL_00080,SUP_009,Atyrau Pipe & Steel,rebar,PRJ_007,Almaty,2025-10-26,2025-12-08,2025-12-08,43,4852,intercity,150,winter,medium,0.73,0,on_time
DEL_00081,SUP_008,China Modular Import,modular_units,PRJ_004,Shymkent,2025-01-03,2025-01-11,2025-01-11,8,3888,cross_border,2680,winter,medium,0.48,0,on_time
DEL_00082,SUP_009,Atyrau Pipe & Steel,rebar,PRJ_004,Shymkent,2026-06-13,2026-06-26,2026-06-26,13,1337,intercity,605,summer,medium,0.73,0,on_time
DEL_00083,SUP_010,Local Timber Co,timber,PRJ_009,Astana,2025-05-09,2025-05-13,2025-05-13,4,555,urban,57,shoulder,medium,0.94,0,on_time
DEL_00084,SUP_007,EcoBrick Shymkent,cement,PRJ_001,Almaty,2026-04-13,2026-05-17,2026-05-17,34,1175,intercity,380,shoulder,low,0.9,0,on_time
DEL_00085,SUP_009,Atyrau Pipe & Steel,rebar,PRJ_001,Almaty,2026-05-29,2026-06-22,2026-06-22,24,2012,intercity,84,summer,high,0.73,0,on_time
DEL_00086,SUP_003,Prefab KZ,prefab_panels,PRJ_003,Karagandy,2025-08-13,2025-09-20,2025-09-24,38,581,urban,47,shoulder,medium,0.65,4,late
DEL_00087,SUP_003,Prefab KZ,prefab_panels,PRJ_006,Atyrau,2026-04-24,2026-06-02,2026-06-02,39,2672,urban,15,summer,medium,0.65,0,on_time
DEL_00088,SUP_010,Local Timber Co,formwork,PRJ_003,Karagandy,2026-02-23,2026-03-15,2026-03-15,20,4987,urban,11,shoulder,medium,0.94,0,on_time
DEL_00089,SUP_001,Almaty Cement Zavod,cement,PRJ_005,Shymkent,2026-05-10,2026-05-22,2026-05-22,12,2778,urban,32,shoulder,low,0.92,0,on_time
DEL_00090,SUP_001,Almaty Cement Zavod,cement,PRJ_005,Shymkent,2026-06-05,2026-07-04,2026-07-04,29,4796,urban,29,summer,medium,0.92,0,on_time
DEL_00091,SUP_010,Local Timber Co,timber,PRJ_004,Shymkent,2026-04-30,2026-05-19,2026-05-19,19,1085,urban,17,shoulder,medium,0.94,0,on_time
DEL_00092,SUP_006,Astana Glass Works,glass_facade,PRJ_007,Almaty,2025-12-19,2025-12-23,2025-12-23,4,17,urban,21,winter,low,0.81,0,on_time
DEL_00093,SUP_003,Prefab KZ,prefab_panels,PRJ_001,Almaty,2025-10-31,2025-11-13,2025-11-13,13,2949,intercity,593,shoulder,low,0.65,0,on_time
DEL_00094,SUP_007,EcoBrick Shymkent,bricks,PRJ_009,Astana,2025-12-29,2026-02-07,2026-02-07,40,2815,intercity,215,winter,low,0.9,0,on_time
DEL_00095,SUP_004,SteelImport Turkey,glass_facade,PRJ_008,Aktobe,2025-10-04,2025-11-15,2025-11-21,42,214,cross_border,932,shoulder,high,0.55,6,late
DEL_00096,SUP_001,Almaty Cement Zavod,cement,PRJ_006,Atyrau,2025-02-05,2025-03-21,2025-03-28,44,1928,intercity,723,shoulder,low,0.92,7,late
DEL_00097,SUP_008,China Modular Import,prefab_panels,PRJ_009,Astana,2026-01-13,2026-02-03,2026-02-06,21,18,cross_border,1917,winter,medium,0.48,3,late
DEL_00098,SUP_003,Prefab KZ,prefab_panels,PRJ_002,Aktobe,2025-08-12,2025-09-20,2025-09-20,39,2452,urban,11,shoulder,low,0.65,0,on_time
DEL_00099,SUP_006,Astana Glass Works,glass_facade,PRJ_008,Aktobe,2025-09-10,2025-10-18,2025-10-18,38,1219,urban,17,shoulder,low,0.81,0,on_time
DEL_00100,SUP_004,SteelImport Turkey,steel_beams,PRJ_008,Aktobe,2025-06-28,2025-07-11,2025-07-11,13,964,cross_border,979,summer,low,0.55,0,on_time
DEL_00101,SUP_002,Kazrebar Steel,steel_beams,PRJ_001,Almaty,2025-06-22,2025-06-30,2025-07-03,8,3534,intercity,67,summer,low,0.78,3,late
DEL_00102,SUP_007,EcoBrick Shymkent,bricks,PRJ_003,Karagandy,2025-02-17,2025-03-15,2025-03-15,26,33,intercity,773,shoulder,high,0.9,0,on_time
DEL_00103,SUP_005,Karagandy Insulate,insulation,PRJ_002,Aktobe,2026-04-30,2026-06-04,2026-06-04,35,4594,intercity,273,summer,low,0.88,0,on_time
DEL_00104,SUP_010,Local Timber Co,formwork,PRJ_001,Almaty,2025-07-15,2025-08-17,2025-08-17,33,2581,urban,49,summer,medium,0.94,0,on_time
DEL_00105,SUP_005,Karagandy Insulate,insulation,PRJ_007,Almaty,2025-06-21,2025-07-28,2025-08-05,37,3628,urban,9,summer,low,0.88,8,late
DEL_00106,SUP_009,Atyrau Pipe & Steel,pipes,PRJ_004,Shymkent,2026-02-03,2026-03-12,2026-03-20,37,3468,intercity,184,shoulder,low,0.73,8,late
DEL_00107,SUP_001,Almaty Cement Zavod,cement,PRJ_008,Aktobe,2025-10-01,2025-10-09,2025-10-09,8,1946,urban,59,shoulder,high,0.92,0,on_time
DEL_00108,SUP_002,Kazrebar Steel,steel_beams,PRJ_009,Astana,2025-02-19,2025-03-30,2025-03-30,39,1373,intercity,582,shoulder,low,0.78,0,on_time
DEL_00109,SUP_002,Kazrebar Steel,rebar,PRJ_004,Shymkent,2025-12-25,2026-02-07,2026-02-07,44,4196,urban,50,winter,low,0.78,0,on_time
DEL_00110,SUP_003,Prefab KZ,prefab_panels,PRJ_007,Almaty,2025-11-26,2025-12-06,2025-12-11,10,3794,urban,35,winter,high,0.65,5,late
DEL_00111,SUP_008,China Modular Import,modular_units,PRJ_002,Aktobe,2025-08-15,2025-09-25,2025-10-02,41,2045,cross_border,846,shoulder,medium,0.48,7,late
DEL_00112,SUP_010,Local Timber Co,timber,PRJ_008,Aktobe,2026-04-26,2026-05-26,2026-06-06,30,1005,intercity,453,shoulder,high,0.94,11,late
DEL_00113,SUP_010,Local Timber Co,formwork,PRJ_010,Almaty,2026-05-08,2026-05-21,2026-05-21,13,2070,intercity,799,shoulder,high,0.94,0,on_time
DEL_00114,SUP_006,Astana Glass Works,glass_facade,PRJ_001,Almaty,2026-02-05,2026-03-07,2026-03-07,30,3500,intercity,857,shoulder,low,0.81,0,on_time
DEL_00115,SUP_009,Atyrau Pipe & Steel,pipes,PRJ_008,Aktobe,2025-09-29,2025-10-06,2025-10-07,7,4026,urban,28,shoulder,high,0.73,1,late
DEL_00116,SUP_008,China Modular Import,modular_units,PRJ_009,Astana,2025-12-06,2025-12-25,2026-01-04,19,60,cross_border,2087,winter,medium,0.48,10,late
DEL_00117,SUP_007,EcoBrick Shymkent,cement,PRJ_010,Almaty,2025-09-30,2025-10-22,2025-10-22,22,1976,urban,23,shoulder,low,0.9,0,on_time
DEL_00118,SUP_004,SteelImport Turkey,glass_facade,PRJ_001,Almaty,2025-07-03,2025-07-06,2025-07-15,3,4406,cross_border,1701,summer,low,0.55,9,late
DEL_00119,SUP_004,SteelImport Turkey,steel_beams,PRJ_005,Shymkent,2025-04-20,2025-06-02,2025-06-04,43,235,cross_border,2731,summer,low,0.55,2,late
DEL_00120,SUP_001,Almaty Cement Zavod,cement,PRJ_001,Almaty,2026-06-03,2026-06-16,2026-06-16,13,1570,intercity,802,summer,low,0.92,0,on_time
DEL_00121,SUP_008,China Modular Import,prefab_panels,PRJ_009,Astana,2026-02-22,2026-04-03,2026-04-21,40,2056,cross_border,3071,shoulder,high,0.48,18,late
DEL_00122,SUP_002,Kazrebar Steel,steel_beams,PRJ_004,Shymkent,2025-05-01,2025-05-27,2025-06-04,26,418,urban,49,shoulder,medium,0.78,8,late
DEL_00123,SUP_003,Prefab KZ,prefab_panels,PRJ_005,Shymkent,2025-03-28,2025-04-04,2025-04-14,7,2030,intercity,500,shoulder,low,0.65,10,late
DEL_00124,SUP_002,Kazrebar Steel,steel_beams,PRJ_001,Almaty,2026-02-22,2026-02-26,2026-03-05,4,1330,intercity,403,winter,high,0.78,7,late
DEL_00125,SUP_002,Kazrebar Steel,steel_beams,PRJ_007,Almaty,2025-04-07,2025-05-07,2025-05-07,30,2875,intercity,215,shoulder,medium,0.78,0,on_time
DEL_00126,SUP_009,Atyrau Pipe & Steel,pipes,PRJ_004,Shymkent,2025-10-16,2025-11-10,2025-11-10,25,814,urban,23,shoulder,high,0.73,0,on_time
DEL_00127,SUP_001,Almaty Cement Zavod,concrete_mix,PRJ_004,Shymkent,2025-10-07,2025-10-21,2025-10-25,14,637,intercity,390,shoulder,low,0.92,4,late
DEL_00128,SUP_002,Kazrebar Steel,steel_beams,PRJ_001,Almaty,2025-09-18,2025-10-26,2025-11-05,38,159,urban,57,shoulder,low,0.78,10,late
DEL_00129,SUP_004,SteelImport Turkey,steel_beams,PRJ_002,Aktobe,2026-05-11,2026-05-14,2026-05-22,3,2664,cross_border,3050,shoulder,low,0.55,8,late
DEL_00130,SUP_007,EcoBrick Shymkent,bricks,PRJ_009,Astana,2026-06-18,2026-06-26,2026-06-26,8,3412,intercity,371,summer,low,0.9,0,on_time
DEL_00131,SUP_004,SteelImport Turkey,glass_facade,PRJ_001,Almaty,2026-05-19,2026-06-05,2026-06-05,17,3117,cross_border,3232,summer,medium,0.55,0,on_time
DEL_00132,SUP_009,Atyrau Pipe & Steel,rebar,PRJ_003,Karagandy,2026-05-14,2026-06-08,2026-06-23,25,319,intercity,693,summer,high,0.73,15,late
DEL_00133,SUP_004,SteelImport Turkey,steel_beams,PRJ_008,Aktobe,2025-03-11,2025-04-01,2025-04-01,21,3241,cross_border,3139,shoulder,low,0.55,0,on_time
DEL_00134,SUP_004,SteelImport Turkey,steel_beams,PRJ_008,Aktobe,2026-01-24,2026-02-15,2026-02-24,22,2632,cross_border,3235,winter,medium,0.55,9,late
DEL_00135,SUP_004,SteelImport Turkey,glass_facade,PRJ_002,Aktobe,2025-02-18,2025-03-21,2025-03-21,31,210,cross_border,2959,shoulder,low,0.55,0,on_time
DEL_00136,SUP_008,China Modular Import,modular_units,PRJ_003,Karagandy,2026-06-20,2026-07-12,2026-07-12,22,3575,cross_border,3241,summer,low,0.48,0,on_time
DEL_00137,SUP_004,SteelImport Turkey,glass_facade,PRJ_008,Aktobe,2025-08-01,2025-08-20,2025-08-20,19,3601,cross_border,1353,summer,medium,0.55,0,on_time
DEL_00138,SUP_004,SteelImport Turkey,steel_beams,PRJ_002,Aktobe,2025-12-16,2026-01-04,2026-01-17,19,467,cross_border,2310,winter,medium,0.55,13,late
DEL_00139,SUP_004,SteelImport Turkey,glass_facade,PRJ_002,Aktobe,2025-12-20,2026-01-22,2026-01-25,33,3892,cross_border,873,winter,medium,0.55,3,late
DEL_00140,SUP_010,Local Timber Co,formwork,PRJ_008,Aktobe,2025-05-14,2025-06-24,2025-06-24,41,1412,urban,41,summer,low,0.94,0,on_time
DEL_00141,SUP_007,EcoBrick Shymkent,cement,PRJ_010,Almaty,2026-02-05,2026-02-16,2026-03-01,11,1545,intercity,649,winter,medium,0.9,13,late
DEL_00142,SUP_007,EcoBrick Shymkent,bricks,PRJ_004,Shymkent,2026-01-23,2026-03-07,2026-03-07,43,125,urban,29,shoulder,low,0.9,0,on_time
DEL_00143,SUP_010,Local Timber Co,formwork,PRJ_004,Shymkent,2025-08-28,2025-09-07,2025-09-07,10,2219,intercity,335,shoulder,medium,0.94,0,on_time
DEL_00144,SUP_007,EcoBrick Shymkent,cement,PRJ_004,Shymkent,2026-03-13,2026-03-26,2026-03-26,13,4218,intercity,836,shoulder,high,0.9,0,on_time
DEL_00145,SUP_010,Local Timber Co,formwork,PRJ_003,Karagandy,2026-02-16,2026-02-23,2026-02-27,7,1296,intercity,647,winter,medium,0.94,4,late
DEL_00146,SUP_005,Karagandy Insulate,insulation,PRJ_006,Atyrau,2025-07-15,2025-08-04,2025-07-31,20,205,urban,41,summer,low,0.88,-4,early
DEL_00147,SUP_004,SteelImport Turkey,steel_beams,PRJ_008,Aktobe,2025-03-14,2025-04-21,2025-05-02,38,2258,cross_border,3389,shoulder,low,0.55,11,late
DEL_00148,SUP_010,Local Timber Co,timber,PRJ_002,Aktobe,2026-05-26,2026-06-04,2026-06-19,9,4692,intercity,580,summer,high,0.94,15,late
DEL_00149,SUP_002,Kazrebar Steel,steel_beams,PRJ_008,Aktobe,2025-05-15,2025-05-29,2025-05-31,14,787,intercity,617,shoulder,medium,0.78,2,late
DEL_00150,SUP_005,Karagandy Insulate,insulation,PRJ_006,Atyrau,2025-10-26,2025-11-08,2025-11-08,13,168,intercity,729,shoulder,high,0.88,0,on_time
DEL_00151,SUP_006,Astana Glass Works,glass_facade,PRJ_002,Aktobe,2025-02-21,2025-03-24,2025-03-24,31,1057,intercity,329,shoulder,low,0.81,0,on_time
DEL_00152,SUP_001,Almaty Cement Zavod,cement,PRJ_007,Almaty,2026-02-17,2026-03-06,2026-03-06,17,4107,intercity,758,shoulder,low,0.92,0,on_time
DEL_00153,SUP_003,Prefab KZ,prefab_panels,PRJ_008,Aktobe,2026-01-21,2026-02-26,2026-03-01,36,1636,intercity,810,winter,high,0.65,3,late
DEL_00154,SUP_002,Kazrebar Steel,rebar,PRJ_006,Atyrau,2025-06-01,2025-06-06,2025-06-12,5,1697,urban,17,summer,medium,0.78,6,late
DEL_00155,SUP_007,EcoBrick Shymkent,cement,PRJ_009,Astana,2025-07-04,2025-07-14,2025-07-14,10,4117,urban,8,summer,medium,0.9,0,on_time
DEL_00156,SUP_001,Almaty Cement Zavod,cement,PRJ_005,Shymkent,2025-08-02,2025-08-27,2025-08-27,25,3574,urban,45,summer,medium,0.92,0,on_time
DEL_00157,SUP_005,Karagandy Insulate,insulation,PRJ_004,Shymkent,2025-07-18,2025-08-07,2025-08-11,20,889,urban,17,summer,low,0.88,4,late
DEL_00158,SUP_002,Kazrebar Steel,rebar,PRJ_001,Almaty,2026-03-21,2026-03-26,2026-04-07,5,1970,intercity,777,shoulder,medium,0.78,12,late
DEL_00159,SUP_002,Kazrebar Steel,steel_beams,PRJ_010,Almaty,2026-06-11,2026-07-24,2026-07-28,43,3676,urban,53,summer,medium,0.78,4,late
DEL_00160,SUP_001,Almaty Cement Zavod,concrete_mix,PRJ_008,Aktobe,2025-10-25,2025-11-13,2025-11-13,19,1866,intercity,449,shoulder,low,0.92,0,on_time
DEL_00161,SUP_005,Karagandy Insulate,insulation,PRJ_007,Almaty,2025-05-21,2025-06-05,2025-06-05,15,3775,intercity,147,summer,medium,0.88,0,on_time
DEL_00162,SUP_003,Prefab KZ,prefab_panels,PRJ_002,Aktobe,2025-10-09,2025-10-18,2025-10-17,9,1069,intercity,597,shoulder,low,0.65,-1,early
DEL_00163,SUP_006,Astana Glass Works,glass_facade,PRJ_009,Astana,2026-02-22,2026-03-24,2026-03-24,30,2355,urban,51,shoulder,low,0.81,0,on_time
DEL_00164,SUP_005,Karagandy Insulate,insulation,PRJ_001,Almaty,2025-07-03,2025-07-15,2025-07-23,12,2079,intercity,224,summer,low,0.88,8,late
DEL_00165,SUP_003,Prefab KZ,prefab_panels,PRJ_002,Aktobe,2025-08-17,2025-09-10,2025-09-13,24,285,urban,14,shoulder,low,0.65,3,late
DEL_00166,SUP_006,Astana Glass Works,glass_facade,PRJ_004,Shymkent,2025-07-04,2025-07-18,2025-08-02,14,3768,intercity,232,summer,high,0.81,15,late
DEL_00167,SUP_002,Kazrebar Steel,rebar,PRJ_002,Aktobe,2025-09-06,2025-10-05,2025-10-05,29,3773,urban,15,shoulder,medium,0.78,0,on_time
DEL_00168,SUP_002,Kazrebar Steel,steel_beams,PRJ_005,Shymkent,2025-01-24,2025-02-04,2025-02-04,11,4625,urban,27,winter,medium,0.78,0,on_time
DEL_00169,SUP_002,Kazrebar Steel,steel_beams,PRJ_010,Almaty,2025-06-26,2025-07-19,2025-07-19,23,1909,intercity,875,summer,low,0.78,0,on_time
DEL_00170,SUP_005,Karagandy Insulate,insulation,PRJ_002,Aktobe,2025-12-20,2026-01-05,2026-01-16,16,3336,urban,59,winter,medium,0.88,11,late
DEL_00171,SUP_005,Karagandy Insulate,insulation,PRJ_005,Shymkent,2025-08-22,2025-09-27,2025-09-27,36,1361,intercity,733,shoulder,low,0.88,0,on_time
DEL_00172,SUP_005,Karagandy Insulate,insulation,PRJ_010,Almaty,2025-11-03,2025-11-22,2025-11-22,19,361,intercity,354,shoulder,low,0.88,0,on_time
DEL_00173,SUP_004,SteelImport Turkey,glass_facade,PRJ_001,Almaty,2025-06-15,2025-06-24,2025-06-30,9,3793,cross_border,4383,summer,low,0.55,6,late
DEL_00174,SUP_008,China Modular Import,modular_units,PRJ_003,Karagandy,2025-10-12,2025-11-18,2025-11-15,37,3286,cross_border,1471,shoulder,medium,0.48,-3,early
DEL_00175,SUP_010,Local Timber Co,formwork,PRJ_004,Shymkent,2025-02-26,2025-04-08,2025-04-08,41,202,intercity,63,shoulder,medium,0.94,0,on_time
DEL_00176,SUP_001,Almaty Cement Zavod,cement,PRJ_004,Shymkent,2026-02-06,2026-02-15,2026-02-15,9,4682,intercity,230,winter,low,0.92,0,on_time
DEL_00177,SUP_004,SteelImport Turkey,glass_facade,PRJ_009,Astana,2026-06-18,2026-07-06,2026-07-06,18,1359,cross_border,1015,summer,low,0.55,0,on_time
DEL_00178,SUP_002,Kazrebar Steel,rebar,PRJ_003,Karagandy,2025-10-17,2025-10-30,2025-10-30,13,4811,intercity,725,shoulder,low,0.78,0,on_time
DEL_00179,SUP_009,Atyrau Pipe & Steel,pipes,PRJ_004,Shymkent,2025-03-05,2025-03-12,2025-03-12,7,2826,intercity,464,shoulder,high,0.73,0,on_time
DEL_00180,SUP_010,Local Timber Co,timber,PRJ_010,Almaty,2025-07-19,2025-07-27,2025-07-27,8,3533,urban,27,summer,medium,0.94,0,on_time
DEL_00181,SUP_004,SteelImport Turkey,glass_facade,PRJ_009,Astana,2025-02-05,2025-02-09,2025-02-18,4,3136,cross_border,2673,winter,high,0.55,9,late
DEL_00182,SUP_007,EcoBrick Shymkent,bricks,PRJ_004,Shymkent,2026-03-03,2026-03-31,2026-04-06,28,2875,urban,36,shoulder,low,0.9,6,late
DEL_00183,SUP_002,Kazrebar Steel,rebar,PRJ_004,Shymkent,2025-04-11,2025-04-18,2025-05-01,7,2916,intercity,400,shoulder,high,0.78,13,late
DEL_00184,SUP_007,EcoBrick Shymkent,cement,PRJ_009,Astana,2026-04-23,2026-05-22,2026-05-22,29,189,intercity,422,shoulder,medium,0.9,0,on_time
DEL_00185,SUP_005,Karagandy Insulate,insulation,PRJ_010,Almaty,2025-12-23,2025-12-27,2025-12-27,4,4515,intercity,313,winter,low,0.88,0,on_time
DEL_00186,SUP_008,China Modular Import,modular_units,PRJ_010,Almaty,2025-03-05,2025-03-19,2025-03-20,14,4579,cross_border,3888,shoulder,low,0.48,1,late
DEL_00187,SUP_009,Atyrau Pipe & Steel,pipes,PRJ_008,Aktobe,2025-08-03,2025-09-08,2025-09-14,36,1437,urban,29,shoulder,low,0.73,6,late
DEL_00188,SUP_002,Kazrebar Steel,steel_beams,PRJ_002,Aktobe,2025-02-20,2025-03-23,2025-03-23,31,1816,intercity,514,shoulder,high,0.78,0,on_time
DEL_00189,SUP_010,Local Timber Co,formwork,PRJ_002,Aktobe,2026-05-14,2026-06-19,2026-06-19,36,4495,intercity,516,summer,high,0.94,0,on_time
DEL_00190,SUP_008,China Modular Import,prefab_panels,PRJ_005,Shymkent,2025-09-04,2025-10-13,2025-10-24,39,396,cross_border,2137,shoulder,low,0.48,11,late
DEL_00191,SUP_006,Astana Glass Works,glass_facade,PRJ_008,Aktobe,2026-01-27,2026-02-17,2026-02-18,21,1420,intercity,574,winter,low,0.81,1,late
DEL_00192,SUP_010,Local Timber Co,formwork,PRJ_003,Karagandy,2025-07-27,2025-08-20,2025-08-23,24,4665,intercity,880,summer,low,0.94,3,late
DEL_00193,SUP_001,Almaty Cement Zavod,cement,PRJ_002,Aktobe,2025-03-22,2025-04-17,2025-04-17,26,3133,intercity,511,shoulder,low,0.92,0,on_time
DEL_00194,SUP_009,Atyrau Pipe & Steel,pipes,PRJ_007,Almaty,2026-04-12,2026-05-11,2026-05-11,29,3108,urban,57,shoulder,low,0.73,0,on_time
DEL_00195,SUP_010,Local Timber Co,formwork,PRJ_004,Shymkent,2025-06-25,2025-07-30,2025-07-30,35,1610,intercity,213,summer,medium,0.94,0,on_time
DEL_00196,SUP_002,Kazrebar Steel,rebar,PRJ_009,Astana,2025-05-04,2025-06-08,2025-06-15,35,2493,urban,44,summer,low,0.78,7,late
DEL_00197,SUP_006,Astana Glass Works,glass_facade,PRJ_006,Atyrau,2025-01-17,2025-02-10,2025-02-17,24,4866,intercity,895,winter,medium,0.81,7,late
DEL_00198,SUP_001,Almaty Cement Zavod,concrete_mix,PRJ_006,Atyrau,2025-05-10,2025-05-22,2025-05-22,12,4907,intercity,102,shoulder,low,0.92,0,on_time
DEL_00199,SUP_003,Prefab KZ,prefab_panels,PRJ_005,Shymkent,2026-01-23,2026-01-28,2026-02-08,5,973,intercity,604,winter,medium,0.65,11,late
DEL_00200,SUP_009,Atyrau Pipe & Steel,pipes,PRJ_007,Almaty,2025-06-12,2025-06-29,2025-06-29,17,4803,intercity,624,summer,low,0.73,0,on_time
DEL_00201,SUP_007,EcoBrick Shymkent,cement,PRJ_004,Shymkent,2025-10-01,2025-10-05,2025-10-11,4,1000,intercity,507,shoulder,medium,0.9,6,late
DEL_00202,SUP_004,SteelImport Turkey,glass_facade,PRJ_002,Aktobe,2026-02-08,2026-02-20,2026-02-20,12,4014,cross_border,1808,winter,low,0.55,0,on_time
DEL_00203,SUP_002,Kazrebar Steel,rebar,PRJ_002,Aktobe,2025-08-02,2025-08-17,2025-08-27,15,3758,intercity,801,summer,medium,0.78,10,late
DEL_00204,SUP_004,SteelImport Turkey,glass_facade,PRJ_005,Shymkent,2026-03-10,2026-03-19,2026-03-24,9,4148,cross_border,1718,shoulder,low,0.55,5,late
DEL_00205,SUP_008,China Modular Import,prefab_panels,PRJ_001,Almaty,2025-08-17,2025-09-09,2025-09-21,23,2202,cross_border,2951,shoulder,medium,0.48,12,late
DEL_00206,SUP_009,Atyrau Pipe & Steel,rebar,PRJ_003,Karagandy,2025-07-03,2025-07-21,2025-07-21,18,1966,urban,17,summer,low,0.73,0,on_time
DEL_00207,SUP_002,Kazrebar Steel,rebar,PRJ_002,Aktobe,2025-05-28,2025-06-15,2025-06-21,18,3818,intercity,648,summer,low,0.78,6,late
DEL_00208,SUP_001,Almaty Cement Zavod,concrete_mix,PRJ_004,Shymkent,2025-09-26,2025-10-25,2025-10-25,29,4163,intercity,583,shoulder,medium,0.92,0,on_time
DEL_00209,SUP_010,Local Timber Co,formwork,PRJ_008,Aktobe,2025-07-13,2025-08-04,2025-08-04,22,2391,urban,44,summer,low,0.94,0,on_time
DEL_00210,SUP_005,Karagandy Insulate,insulation,PRJ_006,Atyrau,2026-02-17,2026-03-15,2026-03-15,26,1133,intercity,151,shoulder,medium,0.88,0,on_time
DEL_00211,SUP_008,China Modular Import,modular_units,PRJ_007,Almaty,2026-04-17,2026-04-24,2026-05-06,7,3035,cross_border,1963,shoulder,low,0.48,12,late
DEL_00212,SUP_007,EcoBrick Shymkent,cement,PRJ_005,Shymkent,2025-07-06,2025-08-19,2025-08-16,44,4746,urban,35,summer,low,0.9,-3,early
DEL_00213,SUP_008,China Modular Import,prefab_panels,PRJ_001,Almaty,2026-03-27,2026-03-30,2026-04-13,3,1330,cross_border,1510,shoulder,low,0.48,14,late
DEL_00214,SUP_010,Local Timber Co,formwork,PRJ_008,Aktobe,2025-03-17,2025-04-01,2025-04-01,15,2812,intercity,413,shoulder,low,0.94,0,on_time
DEL_00215,SUP_003,Prefab KZ,prefab_panels,PRJ_001,Almaty,2025-08-21,2025-10-04,2025-10-13,44,4177,urban,28,shoulder,medium,0.65,9,late
DEL_00216,SUP_009,Atyrau Pipe & Steel,rebar,PRJ_007,Almaty,2025-01-03,2025-01-30,2025-02-08,27,4051,intercity,801,winter,low,0.73,9,late
DEL_00217,SUP_008,China Modular Import,prefab_panels,PRJ_002,Aktobe,2025-08-02,2025-08-19,2025-08-27,17,2056,cross_border,2174,summer,low,0.48,8,late
DEL_00218,SUP_005,Karagandy Insulate,insulation,PRJ_005,Shymkent,2026-02-05,2026-03-16,2026-03-16,39,4915,intercity,639,shoulder,low,0.88,0,on_time
DEL_00219,SUP_003,Prefab KZ,prefab_panels,PRJ_010,Almaty,2025-02-08,2025-02-21,2025-02-23,13,877,intercity,693,winter,medium,0.65,2,late
DEL_00220,SUP_002,Kazrebar Steel,rebar,PRJ_005,Shymkent,2025-05-09,2025-05-24,2025-06-02,15,601,intercity,822,shoulder,low,0.78,9,late
DEL_00221,SUP_003,Prefab KZ,prefab_panels,PRJ_003,Karagandy,2025-03-14,2025-03-17,2025-03-21,3,185,intercity,841,shoulder,medium,0.65,4,late
DEL_00222,SUP_001,Almaty Cement Zavod,cement,PRJ_008,Aktobe,2025-12-12,2026-01-02,2026-01-02,21,371,urban,48,winter,high,0.92,0,on_time
DEL_00223,SUP_003,Prefab KZ,prefab_panels,PRJ_006,Atyrau,2025-01-28,2025-03-08,2025-03-10,39,3906,urban,52,shoulder,medium,0.65,2,late
DEL_00224,SUP_002,Kazrebar Steel,steel_beams,PRJ_002,Aktobe,2026-01-29,2026-03-13,2026-03-13,43,814,intercity,217,shoulder,medium,0.78,0,on_time
DEL_00225,SUP_008,China Modular Import,modular_units,PRJ_003,Karagandy,2025-08-17,2025-08-24,2025-09-01,7,4289,cross_border,1942,summer,medium,0.48,8,late
DEL_00226,SUP_004,SteelImport Turkey,glass_facade,PRJ_008,Aktobe,2026-06-03,2026-07-14,2026-07-26,41,3985,cross_border,3664,summer,medium,0.55,12,late
DEL_00227,SUP_002,Kazrebar Steel,rebar,PRJ_008,Aktobe,2025-09-03,2025-10-16,2025-10-16,43,4921,intercity,831,shoulder,low,0.78,0,on_time
DEL_00228,SUP_007,EcoBrick Shymkent,bricks,PRJ_001,Almaty,2026-06-17,2026-06-29,2026-06-29,12,3007,intercity,577,summer,low,0.9,0,on_time
DEL_00229,SUP_004,SteelImport Turkey,glass_facade,PRJ_010,Almaty,2025-09-17,2025-10-27,2025-11-07,40,1477,cross_border,1723,shoulder,low,0.55,11,late
DEL_00230,SUP_007,EcoBrick Shymkent,cement,PRJ_009,Astana,2026-05-27,2026-05-31,2026-06-07,4,2267,urban,55,shoulder,low,0.9,7,late
DEL_00231,SUP_004,SteelImport Turkey,glass_facade,PRJ_009,Astana,2026-02-10,2026-02-14,2026-02-28,4,2698,cross_border,2340,winter,low,0.55,14,late
DEL_00232,SUP_003,Prefab KZ,prefab_panels,PRJ_006,Atyrau,2026-04-13,2026-04-25,2026-04-25,12,3997,intercity,310,shoulder,medium,0.65,0,on_time
DEL_00233,SUP_003,Prefab KZ,prefab_panels,PRJ_008,Aktobe,2025-05-05,2025-05-25,2025-05-25,20,4640,intercity,431,shoulder,medium,0.65,0,on_time
DEL_00234,SUP_006,Astana Glass Works,glass_facade,PRJ_002,Aktobe,2025-09-15,2025-09-23,2025-09-23,8,300,intercity,320,shoulder,high,0.81,0,on_time
DEL_00235,SUP_004,SteelImport Turkey,glass_facade,PRJ_006,Atyrau,2025-03-11,2025-03-19,2025-04-05,8,4141,cross_border,1427,shoulder,high,0.55,17,late
DEL_00236,SUP_002,Kazrebar Steel,rebar,PRJ_003,Karagandy,2025-03-13,2025-03-19,2025-03-30,6,2644,urban,25,shoulder,low,0.78,11,late
DEL_00237,SUP_009,Atyrau Pipe & Steel,pipes,PRJ_006,Atyrau,2025-02-15,2025-03-22,2025-03-22,35,3195,intercity,801,shoulder,medium,0.73,0,on_time
DEL_00238,SUP_005,Karagandy Insulate,insulation,PRJ_005,Shymkent,2026-01-16,2026-02-02,2026-02-13,17,3778,intercity,202,winter,medium,0.88,11,late
DEL_00239,SUP_003,Prefab KZ,prefab_panels,PRJ_008,Aktobe,2026-03-31,2026-05-01,2026-05-01,31,1040,intercity,602,shoulder,low,0.65,0,on_time
DEL_00240,SUP_004,SteelImport Turkey,glass_facade,PRJ_003,Karagandy,2025-09-02,2025-10-03,2025-10-08,31,1702,cross_border,1212,shoulder,medium,0.55,5,late
DEL_00241,SUP_006,Astana Glass Works,glass_facade,PRJ_003,Karagandy,2025-12-02,2025-12-23,2026-01-01,21,3416,intercity,836,winter,high,0.81,9,late
DEL_00242,SUP_007,EcoBrick Shymkent,bricks,PRJ_008,Aktobe,2025-08-30,2025-09-04,2025-09-04,5,3857,urban,27,shoulder,low,0.9,0,on_time
DEL_00243,SUP_003,Prefab KZ,prefab_panels,PRJ_009,Astana,2026-03-25,2026-04-16,2026-04-16,22,3610,intercity,867,shoulder,low,0.65,0,on_time
DEL_00244,SUP_010,Local Timber Co,formwork,PRJ_005,Shymkent,2026-06-02,2026-06-27,2026-06-27,25,368,intercity,679,summer,medium,0.94,0,on_time
DEL_00245,SUP_006,Astana Glass Works,glass_facade,PRJ_010,Almaty,2025-06-30,2025-07-23,2025-07-28,23,728,intercity,868,summer,low,0.81,5,late
DEL_00246,SUP_001,Almaty Cement Zavod,concrete_mix,PRJ_001,Almaty,2025-12-15,2026-01-05,2026-01-06,21,536,intercity,676,winter,medium,0.92,1,late
DEL_00247,SUP_010,Local Timber Co,formwork,PRJ_002,Aktobe,2025-08-05,2025-09-03,2025-09-03,29,2067,urban,26,shoulder,medium,0.94,0,on_time
DEL_00248,SUP_003,Prefab KZ,prefab_panels,PRJ_010,Almaty,2026-05-26,2026-06-19,2026-06-30,24,1755,intercity,773,summer,low,0.65,11,late
DEL_00249,SUP_003,Prefab KZ,prefab_panels,PRJ_007,Almaty,2025-05-22,2025-06-20,2025-06-20,29,3611,intercity,67,summer,medium,0.65,0,on_time
DEL_00250,SUP_009,Atyrau Pipe & Steel,rebar,PRJ_010,Almaty,2025-06-24,2025-07-05,2025-07-05,11,1522,intercity,759,summer,low,0.73,0,on_time
DEL_00251,SUP_005,Karagandy Insulate,insulation,PRJ_010,Almaty,2026-05-12,2026-06-22,2026-06-22,41,1611,intercity,286,summer,medium,0.88,0,on_time
DEL_00252,SUP_002,Kazrebar Steel,steel_beams,PRJ_006,Atyrau,2025-12-10,2025-12-30,2026-01-05,20,951,intercity,738,winter,medium,0.78,6,late
DEL_00253,SUP_006,Astana Glass Works,glass_facade,PRJ_009,Astana,2026-06-17,2026-07-08,2026-07-08,21,2774,urban,10,summer,low,0.81,0,on_time
DEL_00254,SUP_002,Kazrebar Steel,rebar,PRJ_003,Karagandy,2025-12-21,2026-01-30,2026-01-29,40,4245,urban,20,winter,medium,0.78,-1,early
DEL_00255,SUP_002,Kazrebar Steel,rebar,PRJ_006,Atyrau,2025-11-24,2025-12-06,2025-12-06,12,639,intercity,381,winter,high,0.78,0,on_time
DEL_00256,SUP_001,Almaty Cement Zavod,concrete_mix,PRJ_002,Aktobe,2025-11-17,2025-12-27,2025-12-27,40,1021,intercity,186,winter,high,0.92,0,on_time
DEL_00257,SUP_002,Kazrebar Steel,steel_beams,PRJ_010,Almaty,2026-05-30,2026-07-08,2026-07-17,39,239,urban,32,summer,low,0.78,9,late
DEL_00258,SUP_002,Kazrebar Steel,rebar,PRJ_005,Shymkent,2026-01-20,2026-02-07,2026-02-07,18,2615,intercity,516,winter,medium,0.78,0,on_time
DEL_00259,SUP_009,Atyrau Pipe & Steel,rebar,PRJ_008,Aktobe,2025-01-25,2025-02-01,2025-02-04,7,2880,intercity,566,winter,low,0.73,3,late
DEL_00260,SUP_005,Karagandy Insulate,insulation,PRJ_002,Aktobe,2025-08-12,2025-08-18,2025-08-18,6,2667,intercity,536,summer,low,0.88,0,on_time
DEL_00261,SUP_001,Almaty Cement Zavod,cement,PRJ_010,Almaty,2025-10-07,2025-11-18,2025-11-18,42,4851,urban,53,shoulder,high,0.92,0,on_time
DEL_00262,SUP_002,Kazrebar Steel,steel_beams,PRJ_008,Aktobe,2025-02-12,2025-02-17,2025-02-24,5,776,intercity,848,winter,medium,0.78,7,late
DEL_00263,SUP_007,EcoBrick Shymkent,cement,PRJ_008,Aktobe,2025-02-10,2025-03-14,2025-03-14,32,4640,intercity,500,shoulder,medium,0.9,0,on_time
DEL_00264,SUP_010,Local Timber Co,timber,PRJ_008,Aktobe,2025-01-13,2025-01-31,2025-01-31,18,2324,urban,25,winter,high,0.94,0,on_time
DEL_00265,SUP_001,Almaty Cement Zavod,cement,PRJ_010,Almaty,2026-04-10,2026-05-10,2026-05-10,30,629,intercity,719,shoulder,medium,0.92,0,on_time
DEL_00266,SUP_003,Prefab KZ,prefab_panels,PRJ_001,Almaty,2026-01-10,2026-02-09,2026-02-14,30,365,urban,59,winter,high,0.65,5,late
DEL_00267,SUP_005,Karagandy Insulate,insulation,PRJ_005,Shymkent,2026-02-12,2026-03-18,2026-03-18,34,4230,urban,33,shoulder,medium,0.88,0,on_time
DEL_00268,SUP_001,Almaty Cement Zavod,cement,PRJ_009,Astana,2026-05-30,2026-06-12,2026-06-12,13,1361,urban,40,summer,low,0.92,0,on_time
DEL_00269,SUP_002,Kazrebar Steel,rebar,PRJ_007,Almaty,2025-03-13,2025-03-17,2025-03-17,4,2210,urban,30,shoulder,low,0.78,0,on_time
DEL_00270,SUP_003,Prefab KZ,prefab_panels,PRJ_003,Karagandy,2025-08-18,2025-08-22,2025-08-19,4,2266,intercity,373,summer,low,0.65,-3,early
DEL_00271,SUP_003,Prefab KZ,prefab_panels,PRJ_004,Shymkent,2025-09-04,2025-09-20,2025-09-20,16,733,intercity,64,shoulder,medium,0.65,0,on_time
DEL_00272,SUP_001,Almaty Cement Zavod,concrete_mix,PRJ_006,Atyrau,2026-02-13,2026-03-02,2026-02-26,17,4899,intercity,144,shoulder,high,0.92,-4,early
DEL_00273,SUP_007,EcoBrick Shymkent,bricks,PRJ_008,Aktobe,2026-05-04,2026-05-18,2026-06-02,14,1838,intercity,591,shoulder,high,0.9,15,late
DEL_00274,SUP_005,Karagandy Insulate,insulation,PRJ_010,Almaty,2025-10-23,2025-11-17,2025-11-17,25,523,urban,13,shoulder,low,0.88,0,on_time
DEL_00275,SUP_009,Atyrau Pipe & Steel,pipes,PRJ_004,Shymkent,2025-01-02,2025-01-25,2025-01-25,23,663,intercity,458,winter,low,0.73,0,on_time
DEL_00276,SUP_010,Local Timber Co,timber,PRJ_008,Aktobe,2025-09-30,2025-10-04,2025-10-04,4,4870,intercity,67,shoulder,medium,0.94,0,on_time
DEL_00277,SUP_003,Prefab KZ,prefab_panels,PRJ_009,Astana,2025-09-30,2025-11-02,2025-11-08,33,2658,intercity,168,shoulder,high,0.65,6,late
DEL_00278,SUP_010,Local Timber Co,formwork,PRJ_003,Karagandy,2025-04-11,2025-05-13,2025-05-13,32,2317,urban,21,shoulder,low,0.94,0,on_time
DEL_00279,SUP_002,Kazrebar Steel,steel_beams,PRJ_007,Almaty,2025-07-21,2025-08-04,2025-08-04,14,3586,urban,27,summer,low,0.78,0,on_time
DEL_00280,SUP_002,Kazrebar Steel,steel_beams,PRJ_001,Almaty,2025-11-05,2025-11-19,2025-11-19,14,2771,intercity,420,shoulder,low,0.78,0,on_time
DEL_00281,SUP_002,Kazrebar Steel,steel_beams,PRJ_003,Karagandy,2026-01-02,2026-02-05,2026-02-05,34,4685,urban,21,winter,medium,0.78,0,on_time
DEL_00282,SUP_005,Karagandy Insulate,insulation,PRJ_008,Aktobe,2026-01-05,2026-02-18,2026-02-25,44,2252,urban,33,winter,medium,0.88,7,late
DEL_00283,SUP_007,EcoBrick Shymkent,bricks,PRJ_001,Almaty,2025-02-09,2025-03-22,2025-03-22,41,550,urban,19,shoulder,low,0.9,0,on_time
DEL_00284,SUP_009,Atyrau Pipe & Steel,rebar,PRJ_004,Shymkent,2025-05-31,2025-06-14,2025-06-14,14,1641,urban,15,summer,low,0.73,0,on_time
DEL_00285,SUP_001,Almaty Cement Zavod,concrete_mix,PRJ_001,Almaty,2025-05-03,2025-05-14,2025-05-14,11,4643,intercity,892,shoulder,medium,0.92,0,on_time
DEL_00286,SUP_010,Local Timber Co,timber,PRJ_001,Almaty,2026-02-22,2026-02-27,2026-02-27,5,3574,intercity,462,winter,medium,0.94,0,on_time
DEL_00287,SUP_009,Atyrau Pipe & Steel,pipes,PRJ_004,Shymkent,2025-02-06,2025-03-20,2025-03-20,42,3852,urban,55,shoulder,low,0.73,0,on_time
DEL_00288,SUP_002,Kazrebar Steel,rebar,PRJ_007,Almaty,2026-02-20,2026-03-26,2026-04-06,34,2076,intercity,496,shoulder,low,0.78,11,late
DEL_00289,SUP_009,Atyrau Pipe & Steel,rebar,PRJ_007,Almaty,2025-08-31,2025-09-22,2025-10-05,22,4469,urban,19,shoulder,high,0.73,13,late
DEL_00290,SUP_010,Local Timber Co,timber,PRJ_008,Aktobe,2025-06-27,2025-07-31,2025-08-10,34,1766,intercity,452,summer,medium,0.94,10,late
DEL_00291,SUP_007,EcoBrick Shymkent,cement,PRJ_006,Atyrau,2025-08-12,2025-09-04,2025-09-04,23,2895,urban,50,shoulder,medium,0.9,0,on_time
DEL_00292,SUP_009,Atyrau Pipe & Steel,rebar,PRJ_002,Aktobe,2026-05-16,2026-06-10,2026-06-10,25,2924,urban,17,summer,low,0.73,0,on_time
DEL_00293,SUP_010,Local Timber Co,timber,PRJ_004,Shymkent,2025-11-01,2025-11-20,2025-11-27,19,2566,urban,44,shoulder,medium,0.94,7,late
DEL_00294,SUP_003,Prefab KZ,prefab_panels,PRJ_003,Karagandy,2025-02-07,2025-03-09,2025-03-19,30,611,urban,26,shoulder,low,0.65,10,late
DEL_00295,SUP_006,Astana Glass Works,glass_facade,PRJ_004,Shymkent,2026-01-23,2026-02-15,2026-02-20,23,4363,urban,29,winter,high,0.81,5,late
DEL_00296,SUP_003,Prefab KZ,prefab_panels,PRJ_005,Shymkent,2026-02-21,2026-04-03,2026-04-17,41,1637,urban,54,shoulder,high,0.65,14,late
DEL_00297,SUP_004,SteelImport Turkey,glass_facade,PRJ_005,Shymkent,2026-02-03,2026-02-23,2026-03-09,20,3065,cross_border,2838,winter,medium,0.55,14,late
DEL_00298,SUP_001,Almaty Cement Zavod,concrete_mix,PRJ_001,Almaty,2025-03-04,2025-04-03,2025-04-03,30,479,urban,37,shoulder,high,0.92,0,on_time
DEL_00299,SUP_005,Karagandy Insulate,insulation,PRJ_009,Astana,2025-09-21,2025-09-29,2025-10-05,8,2349,urban,56,shoulder,low,0.88,6,late
DEL_00300,SUP_004,SteelImport Turkey,glass_facade,PRJ_003,Karagandy,2025-12-25,2026-01-13,2026-01-17,19,1229,cross_border,3377,winter,medium,0.55,4,late
DEL_00301,SUP_004,SteelImport Turkey,glass_facade,PRJ_006,Atyrau,2026-06-23,2026-07-28,2026-08-08,35,623,cross_border,1872,summer,high,0.55,11,late
DEL_00302,SUP_010,Local Timber Co,formwork,PRJ_008,Aktobe,2025-07-09,2025-07-14,2025-07-25,5,2224,intercity,646,summer,low,0.94,11,late
DEL_00303,SUP_006,Astana Glass Works,glass_facade,PRJ_001,Almaty,2025-03-10,2025-04-11,2025-04-11,32,4633,intercity,128,shoulder,high,0.81,0,on_time
DEL_00304,SUP_007,EcoBrick Shymkent,bricks,PRJ_008,Aktobe,2025-11-16,2025-12-24,2025-12-24,38,2785,intercity,90,winter,low,0.9,0,on_time
DEL_00305,SUP_008,China Modular Import,modular_units,PRJ_005,Shymkent,2025-08-15,2025-08-18,2025-08-29,3,476,cross_border,2054,summer,medium,0.48,11,late
DEL_00306,SUP_005,Karagandy Insulate,insulation,PRJ_009,Astana,2026-01-20,2026-02-24,2026-02-24,35,4860,urban,20,winter,high,0.88,0,on_time
DEL_00307,SUP_003,Prefab KZ,prefab_panels,PRJ_004,Shymkent,2025-11-24,2025-12-09,2025-12-09,15,225,urban,9,winter,low,0.65,0,on_time
DEL_00308,SUP_010,Local Timber Co,formwork,PRJ_004,Shymkent,2026-02-13,2026-02-24,2026-02-24,11,2805,intercity,792,winter,medium,0.94,0,on_time
DEL_00309,SUP_005,Karagandy Insulate,insulation,PRJ_003,Karagandy,2025-11-20,2025-12-19,2025-12-29,29,1767,intercity,754,winter,medium,0.88,10,late
DEL_00310,SUP_002,Kazrebar Steel,rebar,PRJ_003,Karagandy,2025-04-05,2025-04-12,2025-04-13,7,2022,intercity,576,shoulder,low,0.78,1,late
DEL_00311,SUP_008,China Modular Import,prefab_panels,PRJ_003,Karagandy,2025-05-22,2025-06-10,2025-06-16,19,2495,cross_border,1573,summer,low,0.48,6,late
DEL_00312,SUP_009,Atyrau Pipe & Steel,pipes,PRJ_002,Aktobe,2025-07-23,2025-08-08,2025-08-08,16,4163,urban,50,summer,medium,0.73,0,on_time
DEL_00313,SUP_004,SteelImport Turkey,glass_facade,PRJ_006,Atyrau,2025-12-19,2025-12-24,2025-12-26,5,49,cross_border,3380,winter,high,0.55,2,late
DEL_00314,SUP_008,China Modular Import,prefab_panels,PRJ_001,Almaty,2026-06-19,2026-07-28,2026-07-27,39,2724,cross_border,1078,summer,low,0.48,-1,early
DEL_00315,SUP_009,Atyrau Pipe & Steel,pipes,PRJ_003,Karagandy,2025-09-11,2025-10-07,2025-10-07,26,2449,intercity,728,shoulder,medium,0.73,0,on_time
DEL_00316,SUP_005,Karagandy Insulate,insulation,PRJ_002,Aktobe,2025-11-05,2025-12-12,2025-12-12,37,4432,urban,20,winter,high,0.88,0,on_time
DEL_00317,SUP_008,China Modular Import,prefab_panels,PRJ_009,Astana,2025-08-15,2025-08-20,2025-08-30,5,1534,cross_border,2729,summer,low,0.48,10,late
DEL_00318,SUP_008,China Modular Import,prefab_panels,PRJ_009,Astana,2025-07-17,2025-07-21,2025-07-28,4,3472,cross_border,4026,summer,medium,0.48,7,late
DEL_00319,SUP_010,Local Timber Co,formwork,PRJ_001,Almaty,2025-05-09,2025-05-30,2025-05-30,21,1355,urban,13,shoulder,medium,0.94,0,on_time
DEL_00320,SUP_001,Almaty Cement Zavod,cement,PRJ_008,Aktobe,2025-02-27,2025-03-05,2025-03-05,6,1802,intercity,695,shoulder,low,0.92,0,on_time
DEL_00321,SUP_002,Kazrebar Steel,steel_beams,PRJ_010,Almaty,2025-05-20,2025-06-08,2025-06-08,19,3461,urban,15,summer,medium,0.78,0,on_time
DEL_00322,SUP_008,China Modular Import,prefab_panels,PRJ_009,Astana,2025-07-30,2025-09-04,2025-09-12,36,2675,cross_border,2748,shoulder,low,0.48,8,late
DEL_00323,SUP_010,Local Timber Co,formwork,PRJ_007,Almaty,2026-05-06,2026-06-18,2026-06-18,43,2440,intercity,511,summer,low,0.94,0,on_time
DEL_00324,SUP_010,Local Timber Co,formwork,PRJ_002,Aktobe,2025-02-06,2025-03-16,2025-03-18,38,4502,urban,56,shoulder,medium,0.94,2,late
DEL_00325,SUP_010,Local Timber Co,formwork,PRJ_002,Aktobe,2025-02-07,2025-02-12,2025-02-12,5,4397,intercity,280,winter,high,0.94,0,on_time
DEL_00326,SUP_006,Astana Glass Works,glass_facade,PRJ_005,Shymkent,2025-06-24,2025-08-04,2025-08-04,41,3360,intercity,109,summer,medium,0.81,0,on_time
DEL_00327,SUP_008,China Modular Import,prefab_panels,PRJ_010,Almaty,2025-09-27,2025-10-06,2025-10-14,9,299,cross_border,3357,shoulder,low,0.48,8,late
DEL_00328,SUP_001,Almaty Cement Zavod,cement,PRJ_005,Shymkent,2026-04-05,2026-05-02,2026-05-02,27,3603,intercity,612,shoulder,medium,0.92,0,on_time
DEL_00329,SUP_008,China Modular Import,modular_units,PRJ_010,Almaty,2025-10-18,2025-10-22,2025-11-05,4,4366,cross_border,1174,shoulder,low,0.48,14,late
DEL_00330,SUP_006,Astana Glass Works,glass_facade,PRJ_007,Almaty,2025-06-28,2025-07-04,2025-07-04,6,3672,intercity,246,summer,medium,0.81,0,on_time
DEL_00331,SUP_010,Local Timber Co,formwork,PRJ_003,Karagandy,2025-07-02,2025-08-04,2025-08-04,33,1658,intercity,90,summer,medium,0.94,0,on_time
DEL_00332,SUP_001,Almaty Cement Zavod,concrete_mix,PRJ_002,Aktobe,2025-07-22,2025-08-02,2025-08-08,11,1137,urban,55,summer,low,0.92,6,late
DEL_00333,SUP_004,SteelImport Turkey,steel_beams,PRJ_009,Astana,2026-04-07,2026-04-26,2026-05-08,19,4507,cross_border,3765,shoulder,low,0.55,12,late
DEL_00334,SUP_010,Local Timber Co,timber,PRJ_005,Shymkent,2025-04-14,2025-04-19,2025-04-26,5,3736,intercity,802,shoulder,medium,0.94,7,late
DEL_00335,SUP_009,Atyrau Pipe & Steel,pipes,PRJ_005,Shymkent,2025-04-17,2025-04-21,2025-05-01,4,2998,intercity,858,shoulder,low,0.73,10,late
DEL_00336,SUP_010,Local Timber Co,formwork,PRJ_010,Almaty,2025-01-31,2025-02-25,2025-03-02,25,3513,intercity,448,winter,low,0.94,5,late
DEL_00337,SUP_003,Prefab KZ,prefab_panels,PRJ_004,Shymkent,2026-03-28,2026-04-15,2026-04-20,18,2820,urban,13,shoulder,low,0.65,5,late
DEL_00338,SUP_009,Atyrau Pipe & Steel,rebar,PRJ_008,Aktobe,2025-12-05,2025-12-20,2025-12-20,15,1282,urban,55,winter,high,0.73,0,on_time
DEL_00339,SUP_007,EcoBrick Shymkent,cement,PRJ_007,Almaty,2025-11-29,2025-12-28,2025-12-28,29,4790,intercity,73,winter,medium,0.9,0,on_time
DEL_00340,SUP_002,Kazrebar Steel,rebar,PRJ_004,Shymkent,2025-01-07,2025-02-12,2025-02-14,36,2642,intercity,60,winter,medium,0.78,2,late
DEL_00341,SUP_009,Atyrau Pipe & Steel,rebar,PRJ_001,Almaty,2026-06-08,2026-06-29,2026-06-29,21,554,urban,14,summer,medium,0.73,0,on_time
DEL_00342,SUP_007,EcoBrick Shymkent,cement,PRJ_010,Almaty,2025-06-25,2025-07-09,2025-07-12,14,4081,intercity,81,summer,low,0.9,3,late
DEL_00343,SUP_007,EcoBrick Shymkent,cement,PRJ_007,Almaty,2025-03-04,2025-04-07,2025-04-12,34,2298,intercity,567,shoulder,low,0.9,5,late
DEL_00344,SUP_007,EcoBrick Shymkent,bricks,PRJ_010,Almaty,2025-07-23,2025-07-26,2025-07-26,3,4135,intercity,690,summer,medium,0.9,0,on_time
DEL_00345,SUP_003,Prefab KZ,prefab_panels,PRJ_007,Almaty,2026-03-09,2026-04-17,2026-04-18,39,3613,urban,12,shoulder,medium,0.65,1,late
DEL_00346,SUP_002,Kazrebar Steel,rebar,PRJ_001,Almaty,2025-11-22,2025-12-13,2025-12-13,21,2260,urban,16,winter,medium,0.78,0,on_time
DEL_00347,SUP_007,EcoBrick Shymkent,cement,PRJ_008,Aktobe,2025-12-19,2026-01-27,2026-01-27,39,4684,urban,11,winter,low,0.9,0,on_time
DEL_00348,SUP_010,Local Timber Co,formwork,PRJ_010,Almaty,2025-08-24,2025-09-13,2025-09-22,20,2315,intercity,443,shoulder,low,0.94,9,late
DEL_00349,SUP_007,EcoBrick Shymkent,cement,PRJ_003,Karagandy,2026-03-01,2026-03-31,2026-03-31,30,4098,urban,21,shoulder,low,0.9,0,on_time
DEL_00350,SUP_001,Almaty Cement Zavod,cement,PRJ_002,Aktobe,2025-09-24,2025-10-09,2025-10-09,15,4547,intercity,528,shoulder,high,0.92,0,on_time
DEL_00351,SUP_010,Local Timber Co,timber,PRJ_003,Karagandy,2025-11-12,2025-12-24,2026-01-01,42,3350,intercity,414,winter,medium,0.94,8,late
DEL_00352,SUP_003,Prefab KZ,prefab_panels,PRJ_010,Almaty,2025-02-14,2025-03-13,2025-03-17,27,2327,intercity,516,shoulder,medium,0.65,4,late
DEL_00353,SUP_007,EcoBrick Shymkent,bricks,PRJ_003,Karagandy,2026-03-21,2026-04-08,2026-04-08,18,1331,intercity,753,shoulder,medium,0.9,0,on_time
DEL_00354,SUP_003,Prefab KZ,prefab_panels,PRJ_009,Astana,2026-04-22,2026-05-09,2026-05-09,17,894,intercity,64,shoulder,medium,0.65,0,on_time
DEL_00355,SUP_005,Karagandy Insulate,insulation,PRJ_003,Karagandy,2026-03-16,2026-04-04,2026-04-04,19,2691,intercity,825,shoulder,low,0.88,0,on_time
DEL_00356,SUP_002,Kazrebar Steel,steel_beams,PRJ_003,Karagandy,2025-06-20,2025-07-28,2025-07-28,38,1237,urban,55,summer,low,0.78,0,on_time
DEL_00357,SUP_004,SteelImport Turkey,glass_facade,PRJ_007,Almaty,2025-02-07,2025-03-13,2025-03-18,34,1999,cross_border,2528,shoulder,medium,0.55,5,late
DEL_00358,SUP_005,Karagandy Insulate,insulation,PRJ_005,Shymkent,2025-06-17,2025-07-14,2025-07-14,27,4090,intercity,456,summer,medium,0.88,0,on_time
DEL_00359,SUP_007,EcoBrick Shymkent,cement,PRJ_006,Atyrau,2026-04-06,2026-04-20,2026-04-30,14,3360,intercity,618,shoulder,medium,0.9,10,late
DEL_00360,SUP_002,Kazrebar Steel,rebar,PRJ_005,Shymkent,2025-10-04,2025-10-13,2025-10-13,9,903,urban,57,shoulder,high,0.78,0,on_time
DEL_00361,SUP_002,Kazrebar Steel,steel_beams,PRJ_009,Astana,2025-10-21,2025-10-25,2025-11-03,4,3655,urban,56,shoulder,medium,0.78,9,late
DEL_00362,SUP_009,Atyrau Pipe & Steel,pipes,PRJ_008,Aktobe,2025-01-12,2025-02-03,2025-02-03,22,860,intercity,253,winter,medium,0.73,0,on_time
DEL_00363,SUP_001,Almaty Cement Zavod,cement,PRJ_004,Shymkent,2025-05-15,2025-06-21,2025-06-21,37,2026,intercity,867,summer,medium,0.92,0,on_time
DEL_00364,SUP_001,Almaty Cement Zavod,cement,PRJ_006,Atyrau,2025-10-07,2025-10-31,2025-10-31,24,2057,intercity,358,shoulder,low,0.92,0,on_time
DEL_00365,SUP_009,Atyrau Pipe & Steel,pipes,PRJ_004,Shymkent,2025-03-15,2025-03-24,2025-03-24,9,179,intercity,815,shoulder,low,0.73,0,on_time
DEL_00366,SUP_004,SteelImport Turkey,glass_facade,PRJ_003,Karagandy,2025-11-17,2025-12-09,2025-12-19,22,4949,cross_border,1011,winter,high,0.55,10,late
DEL_00367,SUP_001,Almaty Cement Zavod,cement,PRJ_009,Astana,2025-10-16,2025-10-26,2025-10-26,10,3915,intercity,362,shoulder,low,0.92,0,on_time
DEL_00368,SUP_008,China Modular Import,prefab_panels,PRJ_010,Almaty,2025-01-18,2025-03-01,2025-03-10,42,4411,cross_border,3478,shoulder,medium,0.48,9,late
DEL_00369,SUP_005,Karagandy Insulate,insulation,PRJ_008,Aktobe,2026-05-05,2026-06-13,2026-06-13,39,2630,intercity,626,summer,medium,0.88,0,on_time
DEL_00370,SUP_007,EcoBrick Shymkent,bricks,PRJ_006,Atyrau,2025-06-20,2025-06-24,2025-06-24,4,4083,intercity,484,summer,medium,0.9,0,on_time
DEL_00371,SUP_010,Local Timber Co,timber,PRJ_002,Aktobe,2025-06-11,2025-07-17,2025-07-17,36,3772,intercity,101,summer,low,0.94,0,on_time
DEL_00372,SUP_006,Astana Glass Works,glass_facade,PRJ_006,Atyrau,2025-02-24,2025-03-09,2025-03-09,13,525,urban,31,shoulder,medium,0.81,0,on_time
DEL_00373,SUP_004,SteelImport Turkey,steel_beams,PRJ_008,Aktobe,2026-01-09,2026-01-22,2026-02-01,13,4180,cross_border,2794,winter,high,0.55,10,late
DEL_00374,SUP_008,China Modular Import,prefab_panels,PRJ_005,Shymkent,2026-02-04,2026-02-16,2026-03-01,12,1772,cross_border,3932,winter,medium,0.48,13,late
DEL_00375,SUP_006,Astana Glass Works,glass_facade,PRJ_007,Almaty,2026-02-11,2026-03-18,2026-03-19,35,1394,intercity,473,shoulder,medium,0.81,1,late
DEL_00376,SUP_003,Prefab KZ,prefab_panels,PRJ_007,Almaty,2025-06-27,2025-07-24,2025-07-24,27,1047,urban,45,summer,low,0.65,0,on_time
DEL_00377,SUP_007,EcoBrick Shymkent,bricks,PRJ_001,Almaty,2025-08-28,2025-09-01,2025-09-01,4,2987,intercity,297,shoulder,low,0.9,0,on_time
DEL_00378,SUP_008,China Modular Import,prefab_panels,PRJ_007,Almaty,2026-01-02,2026-01-30,2026-02-01,28,2331,cross_border,4336,winter,high,0.48,2,late
DEL_00379,SUP_003,Prefab KZ,prefab_panels,PRJ_003,Karagandy,2026-03-25,2026-05-01,2026-05-01,37,2261,intercity,246,shoulder,low,0.65,0,on_time
DEL_00380,SUP_008,China Modular Import,modular_units,PRJ_004,Shymkent,2025-12-14,2026-01-26,2026-01-25,43,3936,cross_border,1800,winter,medium,0.48,-1,early
DEL_00381,SUP_004,SteelImport Turkey,steel_beams,PRJ_006,Atyrau,2025-08-25,2025-09-28,2025-10-07,34,330,cross_border,1574,shoulder,medium,0.55,9,late
DEL_00382,SUP_001,Almaty Cement Zavod,concrete_mix,PRJ_008,Aktobe,2025-07-23,2025-08-21,2025-08-21,29,1375,intercity,321,summer,low,0.92,0,on_time
DEL_00383,SUP_010,Local Timber Co,timber,PRJ_007,Almaty,2026-06-01,2026-06-22,2026-06-22,21,2077,intercity,444,summer,medium,0.94,0,on_time
DEL_00384,SUP_006,Astana Glass Works,glass_facade,PRJ_002,Aktobe,2025-08-13,2025-09-02,2025-09-11,20,3753,urban,51,shoulder,high,0.81,9,late
DEL_00385,SUP_007,EcoBrick Shymkent,cement,PRJ_005,Shymkent,2025-01-10,2025-01-13,2025-01-16,3,1658,urban,55,winter,medium,0.9,3,late
DEL_00386,SUP_006,Astana Glass Works,glass_facade,PRJ_006,Atyrau,2025-01-01,2025-01-09,2025-01-09,8,1661,urban,13,winter,medium,0.81,0,on_time
DEL_00387,SUP_003,Prefab KZ,prefab_panels,PRJ_005,Shymkent,2025-01-14,2025-02-06,2025-02-06,23,2852,urban,56,winter,low,0.65,0,on_time
DEL_00388,SUP_007,EcoBrick Shymkent,cement,PRJ_007,Almaty,2025-10-21,2025-12-04,2025-12-04,44,1028,urban,26,winter,medium,0.9,0,on_time
DEL_00389,SUP_002,Kazrebar Steel,rebar,PRJ_005,Shymkent,2026-05-18,2026-06-02,2026-06-02,15,2968,intercity,465,summer,medium,0.78,0,on_time
DEL_00390,SUP_001,Almaty Cement Zavod,cement,PRJ_010,Almaty,2025-08-01,2025-08-27,2025-08-27,26,2671,intercity,185,summer,medium,0.92,0,on_time
DEL_00391,SUP_004,SteelImport Turkey,steel_beams,PRJ_009,Astana,2025-05-12,2025-05-25,2025-05-25,13,2777,cross_border,927,shoulder,medium,0.55,0,on_time
DEL_00392,SUP_001,Almaty Cement Zavod,concrete_mix,PRJ_002,Aktobe,2025-03-07,2025-04-07,2025-04-07,31,3423,urban,14,shoulder,medium,0.92,0,on_time
DEL_00393,SUP_004,SteelImport Turkey,glass_facade,PRJ_006,Atyrau,2025-11-17,2025-12-14,2025-12-29,27,2364,cross_border,2883,winter,high,0.55,15,late
DEL_00394,SUP_008,China Modular Import,prefab_panels,PRJ_008,Aktobe,2025-02-16,2025-03-29,2025-04-01,41,4076,cross_border,841,shoulder,high,0.48,3,late
DEL_00395,SUP_010,Local Timber Co,timber,PRJ_007,Almaty,2025-06-03,2025-07-07,2025-07-07,34,4650,urban,28,summer,high,0.94,0,on_time
DEL_00396,SUP_002,Kazrebar Steel,rebar,PRJ_008,Aktobe,2025-04-12,2025-04-21,2025-04-19,9,1632,intercity,495,shoulder,low,0.78,-2,early
DEL_00397,SUP_003,Prefab KZ,prefab_panels,PRJ_007,Almaty,2026-05-09,2026-05-18,2026-05-31,9,2719,intercity,825,shoulder,medium,0.65,13,late
DEL_00398,SUP_004,SteelImport Turkey,steel_beams,PRJ_009,Astana,2025-06-03,2025-06-12,2025-06-16,9,649,cross_border,1478,summer,low,0.55,4,late
DEL_00399,SUP_003,Prefab KZ,prefab_panels,PRJ_010,Almaty,2026-05-20,2026-06-13,2026-06-13,24,3552,intercity,609,summer,medium,0.65,0,on_time
DEL_00400,SUP_002,Kazrebar Steel,steel_beams,PRJ_009,Astana,2025-05-31,2025-07-04,2025-07-15,34,2748,intercity,221,summer,low,0.78,11,late
DEL_00401,SUP_010,Local Timber Co,timber,PRJ_003,Karagandy,2025-11-26,2025-12-24,2025-12-24,28,258,intercity,177,winter,medium,0.94,0,on_time
DEL_00402,SUP_005,Karagandy Insulate,insulation,PRJ_009,Astana,2025-12-20,2025-12-28,2026-01-05,8,1231,intercity,692,winter,high,0.88,8,late
DEL_00403,SUP_003,Prefab KZ,prefab_panels,PRJ_008,Aktobe,2025-02-07,2025-02-13,2025-02-15,6,1297,intercity,555,winter,low,0.65,2,late
DEL_00404,SUP_003,Prefab KZ,prefab_panels,PRJ_004,Shymkent,2026-04-26,2026-05-19,2026-05-19,23,1251,intercity,503,shoulder,medium,0.65,0,on_time
DEL_00405,SUP_001,Almaty Cement Zavod,concrete_mix,PRJ_004,Shymkent,2025-08-24,2025-09-05,2025-09-05,12,2376,urban,24,shoulder,medium,0.92,0,on_time
DEL_00406,SUP_005,Karagandy Insulate,insulation,PRJ_002,Aktobe,2025-07-30,2025-08-13,2025-08-18,14,1868,intercity,566,summer,medium,0.88,5,late
DEL_00407,SUP_003,Prefab KZ,prefab_panels,PRJ_004,Shymkent,2025-05-05,2025-05-14,2025-05-21,9,3181,intercity,662,shoulder,low,0.65,7,late
DEL_00408,SUP_009,Atyrau Pipe & Steel,rebar,PRJ_003,Karagandy,2026-05-15,2026-06-15,2026-06-21,31,3216,intercity,386,summer,high,0.73,6,late
DEL_00409,SUP_007,EcoBrick Shymkent,cement,PRJ_008,Aktobe,2025-05-15,2025-05-26,2025-05-26,11,4326,urban,53,shoulder,medium,0.9,0,on_time
DEL_00410,SUP_005,Karagandy Insulate,insulation,PRJ_005,Shymkent,2025-11-30,2025-12-11,2025-12-11,11,702,urban,13,winter,medium,0.88,0,on_time
DEL_00411,SUP_003,Prefab KZ,prefab_panels,PRJ_002,Aktobe,2026-04-22,2026-05-08,2026-05-08,16,338,intercity,827,shoulder,low,0.65,0,on_time
DEL_00412,SUP_005,Karagandy Insulate,insulation,PRJ_004,Shymkent,2025-01-09,2025-02-03,2025-02-03,25,3292,intercity,512,winter,high,0.88,0,on_time
DEL_00413,SUP_004,SteelImport Turkey,steel_beams,PRJ_007,Almaty,2025-02-17,2025-03-17,2025-03-21,28,1519,cross_border,1683,shoulder,low,0.55,4,late
DEL_00414,SUP_008,China Modular Import,modular_units,PRJ_008,Aktobe,2025-10-19,2025-11-04,2025-11-04,16,2273,cross_border,2518,shoulder,medium,0.48,0,on_time
DEL_00415,SUP_004,SteelImport Turkey,glass_facade,PRJ_002,Aktobe,2026-05-10,2026-05-20,2026-05-24,10,426,cross_border,4368,shoulder,low,0.55,4,late
DEL_00416,SUP_004,SteelImport Turkey,steel_beams,PRJ_007,Almaty,2025-05-20,2025-05-29,2025-05-29,9,3533,cross_border,4326,shoulder,low,0.55,0,on_time
DEL_00417,SUP_008,China Modular Import,prefab_panels,PRJ_007,Almaty,2025-02-02,2025-03-05,2025-03-05,31,3235,cross_border,3428,shoulder,low,0.48,0,on_time
DEL_00418,SUP_003,Prefab KZ,prefab_panels,PRJ_004,Shymkent,2026-01-03,2026-01-16,2026-01-22,13,3814,intercity,611,winter,medium,0.65,6,late
DEL_00419,SUP_007,EcoBrick Shymkent,cement,PRJ_003,Karagandy,2026-06-23,2026-07-07,2026-07-07,14,1662,urban,55,summer,low,0.9,0,on_time
DEL_00420,SUP_007,EcoBrick Shymkent,bricks,PRJ_003,Karagandy,2025-10-20,2025-11-02,2025-11-02,13,2703,intercity,675,shoulder,low,0.9,0,on_time
DEL_00421,SUP_001,Almaty Cement Zavod,concrete_mix,PRJ_001,Almaty,2025-05-29,2025-07-01,2025-07-01,33,293,intercity,768,summer,medium,0.92,0,on_time
DEL_00422,SUP_001,Almaty Cement Zavod,cement,PRJ_006,Atyrau,2025-04-04,2025-04-26,2025-04-26,22,346,urban,59,shoulder,medium,0.92,0,on_time
DEL_00423,SUP_008,China Modular Import,prefab_panels,PRJ_009,Astana,2025-06-09,2025-06-19,2025-06-28,10,1985,cross_border,1410,summer,low,0.48,9,late
DEL_00424,SUP_002,Kazrebar Steel,rebar,PRJ_004,Shymkent,2025-01-25,2025-01-30,2025-01-30,5,1567,urban,48,winter,high,0.78,0,on_time
DEL_00425,SUP_010,Local Timber Co,timber,PRJ_001,Almaty,2026-01-22,2026-01-28,2026-02-06,6,3024,intercity,254,winter,low,0.94,9,late
DEL_00426,SUP_003,Prefab KZ,prefab_panels,PRJ_010,Almaty,2025-12-22,2026-01-22,2026-01-22,31,3393,intercity,887,winter,low,0.65,0,on_time
DEL_00427,SUP_008,China Modular Import,prefab_panels,PRJ_007,Almaty,2025-01-03,2025-01-07,2025-01-20,4,877,cross_border,4266,winter,medium,0.48,13,late
DEL_00428,SUP_001,Almaty Cement Zavod,cement,PRJ_010,Almaty,2025-02-13,2025-03-27,2025-04-03,42,144,intercity,181,shoulder,low,0.92,7,late
DEL_00429,SUP_003,Prefab KZ,prefab_panels,PRJ_006,Atyrau,2025-09-20,2025-10-22,2025-10-29,32,2848,intercity,385,shoulder,low,0.65,7,late
DEL_00430,SUP_010,Local Timber Co,formwork,PRJ_008,Aktobe,2025-06-17,2025-07-28,2025-07-24,41,1175,intercity,605,summer,low,0.94,-4,early
DEL_00431,SUP_001,Almaty Cement Zavod,cement,PRJ_002,Aktobe,2026-06-14,2026-06-21,2026-07-01,7,4263,urban,14,summer,medium,0.92,10,late
DEL_00432,SUP_008,China Modular Import,prefab_panels,PRJ_004,Shymkent,2025-11-26,2025-11-29,2025-12-04,3,178,cross_border,1077,shoulder,low,0.48,5,late
DEL_00433,SUP_008,China Modular Import,prefab_panels,PRJ_007,Almaty,2025-04-12,2025-04-20,2025-04-30,8,1737,cross_border,4430,shoulder,low,0.48,10,late
DEL_00434,SUP_005,Karagandy Insulate,insulation,PRJ_002,Aktobe,2025-08-26,2025-09-07,2025-09-12,12,4771,intercity,367,shoulder,low,0.88,5,late
DEL_00435,SUP_003,Prefab KZ,prefab_panels,PRJ_003,Karagandy,2025-05-12,2025-05-29,2025-06-07,17,668,urban,41,shoulder,high,0.65,9,late
DEL_00436,SUP_002,Kazrebar Steel,steel_beams,PRJ_006,Atyrau,2025-06-10,2025-06-27,2025-06-27,17,2368,intercity,798,summer,high,0.78,0,on_time
DEL_00437,SUP_005,Karagandy Insulate,insulation,PRJ_003,Karagandy,2026-05-28,2026-06-20,2026-06-20,23,516,urban,20,summer,low,0.88,0,on_time
DEL_00438,SUP_002,Kazrebar Steel,rebar,PRJ_001,Almaty,2025-02-12,2025-02-21,2025-02-27,9,952,urban,43,winter,medium,0.78,6,late
DEL_00439,SUP_010,Local Timber Co,formwork,PRJ_004,Shymkent,2026-05-29,2026-06-14,2026-06-14,16,2847,intercity,322,summer,medium,0.94,0,on_time
DEL_00440,SUP_008,China Modular Import,modular_units,PRJ_009,Astana,2025-04-07,2025-04-30,2025-05-05,23,2377,cross_border,1325,shoulder,low,0.48,5,late
DEL_00441,SUP_001,Almaty Cement Zavod,cement,PRJ_003,Karagandy,2025-02-25,2025-03-03,2025-03-10,6,671,urban,51,shoulder,low,0.92,7,late
DEL_00442,SUP_005,Karagandy Insulate,insulation,PRJ_005,Shymkent,2025-07-10,2025-08-08,2025-08-08,29,1856,intercity,518,summer,low,0.88,0,on_time
DEL_00443,SUP_008,China Modular Import,modular_units,PRJ_005,Shymkent,2026-04-11,2026-05-04,2026-05-18,23,4354,cross_border,1301,shoulder,low,0.48,14,late
DEL_00444,SUP_010,Local Timber Co,timber,PRJ_008,Aktobe,2025-07-01,2025-07-05,2025-07-05,4,3002,urban,16,summer,low,0.94,0,on_time
DEL_00445,SUP_009,Atyrau Pipe & Steel,pipes,PRJ_006,Atyrau,2025-10-22,2025-11-27,2025-11-29,36,436,urban,38,shoulder,medium,0.73,2,late
DEL_00446,SUP_008,China Modular Import,prefab_panels,PRJ_004,Shymkent,2025-01-07,2025-02-19,2025-02-23,43,4235,cross_border,3418,winter,high,0.48,4,late
DEL_00447,SUP_010,Local Timber Co,timber,PRJ_001,Almaty,2026-04-04,2026-05-14,2026-05-13,40,1220,urban,32,shoulder,low,0.94,-1,early
DEL_00448,SUP_005,Karagandy Insulate,insulation,PRJ_004,Shymkent,2025-04-12,2025-04-29,2025-04-29,17,1468,intercity,801,shoulder,medium,0.88,0,on_time
DEL_00449,SUP_008,China Modular Import,modular_units,PRJ_004,Shymkent,2025-03-27,2025-04-07,2025-04-10,11,2952,cross_border,2661,shoulder,medium,0.48,3,late
DEL_00450,SUP_009,Atyrau Pipe & Steel,pipes,PRJ_004,Shymkent,2025-08-01,2025-09-10,2025-09-10,40,1504,urban,6,shoulder,low,0.73,0,on_time
DEL_00451,SUP_004,SteelImport Turkey,glass_facade,PRJ_006,Atyrau,2026-05-20,2026-06-12,2026-06-22,23,1382,cross_border,1444,summer,low,0.55,10,late
DEL_00452,SUP_006,Astana Glass Works,glass_facade,PRJ_009,Astana,2025-11-19,2025-11-27,2025-12-02,8,2210,urban,22,shoulder,medium,0.81,5,late
DEL_00453,SUP_001,Almaty Cement Zavod,concrete_mix,PRJ_006,Atyrau,2025-01-20,2025-02-28,2025-02-25,39,4577,urban,52,winter,medium,0.92,-3,early
DEL_00454,SUP_006,Astana Glass Works,glass_facade,PRJ_005,Shymkent,2025-06-10,2025-07-23,2025-08-04,43,2814,urban,12,summer,medium,0.81,12,late
DEL_00455,SUP_007,EcoBrick Shymkent,cement,PRJ_006,Atyrau,2026-05-22,2026-07-03,2026-07-03,42,700,intercity,285,summer,medium,0.9,0,on_time
DEL_00456,SUP_007,EcoBrick Shymkent,bricks,PRJ_003,Karagandy,2026-02-04,2026-03-15,2026-03-15,39,4258,urban,55,shoulder,medium,0.9,0,on_time
DEL_00457,SUP_001,Almaty Cement Zavod,concrete_mix,PRJ_009,Astana,2025-08-26,2025-09-19,2025-09-30,24,4378,intercity,797,shoulder,medium,0.92,11,late
DEL_00458,SUP_006,Astana Glass Works,glass_facade,PRJ_008,Aktobe,2025-02-24,2025-04-01,2025-04-01,36,3090,urban,41,shoulder,low,0.81,0,on_time
DEL_00459,SUP_003,Prefab KZ,prefab_panels,PRJ_005,Shymkent,2025-12-01,2025-12-06,2025-12-11,5,3298,urban,48,winter,high,0.65,5,late
DEL_00460,SUP_002,Kazrebar Steel,rebar,PRJ_004,Shymkent,2025-03-25,2025-04-11,2025-04-11,17,3639,urban,34,shoulder,high,0.78,0,on_time
DEL_00461,SUP_006,Astana Glass Works,glass_facade,PRJ_002,Aktobe,2025-10-29,2025-12-08,2025-12-14,40,1618,urban,59,winter,medium,0.81,6,late
DEL_00462,SUP_005,Karagandy Insulate,insulation,PRJ_001,Almaty,2025-11-18,2025-12-16,2025-12-16,28,211,urban,46,winter,medium,0.88,0,on_time
DEL_00463,SUP_002,Kazrebar Steel,rebar,PRJ_001,Almaty,2026-01-02,2026-02-03,2026-02-13,32,14,urban,46,winter,high,0.78,10,late
DEL_00464,SUP_001,Almaty Cement Zavod,cement,PRJ_002,Aktobe,2026-06-20,2026-07-19,2026-07-19,29,1294,intercity,227,summer,low,0.92,0,on_time
DEL_00465,SUP_005,Karagandy Insulate,insulation,PRJ_005,Shymkent,2026-03-03,2026-03-20,2026-03-20,17,1952,urban,5,shoulder,medium,0.88,0,on_time
DEL_00466,SUP_004,SteelImport Turkey,steel_beams,PRJ_004,Shymkent,2026-03-05,2026-04-17,2026-04-24,43,1881,cross_border,2662,shoulder,medium,0.55,7,late
DEL_00467,SUP_006,Astana Glass Works,glass_facade,PRJ_007,Almaty,2025-08-22,2025-09-27,2025-09-27,36,1706,intercity,205,shoulder,medium,0.81,0,on_time
DEL_00468,SUP_008,China Modular Import,prefab_panels,PRJ_009,Astana,2026-05-04,2026-05-30,2026-06-11,26,3957,cross_border,1536,shoulder,medium,0.48,12,late
DEL_00469,SUP_003,Prefab KZ,prefab_panels,PRJ_007,Almaty,2025-09-27,2025-10-12,2025-10-19,15,4083,urban,37,shoulder,medium,0.65,7,late
DEL_00470,SUP_003,Prefab KZ,prefab_panels,PRJ_008,Aktobe,2026-02-08,2026-03-14,2026-03-12,34,3059,urban,27,shoulder,medium,0.65,-2,early
DEL_00471,SUP_007,EcoBrick Shymkent,cement,PRJ_008,Aktobe,2025-01-17,2025-02-12,2025-02-12,26,3410,intercity,740,winter,medium,0.9,0,on_time
DEL_00472,SUP_007,EcoBrick Shymkent,cement,PRJ_002,Aktobe,2026-06-18,2026-07-01,2026-07-02,13,2721,intercity,809,summer,medium,0.9,1,late
DEL_00473,SUP_009,Atyrau Pipe & Steel,pipes,PRJ_006,Atyrau,2025-10-09,2025-11-06,2025-11-06,28,3398,urban,52,shoulder,medium,0.73,0,on_time
DEL_00474,SUP_002,Kazrebar Steel,steel_beams,PRJ_002,Aktobe,2025-07-24,2025-08-31,2025-09-01,38,3142,intercity,100,summer,low,0.78,1,late
DEL_00475,SUP_008,China Modular Import,prefab_panels,PRJ_008,Aktobe,2025-11-25,2025-12-07,2025-12-10,12,3665,cross_border,3804,winter,medium,0.48,3,late
DEL_00476,SUP_006,Astana Glass Works,glass_facade,PRJ_006,Atyrau,2026-04-24,2026-05-15,2026-05-15,21,814,urban,17,shoulder,low,0.81,0,on_time
DEL_00477,SUP_002,Kazrebar Steel,rebar,PRJ_009,Astana,2025-09-06,2025-10-15,2025-10-15,39,2600,intercity,348,shoulder,low,0.78,0,on_time
DEL_00478,SUP_010,Local Timber Co,timber,PRJ_006,Atyrau,2026-05-15,2026-06-08,2026-06-08,24,4442,intercity,498,summer,medium,0.94,0,on_time
DEL_00479,SUP_002,Kazrebar Steel,rebar,PRJ_010,Almaty,2025-06-23,2025-07-30,2025-07-30,37,4187,intercity,465,summer,low,0.78,0,on_time
DEL_00480,SUP_010,Local Timber Co,timber,PRJ_003,Karagandy,2025-06-15,2025-07-25,2025-07-25,40,3644,urban,29,summer,medium,0.94,0,on_time
DEL_00481,SUP_008,China Modular Import,prefab_panels,PRJ_001,Almaty,2025-01-25,2025-03-01,2025-03-01,35,2014,cross_border,3117,shoulder,medium,0.48,0,on_time
DEL_00482,SUP_009,Atyrau Pipe & Steel,pipes,PRJ_010,Almaty,2025-07-30,2025-08-06,2025-08-09,7,4031,intercity,386,summer,medium,0.73,3,late
DEL_00483,SUP_005,Karagandy Insulate,insulation,PRJ_001,Almaty,2025-05-22,2025-05-26,2025-06-10,4,3409,intercity,790,shoulder,high,0.88,15,late
DEL_00484,SUP_003,Prefab KZ,prefab_panels,PRJ_003,Karagandy,2025-03-12,2025-03-15,2025-03-18,3,1239,urban,32,shoulder,low,0.65,3,late
DEL_00485,SUP_007,EcoBrick Shymkent,bricks,PRJ_003,Karagandy,2025-05-02,2025-05-19,2025-05-19,17,2877,urban,41,shoulder,high,0.9,0,on_time
DEL_00486,SUP_007,EcoBrick Shymkent,bricks,PRJ_004,Shymkent,2025-07-10,2025-07-19,2025-07-19,9,3112,urban,20,summer,low,0.9,0,on_time
DEL_00487,SUP_002,Kazrebar Steel,steel_beams,PRJ_005,Shymkent,2025-12-27,2026-01-13,2026-01-16,17,540,intercity,234,winter,medium,0.78,3,late
DEL_00488,SUP_008,China Modular Import,modular_units,PRJ_006,Atyrau,2025-11-20,2025-12-25,2025-12-27,35,1091,cross_border,2979,winter,low,0.48,2,late
DEL_00489,SUP_003,Prefab KZ,prefab_panels,PRJ_009,Astana,2025-09-30,2025-10-25,2025-10-21,25,3362,urban,44,shoulder,low,0.65,-4,early
DEL_00490,SUP_008,China Modular Import,prefab_panels,PRJ_004,Shymkent,2025-05-08,2025-05-27,2025-06-09,19,4554,cross_border,2391,shoulder,low,0.48,13,late
DEL_00491,SUP_004,SteelImport Turkey,glass_facade,PRJ_003,Karagandy,2026-02-16,2026-03-04,2026-03-04,16,801,cross_border,2657,shoulder,low,0.55,0,on_time
DEL_00492,SUP_006,Astana Glass Works,glass_facade,PRJ_001,Almaty,2025-04-30,2025-05-11,2025-05-11,11,3400,intercity,807,shoulder,low,0.81,0,on_time
DEL_00493,SUP_004,SteelImport Turkey,steel_beams,PRJ_004,Shymkent,2025-03-11,2025-04-23,2025-05-04,43,1488,cross_border,2930,shoulder,low,0.55,11,late
DEL_00494,SUP_001,Almaty Cement Zavod,cement,PRJ_010,Almaty,2026-03-03,2026-04-07,2026-04-06,35,3691,urban,53,shoulder,low,0.92,-1,early
DEL_00495,SUP_001,Almaty Cement Zavod,cement,PRJ_010,Almaty,2025-08-18,2025-09-20,2025-09-20,33,3033,urban,31,shoulder,low,0.92,0,on_time
DEL_00496,SUP_007,EcoBrick Shymkent,bricks,PRJ_004,Shymkent,2026-01-06,2026-01-10,2026-01-19,4,1424,intercity,137,winter,high,0.9,9,late
DEL_00497,SUP_003,Prefab KZ,prefab_panels,PRJ_006,Atyrau,2025-01-26,2025-02-18,2025-03-01,23,3424,intercity,686,winter,low,0.65,11,late
DEL_00498,SUP_006,Astana Glass Works,glass_facade,PRJ_001,Almaty,2025-02-13,2025-02-22,2025-02-22,9,2200,urban,18,winter,high,0.81,0,on_time
DEL_00499,SUP_002,Kazrebar Steel,steel_beams,PRJ_010,Almaty,2026-06-20,2026-07-17,2026-07-17,27,4053,intercity,814,summer,medium,0.78,0,on_time
DEL_00500,SUP_010,Local Timber Co,formwork,PRJ_005,Shymkent,2025-03-31,2025-04-29,2025-04-29,29,2162,intercity,774,shoulder,medium,0.94,0,on_time
DEL_00501,SUP_009,Atyrau Pipe & Steel,pipes,PRJ_007,Almaty,2025-05-15,2025-06-10,2025-06-21,26,2899,intercity,517,summer,high,0.73,11,late
DEL_00502,SUP_010,Local Timber Co,timber,PRJ_008,Aktobe,2026-06-11,2026-06-23,2026-06-23,12,2321,intercity,865,summer,low,0.94,0,on_time
DEL_00503,SUP_002,Kazrebar Steel,rebar,PRJ_009,Astana,2026-03-11,2026-04-04,2026-04-08,24,2903,urban,11,shoulder,high,0.78,4,late
DEL_00504,SUP_003,Prefab KZ,prefab_panels,PRJ_009,Astana,2025-02-15,2025-03-21,2025-03-27,34,1315,intercity,192,shoulder,low,0.65,6,late
DEL_00505,SUP_003,Prefab KZ,prefab_panels,PRJ_003,Karagandy,2025-01-07,2025-02-17,2025-02-21,41,4018,urban,13,winter,low,0.65,4,late
DEL_00506,SUP_001,Almaty Cement Zavod,cement,PRJ_008,Aktobe,2026-03-27,2026-04-20,2026-04-20,24,3156,urban,17,shoulder,high,0.92,0,on_time
DEL_00507,SUP_005,Karagandy Insulate,insulation,PRJ_007,Almaty,2025-12-24,2026-01-30,2026-01-30,37,3525,intercity,472,winter,low,0.88,0,on_time
DEL_00508,SUP_002,Kazrebar Steel,steel_beams,PRJ_007,Almaty,2025-02-15,2025-03-10,2025-03-10,23,982,intercity,411,shoulder,medium,0.78,0,on_time
DEL_00509,SUP_010,Local Timber Co,formwork,PRJ_002,Aktobe,2026-05-16,2026-06-02,2026-06-02,17,1630,intercity,246,summer,low,0.94,0,on_time
DEL_00510,SUP_002,Kazrebar Steel,steel_beams,PRJ_002,Aktobe,2025-12-19,2026-01-13,2026-01-11,25,1041,intercity,601,winter,medium,0.78,-2,early
DEL_00511,SUP_001,Almaty Cement Zavod,cement,PRJ_006,Atyrau,2025-04-07,2025-04-21,2025-04-21,14,1285,urban,6,shoulder,medium,0.92,0,on_time
DEL_00512,SUP_008,China Modular Import,modular_units,PRJ_006,Atyrau,2026-03-30,2026-04-07,2026-04-08,8,4955,cross_border,1619,shoulder,low,0.48,1,late
DEL_00513,SUP_005,Karagandy Insulate,insulation,PRJ_001,Almaty,2025-06-01,2025-06-10,2025-06-10,9,2791,intercity,591,summer,medium,0.88,0,on_time
DEL_00514,SUP_001,Almaty Cement Zavod,concrete_mix,PRJ_008,Aktobe,2025-07-18,2025-08-12,2025-08-12,25,4678,urban,12,summer,medium,0.92,0,on_time
DEL_00515,SUP_005,Karagandy Insulate,insulation,PRJ_007,Almaty,2026-02-28,2026-03-20,2026-03-26,20,3805,intercity,303,shoulder,medium,0.88,6,late
DEL_00516,SUP_008,China Modular Import,prefab_panels,PRJ_003,Karagandy,2025-07-12,2025-08-12,2025-08-12,31,3266,cross_border,2702,summer,medium,0.48,0,on_time
DEL_00517,SUP_009,Atyrau Pipe & Steel,pipes,PRJ_004,Shymkent,2026-01-31,2026-03-01,2026-03-12,29,1840,urban,43,shoulder,low,0.73,11,late
DEL_00518,SUP_009,Atyrau Pipe & Steel,rebar,PRJ_005,Shymkent,2025-11-23,2025-12-07,2025-12-08,14,2355,intercity,181,winter,high,0.73,1,late
DEL_00519,SUP_009,Atyrau Pipe & Steel,rebar,PRJ_009,Astana,2025-12-31,2026-01-03,2026-01-06,3,3104,intercity,526,winter,medium,0.73,3,late
DEL_00520,SUP_007,EcoBrick Shymkent,bricks,PRJ_002,Aktobe,2025-07-20,2025-08-27,2025-08-27,38,1042,urban,16,summer,high,0.9,0,on_time
DEL_00521,SUP_001,Almaty Cement Zavod,cement,PRJ_010,Almaty,2025-03-19,2025-03-22,2025-03-22,3,4573,intercity,662,shoulder,medium,0.92,0,on_time
DEL_00522,SUP_003,Prefab KZ,prefab_panels,PRJ_010,Almaty,2025-05-03,2025-05-07,2025-05-18,4,4215,intercity,773,shoulder,low,0.65,11,late
DEL_00523,SUP_007,EcoBrick Shymkent,bricks,PRJ_006,Atyrau,2026-01-20,2026-02-13,2026-02-18,24,2733,intercity,580,winter,medium,0.9,5,late
DEL_00524,SUP_002,Kazrebar Steel,rebar,PRJ_002,Aktobe,2026-02-01,2026-03-10,2026-03-10,37,1878,intercity,505,shoulder,medium,0.78,0,on_time
DEL_00525,SUP_005,Karagandy Insulate,insulation,PRJ_009,Astana,2025-10-12,2025-11-06,2025-11-14,25,2762,intercity,489,shoulder,high,0.88,8,late
DEL_00526,SUP_004,SteelImport Turkey,steel_beams,PRJ_004,Shymkent,2025-08-07,2025-08-31,2025-09-10,24,4325,cross_border,2232,summer,low,0.55,10,late
DEL_00527,SUP_009,Atyrau Pipe & Steel,rebar,PRJ_004,Shymkent,2025-05-27,2025-07-07,2025-07-14,41,485,urban,22,summer,medium,0.73,7,late
DEL_00528,SUP_010,Local Timber Co,formwork,PRJ_006,Atyrau,2026-03-04,2026-03-31,2026-03-31,27,2490,intercity,90,shoulder,low,0.94,0,on_time
DEL_00529,SUP_003,Prefab KZ,prefab_panels,PRJ_007,Almaty,2025-08-07,2025-08-30,2025-08-30,23,936,urban,24,summer,low,0.65,0,on_time
DEL_00530,SUP_009,Atyrau Pipe & Steel,rebar,PRJ_003,Karagandy,2026-04-22,2026-05-08,2026-05-08,16,1679,urban,16,shoulder,low,0.73,0,on_time
DEL_00531,SUP_010,Local Timber Co,formwork,PRJ_010,Almaty,2026-02-10,2026-03-15,2026-03-30,33,301,urban,7,shoulder,high,0.94,15,late
DEL_00532,SUP_004,SteelImport Turkey,steel_beams,PRJ_004,Shymkent,2025-10-13,2025-10-21,2025-10-25,8,2122,cross_border,4464,shoulder,low,0.55,4,late
DEL_00533,SUP_005,Karagandy Insulate,insulation,PRJ_007,Almaty,2025-03-27,2025-04-06,2025-04-06,10,3587,urban,28,shoulder,low,0.88,0,on_time
DEL_00534,SUP_002,Kazrebar Steel,steel_beams,PRJ_001,Almaty,2025-12-04,2025-12-15,2025-12-23,11,2982,urban,40,winter,high,0.78,8,late
DEL_00535,SUP_005,Karagandy Insulate,insulation,PRJ_001,Almaty,2025-11-10,2025-11-21,2025-11-21,11,325,urban,17,shoulder,low,0.88,0,on_time
DEL_00536,SUP_010,Local Timber Co,timber,PRJ_010,Almaty,2026-04-21,2026-06-04,2026-06-02,44,3346,intercity,127,summer,low,0.94,-2,early
DEL_00537,SUP_001,Almaty Cement Zavod,concrete_mix,PRJ_005,Shymkent,2026-01-23,2026-02-09,2026-02-15,17,1513,urban,40,winter,high,0.92,6,late
DEL_00538,SUP_006,Astana Glass Works,glass_facade,PRJ_006,Atyrau,2025-04-10,2025-04-15,2025-04-27,5,870,urban,32,shoulder,medium,0.81,12,late
DEL_00539,SUP_002,Kazrebar Steel,steel_beams,PRJ_006,Atyrau,2025-01-24,2025-02-13,2025-02-18,20,3609,intercity,604,winter,medium,0.78,5,late
DEL_00540,SUP_009,Atyrau Pipe & Steel,rebar,PRJ_010,Almaty,2025-04-15,2025-05-05,2025-05-05,20,3491,intercity,675,shoulder,high,0.73,0,on_time
DEL_00541,SUP_007,EcoBrick Shymkent,cement,PRJ_005,Shymkent,2025-12-16,2026-01-26,2026-02-04,41,319,intercity,358,winter,medium,0.9,9,late
DEL_00542,SUP_004,SteelImport Turkey,glass_facade,PRJ_004,Shymkent,2026-03-20,2026-04-27,2026-04-27,38,4109,cross_border,954,shoulder,low,0.55,0,on_time
DEL_00543,SUP_007,EcoBrick Shymkent,bricks,PRJ_007,Almaty,2026-05-15,2026-06-18,2026-06-18,34,424,urban,31,summer,low,0.9,0,on_time
DEL_00544,SUP_008,China Modular Import,prefab_panels,PRJ_010,Almaty,2025-04-08,2025-05-09,2025-05-16,31,932,cross_border,2616,shoulder,medium,0.48,7,late
DEL_00545,SUP_003,Prefab KZ,prefab_panels,PRJ_004,Shymkent,2026-05-30,2026-06-06,2026-06-12,7,2934,intercity,468,summer,medium,0.65,6,late
DEL_00546,SUP_003,Prefab KZ,prefab_panels,PRJ_002,Aktobe,2025-03-15,2025-04-20,2025-05-01,36,2021,urban,45,shoulder,low,0.65,11,late
DEL_00547,SUP_007,EcoBrick Shymkent,cement,PRJ_005,Shymkent,2026-06-24,2026-07-04,2026-07-12,10,4660,urban,49,summer,medium,0.9,8,late
DEL_00548,SUP_005,Karagandy Insulate,insulation,PRJ_002,Aktobe,2025-07-19,2025-08-05,2025-08-05,17,1494,intercity,149,summer,medium,0.88,0,on_time
DEL_00549,SUP_006,Astana Glass Works,glass_facade,PRJ_001,Almaty,2025-11-30,2025-12-09,2025-12-09,9,2189,urban,9,winter,high,0.81,0,on_time
DEL_00550,SUP_002,Kazrebar Steel,rebar,PRJ_003,Karagandy,2025-04-19,2025-05-05,2025-05-16,16,2949,intercity,582,shoulder,high,0.78,11,late
DEL_00551,SUP_007,EcoBrick Shymkent,bricks,PRJ_006,Atyrau,2025-09-12,2025-09-27,2025-09-27,15,3562,intercity,140,shoulder,medium,0.9,0,on_time
DEL_00552,SUP_005,Karagandy Insulate,insulation,PRJ_006,Atyrau,2025-06-19,2025-07-05,2025-07-12,16,4340,intercity,707,summer,medium,0.88,7,late
DEL_00553,SUP_006,Astana Glass Works,glass_facade,PRJ_004,Shymkent,2026-04-13,2026-05-26,2026-05-26,43,2028,intercity,649,shoulder,medium,0.81,0,on_time
DEL_00554,SUP_004,SteelImport Turkey,steel_beams,PRJ_010,Almaty,2025-11-27,2025-12-06,2025-12-15,9,3193,cross_border,3781,winter,high,0.55,9,late
DEL_00555,SUP_008,China Modular Import,modular_units,PRJ_007,Almaty,2025-01-28,2025-02-17,2025-02-25,20,403,cross_border,1329,winter,low,0.48,8,late
DEL_00556,SUP_009,Atyrau Pipe & Steel,pipes,PRJ_008,Aktobe,2025-04-03,2025-05-09,2025-05-09,36,177,urban,5,shoulder,low,0.73,0,on_time
DEL_00557,SUP_005,Karagandy Insulate,insulation,PRJ_003,Karagandy,2025-02-02,2025-02-06,2025-02-11,4,1656,intercity,425,winter,low,0.88,5,late
DEL_00558,SUP_005,Karagandy Insulate,insulation,PRJ_005,Shymkent,2025-09-13,2025-10-16,2025-10-16,33,1160,urban,36,shoulder,low,0.88,0,on_time
DEL_00559,SUP_003,Prefab KZ,prefab_panels,PRJ_007,Almaty,2025-10-10,2025-11-08,2025-11-18,29,106,intercity,325,shoulder,medium,0.65,10,late
DEL_00560,SUP_010,Local Timber Co,timber,PRJ_004,Shymkent,2025-10-17,2025-11-15,2025-11-27,29,3947,intercity,228,shoulder,high,0.94,12,late
DEL_00561,SUP_002,Kazrebar Steel,steel_beams,PRJ_004,Shymkent,2025-11-27,2025-12-23,2026-01-07,26,3500,intercity,630,winter,high,0.78,15,late
DEL_00562,SUP_004,SteelImport Turkey,steel_beams,PRJ_005,Shymkent,2026-05-12,2026-06-24,2026-07-08,43,2471,cross_border,1185,summer,low,0.55,14,late
DEL_00563,SUP_003,Prefab KZ,prefab_panels,PRJ_001,Almaty,2025-08-11,2025-09-13,2025-09-17,33,496,intercity,762,shoulder,medium,0.65,4,late
DEL_00564,SUP_009,Atyrau Pipe & Steel,pipes,PRJ_002,Aktobe,2026-04-29,2026-05-06,2026-05-06,7,538,urban,8,shoulder,medium,0.73,0,on_time
DEL_00565,SUP_010,Local Timber Co,formwork,PRJ_003,Karagandy,2025-04-13,2025-05-14,2025-05-14,31,339,intercity,685,shoulder,medium,0.94,0,on_time
DEL_00566,SUP_005,Karagandy Insulate,insulation,PRJ_003,Karagandy,2025-03-03,2025-03-29,2025-03-29,26,1286,urban,36,shoulder,low,0.88,0,on_time
DEL_00567,SUP_007,EcoBrick Shymkent,bricks,PRJ_002,Aktobe,2025-06-15,2025-06-18,2025-06-18,3,1099,urban,32,summer,high,0.9,0,on_time
DEL_00568,SUP_009,Atyrau Pipe & Steel,rebar,PRJ_010,Almaty,2025-10-28,2025-11-17,2025-11-17,20,3539,intercity,639,shoulder,medium,0.73,0,on_time
DEL_00569,SUP_001,Almaty Cement Zavod,concrete_mix,PRJ_002,Aktobe,2025-09-20,2025-10-09,2025-10-09,19,3279,intercity,511,shoulder,medium,0.92,0,on_time
DEL_00570,SUP_002,Kazrebar Steel,rebar,PRJ_005,Shymkent,2025-10-02,2025-10-27,2025-11-03,25,4002,urban,44,shoulder,low,0.78,7,late
DEL_00571,SUP_003,Prefab KZ,prefab_panels,PRJ_004,Shymkent,2025-06-01,2025-06-10,2025-06-20,9,2807,urban,30,summer,low,0.65,10,late
DEL_00572,SUP_005,Karagandy Insulate,insulation,PRJ_006,Atyrau,2026-06-01,2026-07-12,2026-07-12,41,4644,intercity,672,summer,low,0.88,0,on_time
DEL_00573,SUP_007,EcoBrick Shymkent,cement,PRJ_006,Atyrau,2025-06-22,2025-07-12,2025-07-12,20,3787,intercity,726,summer,high,0.9,0,on_time
DEL_00574,SUP_002,Kazrebar Steel,steel_beams,PRJ_008,Aktobe,2026-04-11,2026-04-17,2026-04-26,6,3503,urban,16,shoulder,high,0.78,9,late
DEL_00575,SUP_010,Local Timber Co,timber,PRJ_010,Almaty,2025-07-11,2025-07-19,2025-07-19,8,4987,urban,38,summer,low,0.94,0,on_time
DEL_00576,SUP_003,Prefab KZ,prefab_panels,PRJ_006,Atyrau,2026-06-21,2026-07-31,2026-07-31,40,2594,urban,38,summer,low,0.65,0,on_time
DEL_00577,SUP_009,Atyrau Pipe & Steel,rebar,PRJ_005,Shymkent,2025-04-22,2025-05-13,2025-05-13,21,3443,intercity,507,shoulder,low,0.73,0,on_time
DEL_00578,SUP_002,Kazrebar Steel,steel_beams,PRJ_004,Shymkent,2025-07-09,2025-08-11,2025-08-11,33,81,urban,5,summer,low,0.78,0,on_time
DEL_00579,SUP_007,EcoBrick Shymkent,bricks,PRJ_006,Atyrau,2026-04-20,2026-05-26,2026-05-26,36,25,urban,48,shoulder,medium,0.9,0,on_time
DEL_00580,SUP_009,Atyrau Pipe & Steel,pipes,PRJ_001,Almaty,2026-04-06,2026-05-10,2026-05-06,34,1015,intercity,821,shoulder,medium,0.73,-4,early
DEL_00581,SUP_009,Atyrau Pipe & Steel,pipes,PRJ_004,Shymkent,2025-02-01,2025-02-04,2025-02-04,3,1622,intercity,253,winter,low,0.73,0,on_time
DEL_00582,SUP_001,Almaty Cement Zavod,concrete_mix,PRJ_005,Shymkent,2025-01-15,2025-02-22,2025-02-22,38,134,urban,19,winter,medium,0.92,0,on_time
DEL_00583,SUP_009,Atyrau Pipe & Steel,rebar,PRJ_001,Almaty,2025-03-09,2025-04-09,2025-04-09,31,2276,urban,36,shoulder,high,0.73,0,on_time
DEL_00584,SUP_009,Atyrau Pipe & Steel,pipes,PRJ_006,Atyrau,2025-08-28,2025-10-04,2025-10-04,37,3283,urban,59,shoulder,low,0.73,0,on_time
DEL_00585,SUP_003,Prefab KZ,prefab_panels,PRJ_007,Almaty,2026-04-09,2026-05-21,2026-05-21,42,3711,urban,43,shoulder,low,0.65,0,on_time
DEL_00586,SUP_010,Local Timber Co,formwork,PRJ_009,Astana,2026-06-13,2026-07-27,2026-08-05,44,2165,urban,45,summer,medium,0.94,9,late
DEL_00587,SUP_001,Almaty Cement Zavod,cement,PRJ_009,Astana,2025-03-06,2025-03-26,2025-03-26,20,3654,urban,33,shoulder,low,0.92,0,on_time
DEL_00588,SUP_002,Kazrebar Steel,steel_beams,PRJ_009,Astana,2025-05-03,2025-05-07,2025-05-07,4,1133,intercity,328,shoulder,low,0.78,0,on_time
DEL_00589,SUP_006,Astana Glass Works,glass_facade,PRJ_010,Almaty,2025-09-29,2025-10-14,2025-10-14,15,2914,urban,50,shoulder,low,0.81,0,on_time
DEL_00590,SUP_003,Prefab KZ,prefab_panels,PRJ_006,Atyrau,2025-05-14,2025-06-13,2025-06-16,30,4240,urban,35,summer,medium,0.65,3,late
DEL_00591,SUP_008,China Modular Import,modular_units,PRJ_008,Aktobe,2026-02-25,2026-03-31,2026-04-04,34,2757,cross_border,3009,shoulder,low,0.48,4,late
DEL_00592,SUP_010,Local Timber Co,timber,PRJ_004,Shymkent,2025-07-20,2025-08-28,2025-08-29,39,3141,urban,32,summer,medium,0.94,1,late
DEL_00593,SUP_003,Prefab KZ,prefab_panels,PRJ_010,Almaty,2026-02-23,2026-04-07,2026-04-15,43,909,urban,34,shoulder,medium,0.65,8,late
DEL_00594,SUP_006,Astana Glass Works,glass_facade,PRJ_007,Almaty,2025-05-10,2025-05-22,2025-05-25,12,1439,intercity,378,shoulder,low,0.81,3,late
DEL_00595,SUP_001,Almaty Cement Zavod,concrete_mix,PRJ_004,Shymkent,2026-03-11,2026-04-20,2026-04-20,40,2883,intercity,372,shoulder,medium,0.92,0,on_time
DEL_00596,SUP_004,SteelImport Turkey,steel_beams,PRJ_004,Shymkent,2025-06-10,2025-06-27,2025-06-27,17,3380,cross_border,951,summer,low,0.55,0,on_time
DEL_00597,SUP_010,Local Timber Co,formwork,PRJ_002,Aktobe,2026-05-04,2026-05-26,2026-05-26,22,2778,urban,32,shoulder,low,0.94,0,on_time
DEL_00598,SUP_006,Astana Glass Works,glass_facade,PRJ_010,Almaty,2025-11-23,2025-12-23,2025-12-23,30,1678,intercity,503,winter,low,0.81,0,on_time
DEL_00599,SUP_004,SteelImport Turkey,steel_beams,PRJ_008,Aktobe,2026-03-22,2026-04-24,2026-04-24,33,3334,cross_border,2334,shoulder,low,0.55,0,on_time
DEL_00600,SUP_002,Kazrebar Steel,steel_beams,PRJ_002,Aktobe,2025-11-17,2025-11-26,2025-11-30,9,105,intercity,893,shoulder,high,0.78,4,late
DEL_00601,SUP_007,EcoBrick Shymkent,bricks,PRJ_001,Almaty,2026-05-22,2026-06-14,2026-06-14,23,1196,intercity,510,summer,medium,0.9,0,on_time
DEL_00602,SUP_005,Karagandy Insulate,insulation,PRJ_005,Shymkent,2026-04-23,2026-05-22,2026-05-22,29,4323,intercity,262,shoulder,low,0.88,0,on_time
DEL_00603,SUP_002,Kazrebar Steel,rebar,PRJ_008,Aktobe,2025-06-05,2025-07-10,2025-07-11,35,1364,intercity,788,summer,high,0.78,1,late
DEL_00604,SUP_001,Almaty Cement Zavod,cement,PRJ_010,Almaty,2025-09-16,2025-09-20,2025-09-20,4,3860,intercity,136,shoulder,low,0.92,0,on_time
DEL_00605,SUP_007,EcoBrick Shymkent,cement,PRJ_005,Shymkent,2025-01-05,2025-01-13,2025-01-16,8,3761,urban,48,winter,high,0.9,3,late
DEL_00606,SUP_006,Astana Glass Works,glass_facade,PRJ_008,Aktobe,2025-10-06,2025-11-14,2025-11-14,39,4325,urban,53,shoulder,low,0.81,0,on_time
DEL_00607,SUP_003,Prefab KZ,prefab_panels,PRJ_007,Almaty,2026-02-17,2026-04-02,2026-04-02,44,2059,urban,18,shoulder,medium,0.65,0,on_time
DEL_00608,SUP_008,China Modular Import,prefab_panels,PRJ_006,Atyrau,2025-01-26,2025-02-28,2025-03-04,33,3201,cross_border,3907,winter,medium,0.48,4,late
DEL_00609,SUP_004,SteelImport Turkey,glass_facade,PRJ_007,Almaty,2026-04-08,2026-05-01,2026-05-01,23,459,cross_border,1223,shoulder,medium,0.55,0,on_time
DEL_00610,SUP_008,China Modular Import,prefab_panels,PRJ_002,Aktobe,2025-07-17,2025-08-27,2025-08-30,41,1784,cross_border,909,summer,high,0.48,3,late
DEL_00611,SUP_006,Astana Glass Works,glass_facade,PRJ_003,Karagandy,2026-01-16,2026-03-01,2026-03-01,44,1425,urban,11,shoulder,low,0.81,0,on_time
DEL_00612,SUP_003,Prefab KZ,prefab_panels,PRJ_001,Almaty,2025-09-13,2025-10-14,2025-10-10,31,1844,urban,13,shoulder,medium,0.65,-4,early
DEL_00613,SUP_008,China Modular Import,modular_units,PRJ_010,Almaty,2026-06-23,2026-07-06,2026-07-18,13,4911,cross_border,4041,summer,low,0.48,12,late
DEL_00614,SUP_008,China Modular Import,prefab_panels,PRJ_001,Almaty,2025-12-09,2026-01-04,2026-01-10,26,3522,cross_border,2654,winter,high,0.48,6,late
DEL_00615,SUP_004,SteelImport Turkey,steel_beams,PRJ_009,Astana,2026-03-31,2026-04-11,2026-04-13,11,3404,cross_border,4192,shoulder,low,0.55,2,late
DEL_00616,SUP_007,EcoBrick Shymkent,cement,PRJ_008,Aktobe,2026-05-26,2026-07-03,2026-07-03,38,3847,intercity,624,summer,medium,0.9,0,on_time
DEL_00617,SUP_001,Almaty Cement Zavod,concrete_mix,PRJ_002,Aktobe,2026-04-23,2026-05-31,2026-05-31,38,670,intercity,875,shoulder,low,0.92,0,on_time
DEL_00618,SUP_010,Local Timber Co,formwork,PRJ_005,Shymkent,2025-04-27,2025-05-07,2025-05-07,10,3119,urban,5,shoulder,high,0.94,0,on_time
DEL_00619,SUP_004,SteelImport Turkey,glass_facade,PRJ_004,Shymkent,2026-01-13,2026-02-16,2026-02-18,34,4866,cross_border,3971,winter,low,0.55,2,late
DEL_00620,SUP_002,Kazrebar Steel,steel_beams,PRJ_005,Shymkent,2025-06-13,2025-06-19,2025-06-25,6,2751,intercity,740,summer,low,0.78,6,late
DEL_00621,SUP_006,Astana Glass Works,glass_facade,PRJ_005,Shymkent,2025-12-14,2026-01-07,2026-01-17,24,3175,urban,40,winter,high,0.81,10,late
DEL_00622,SUP_007,EcoBrick Shymkent,bricks,PRJ_009,Astana,2026-04-15,2026-05-01,2026-05-01,16,1371,urban,14,shoulder,low,0.9,0,on_time
DEL_00623,SUP_006,Astana Glass Works,glass_facade,PRJ_003,Karagandy,2026-01-16,2026-02-15,2026-02-23,30,2740,urban,51,winter,low,0.81,8,late
DEL_00624,SUP_003,Prefab KZ,prefab_panels,PRJ_002,Aktobe,2025-01-01,2025-01-04,2025-01-07,3,1083,urban,31,winter,high,0.65,3,late
DEL_00625,SUP_008,China Modular Import,prefab_panels,PRJ_009,Astana,2025-09-08,2025-09-19,2025-09-29,11,2089,cross_border,3769,shoulder,low,0.48,10,late
DEL_00626,SUP_008,China Modular Import,modular_units,PRJ_005,Shymkent,2026-04-22,2026-04-29,2026-05-11,7,4583,cross_border,2924,shoulder,low,0.48,12,late
DEL_00627,SUP_005,Karagandy Insulate,insulation,PRJ_005,Shymkent,2025-03-30,2025-04-05,2025-04-05,6,4056,intercity,403,shoulder,low,0.88,0,on_time
DEL_00628,SUP_007,EcoBrick Shymkent,bricks,PRJ_007,Almaty,2025-03-27,2025-04-17,2025-04-18,21,565,urban,21,shoulder,medium,0.9,1,late
DEL_00629,SUP_005,Karagandy Insulate,insulation,PRJ_002,Aktobe,2026-01-15,2026-01-21,2026-01-22,6,3873,intercity,853,winter,high,0.88,1,late
DEL_00630,SUP_010,Local Timber Co,timber,PRJ_004,Shymkent,2025-01-14,2025-01-28,2025-02-07,14,2130,intercity,779,winter,medium,0.94,10,late
DEL_00631,SUP_008,China Modular Import,modular_units,PRJ_009,Astana,2025-08-21,2025-09-09,2025-09-15,19,4444,cross_border,2352,shoulder,low,0.48,6,late
DEL_00632,SUP_008,China Modular Import,prefab_panels,PRJ_010,Almaty,2026-06-14,2026-07-05,2026-07-11,21,4068,cross_border,4050,summer,low,0.48,6,late
DEL_00633,SUP_001,Almaty Cement Zavod,concrete_mix,PRJ_005,Shymkent,2025-08-25,2025-09-04,2025-09-04,10,1237,urban,30,shoulder,medium,0.92,0,on_time
DEL_00634,SUP_005,Karagandy Insulate,insulation,PRJ_006,Atyrau,2025-02-04,2025-02-15,2025-02-15,11,2537,urban,28,winter,low,0.88,0,on_time
DEL_00635,SUP_002,Kazrebar Steel,steel_beams,PRJ_008,Aktobe,2025-05-25,2025-07-07,2025-07-08,43,3029,urban,38,summer,medium,0.78,1,late
DEL_00636,SUP_008,China Modular Import,prefab_panels,PRJ_002,Aktobe,2025-06-20,2025-07-09,2025-07-09,19,1906,cross_border,2070,summer,low,0.48,0,on_time
DEL_00637,SUP_008,China Modular Import,modular_units,PRJ_007,Almaty,2025-04-11,2025-04-16,2025-04-25,5,2279,cross_border,1881,shoulder,low,0.48,9,late
DEL_00638,SUP_008,China Modular Import,prefab_panels,PRJ_003,Karagandy,2025-10-25,2025-10-31,2025-11-07,6,4592,cross_border,2744,shoulder,medium,0.48,7,late
DEL_00639,SUP_002,Kazrebar Steel,steel_beams,PRJ_002,Aktobe,2025-05-15,2025-06-09,2025-06-09,25,4621,urban,15,summer,medium,0.78,0,on_time
DEL_00640,SUP_007,EcoBrick Shymkent,cement,PRJ_005,Shymkent,2025-02-05,2025-03-18,2025-03-18,41,815,intercity,784,shoulder,high,0.9,0,on_time
DEL_00641,SUP_005,Karagandy Insulate,insulation,PRJ_007,Almaty,2025-05-28,2025-06-22,2025-06-22,25,1306,intercity,679,summer,medium,0.88,0,on_time
DEL_00642,SUP_004,SteelImport Turkey,glass_facade,PRJ_001,Almaty,2025-01-10,2025-01-31,2025-02-02,21,3770,cross_border,3718,winter,medium,0.55,2,late
DEL_00643,SUP_003,Prefab KZ,prefab_panels,PRJ_008,Aktobe,2025-12-20,2026-01-15,2026-01-15,26,4750,intercity,835,winter,medium,0.65,0,on_time
DEL_00644,SUP_009,Atyrau Pipe & Steel,rebar,PRJ_004,Shymkent,2026-01-20,2026-02-23,2026-03-01,34,4656,urban,12,winter,low,0.73,6,late
DEL_00645,SUP_010,Local Timber Co,formwork,PRJ_004,Shymkent,2025-05-06,2025-05-16,2025-05-16,10,4214,urban,29,shoulder,medium,0.94,0,on_time
DEL_00646,SUP_002,Kazrebar Steel,rebar,PRJ_005,Shymkent,2025-01-25,2025-02-10,2025-02-10,16,2294,intercity,872,winter,medium,0.78,0,on_time
DEL_00647,SUP_005,Karagandy Insulate,insulation,PRJ_005,Shymkent,2025-11-09,2025-11-19,2025-11-20,10,89,intercity,786,shoulder,high,0.88,1,late
DEL_00648,SUP_003,Prefab KZ,prefab_panels,PRJ_003,Karagandy,2026-01-25,2026-02-18,2026-02-28,24,1884,intercity,524,winter,medium,0.65,10,late
DEL_00649,SUP_008,China Modular Import,modular_units,PRJ_005,Shymkent,2025-06-09,2025-06-28,2025-06-28,19,2075,cross_border,4402,summer,medium,0.48,0,on_time
DEL_00650,SUP_002,Kazrebar Steel,steel_beams,PRJ_001,Almaty,2025-06-11,2025-06-15,2025-06-21,4,63,intercity,208,summer,medium,0.78,6,late
DEL_00651,SUP_009,Atyrau Pipe & Steel,rebar,PRJ_009,Astana,2025-03-26,2025-03-29,2025-03-30,3,1514,intercity,603,shoulder,low,0.73,1,late
DEL_00652,SUP_006,Astana Glass Works,glass_facade,PRJ_002,Aktobe,2025-03-06,2025-04-05,2025-04-05,30,1016,urban,46,shoulder,medium,0.81,0,on_time
DEL_00653,SUP_004,SteelImport Turkey,steel_beams,PRJ_009,Astana,2025-02-16,2025-02-24,2025-02-21,8,1400,cross_border,2513,winter,medium,0.55,-3,early
DEL_00654,SUP_009,Atyrau Pipe & Steel,pipes,PRJ_002,Aktobe,2026-04-24,2026-05-08,2026-05-13,14,1196,intercity,781,shoulder,low,0.73,5,late
DEL_00655,SUP_003,Prefab KZ,prefab_panels,PRJ_005,Shymkent,2026-05-11,2026-06-09,2026-06-19,29,1466,intercity,265,summer,medium,0.65,10,late
DEL_00656,SUP_006,Astana Glass Works,glass_facade,PRJ_008,Aktobe,2025-04-30,2025-05-27,2025-05-27,27,3804,urban,42,shoulder,low,0.81,0,on_time
DEL_00657,SUP_007,EcoBrick Shymkent,bricks,PRJ_004,Shymkent,2026-01-14,2026-02-22,2026-02-22,39,3478,intercity,151,winter,medium,0.9,0,on_time
DEL_00658,SUP_004,SteelImport Turkey,steel_beams,PRJ_010,Almaty,2025-06-01,2025-06-23,2025-06-24,22,1112,cross_border,1794,summer,medium,0.55,1,late
DEL_00659,SUP_010,Local Timber Co,formwork,PRJ_007,Almaty,2026-04-25,2026-05-27,2026-05-27,32,719,intercity,591,shoulder,low,0.94,0,on_time
DEL_00660,SUP_008,China Modular Import,modular_units,PRJ_006,Atyrau,2025-07-03,2025-08-11,2025-08-21,39,1103,cross_border,1722,summer,low,0.48,10,late
DEL_00661,SUP_005,Karagandy Insulate,insulation,PRJ_001,Almaty,2025-07-29,2025-09-08,2025-09-08,41,2936,urban,56,shoulder,medium,0.88,0,on_time
DEL_00662,SUP_010,Local Timber Co,timber,PRJ_005,Shymkent,2026-06-19,2026-07-08,2026-07-08,19,4400,urban,45,summer,low,0.94,0,on_time
DEL_00663,SUP_009,Atyrau Pipe & Steel,rebar,PRJ_007,Almaty,2025-09-19,2025-10-05,2025-10-05,16,1353,urban,44,shoulder,medium,0.73,0,on_time
DEL_00664,SUP_003,Prefab KZ,prefab_panels,PRJ_005,Shymkent,2025-12-07,2026-01-06,2026-01-11,30,4293,urban,13,winter,medium,0.65,5,late
DEL_00665,SUP_004,SteelImport Turkey,steel_beams,PRJ_003,Karagandy,2025-11-18,2025-12-17,2025-12-26,29,3917,cross_border,2766,winter,high,0.55,9,late
DEL_00666,SUP_009,Atyrau Pipe & Steel,pipes,PRJ_007,Almaty,2026-01-09,2026-02-05,2026-02-21,27,1191,intercity,579,winter,high,0.73,16,late
DEL_00667,SUP_005,Karagandy Insulate,insulation,PRJ_009,Astana,2025-10-09,2025-10-22,2025-10-22,13,802,urban,41,shoulder,low,0.88,0,on_time
DEL_00668,SUP_006,Astana Glass Works,glass_facade,PRJ_003,Karagandy,2025-04-25,2025-05-07,2025-05-07,12,1598,urban,5,shoulder,low,0.81,0,on_time
DEL_00669,SUP_006,Astana Glass Works,glass_facade,PRJ_007,Almaty,2026-03-13,2026-03-18,2026-03-18,5,2915,urban,42,shoulder,low,0.81,0,on_time
DEL_00670,SUP_006,Astana Glass Works,glass_facade,PRJ_003,Karagandy,2026-02-19,2026-03-28,2026-03-31,37,1232,intercity,824,shoulder,low,0.81,3,late
DEL_00671,SUP_004,SteelImport Turkey,steel_beams,PRJ_004,Shymkent,2025-11-22,2025-12-21,2025-12-17,29,1719,cross_border,1549,winter,low,0.55,-4,early
DEL_00672,SUP_009,Atyrau Pipe & Steel,rebar,PRJ_008,Aktobe,2025-09-22,2025-10-09,2025-10-11,17,2831,intercity,247,shoulder,low,0.73,2,late
DEL_00673,SUP_007,EcoBrick Shymkent,bricks,PRJ_003,Karagandy,2025-10-08,2025-11-07,2025-11-07,30,228,intercity,199,shoulder,low,0.9,0,on_time
DEL_00674,SUP_007,EcoBrick Shymkent,cement,PRJ_009,Astana,2026-01-15,2026-02-21,2026-02-21,37,3777,urban,27,winter,low,0.9,0,on_time
DEL_00675,SUP_002,Kazrebar Steel,rebar,PRJ_003,Karagandy,2026-04-08,2026-05-02,2026-05-02,24,2192,intercity,564,shoulder,high,0.78,0,on_time
DEL_00676,SUP_006,Astana Glass Works,glass_facade,PRJ_009,Astana,2025-09-10,2025-10-09,2025-10-09,29,2180,intercity,571,shoulder,low,0.81,0,on_time
DEL_00677,SUP_006,Astana Glass Works,glass_facade,PRJ_001,Almaty,2025-03-01,2025-03-04,2025-03-11,3,1843,intercity,98,shoulder,medium,0.81,7,late
DEL_00678,SUP_009,Atyrau Pipe & Steel,pipes,PRJ_002,Aktobe,2025-10-31,2025-12-10,2025-12-12,40,2109,intercity,262,winter,medium,0.73,2,late
DEL_00679,SUP_003,Prefab KZ,prefab_panels,PRJ_002,Aktobe,2026-06-24,2026-07-22,2026-08-06,28,2114,intercity,872,summer,high,0.65,15,late
DEL_00680,SUP_005,Karagandy Insulate,insulation,PRJ_006,Atyrau,2026-02-21,2026-03-01,2026-03-01,8,2750,intercity,290,shoulder,medium,0.88,0,on_time
DEL_00681,SUP_006,Astana Glass Works,glass_facade,PRJ_001,Almaty,2025-10-29,2025-11-08,2025-11-08,10,733,urban,54,shoulder,high,0.81,0,on_time
DEL_00682,SUP_010,Local Timber Co,formwork,PRJ_001,Almaty,2025-07-13,2025-08-01,2025-08-01,19,4712,intercity,376,summer,low,0.94,0,on_time
DEL_00683,SUP_006,Astana Glass Works,glass_facade,PRJ_006,Atyrau,2026-06-16,2026-07-14,2026-07-14,28,4210,intercity,458,summer,low,0.81,0,on_time
DEL_00684,SUP_002,Kazrebar Steel,rebar,PRJ_006,Atyrau,2025-08-23,2025-09-12,2025-09-12,20,2073,urban,52,shoulder,medium,0.78,0,on_time
DEL_00685,SUP_008,China Modular Import,modular_units,PRJ_009,Astana,2025-06-06,2025-07-13,2025-07-15,37,4974,cross_border,3607,summer,low,0.48,2,late
DEL_00686,SUP_001,Almaty Cement Zavod,concrete_mix,PRJ_001,Almaty,2026-01-08,2026-02-17,2026-02-26,40,123,intercity,878,winter,medium,0.92,9,late
DEL_00687,SUP_009,Atyrau Pipe & Steel,pipes,PRJ_008,Aktobe,2026-03-22,2026-04-03,2026-04-03,12,1751,urban,29,shoulder,medium,0.73,0,on_time
DEL_00688,SUP_002,Kazrebar Steel,rebar,PRJ_007,Almaty,2026-02-10,2026-03-16,2026-03-16,34,4632,intercity,158,shoulder,medium,0.78,0,on_time
DEL_00689,SUP_010,Local Timber Co,timber,PRJ_005,Shymkent,2025-10-01,2025-11-02,2025-11-02,32,2919,urban,39,shoulder,medium,0.94,0,on_time
DEL_00690,SUP_001,Almaty Cement Zavod,concrete_mix,PRJ_005,Shymkent,2025-03-08,2025-03-19,2025-03-19,11,1505,intercity,880,shoulder,low,0.92,0,on_time
DEL_00691,SUP_004,SteelImport Turkey,steel_beams,PRJ_004,Shymkent,2026-04-18,2026-05-31,2026-06-05,43,4215,cross_border,1004,shoulder,low,0.55,5,late
DEL_00692,SUP_008,China Modular Import,modular_units,PRJ_001,Almaty,2025-10-31,2025-11-26,2025-11-26,26,398,cross_border,4238,shoulder,low,0.48,0,on_time
DEL_00693,SUP_009,Atyrau Pipe & Steel,pipes,PRJ_005,Shymkent,2025-11-12,2025-12-22,2025-12-24,40,517,urban,7,winter,medium,0.73,2,late
DEL_00694,SUP_001,Almaty Cement Zavod,cement,PRJ_001,Almaty,2025-08-15,2025-08-31,2025-08-31,16,1515,intercity,442,summer,high,0.92,0,on_time
DEL_00695,SUP_006,Astana Glass Works,glass_facade,PRJ_002,Aktobe,2026-04-14,2026-05-04,2026-05-09,20,4409,intercity,676,shoulder,medium,0.81,5,late
DEL_00696,SUP_004,SteelImport Turkey,glass_facade,PRJ_008,Aktobe,2026-03-29,2026-04-27,2026-04-26,29,1241,cross_border,4290,shoulder,low,0.55,-1,early
DEL_00697,SUP_002,Kazrebar Steel,steel_beams,PRJ_001,Almaty,2025-01-10,2025-02-03,2025-02-03,24,1930,intercity,612,winter,low,0.78,0,on_time
DEL_00698,SUP_004,SteelImport Turkey,steel_beams,PRJ_002,Aktobe,2026-04-13,2026-04-29,2026-05-13,16,3045,cross_border,2762,shoulder,high,0.55,14,late
DEL_00699,SUP_003,Prefab KZ,prefab_panels,PRJ_007,Almaty,2026-02-06,2026-02-14,2026-02-27,8,3745,intercity,799,winter,medium,0.65,13,late
DEL_00700,SUP_008,China Modular Import,prefab_panels,PRJ_006,Atyrau,2026-06-21,2026-07-04,2026-07-07,13,3208,cross_border,3886,summer,low,0.48,3,late
DEL_00701,SUP_001,Almaty Cement Zavod,concrete_mix,PRJ_001,Almaty,2025-06-30,2025-08-11,2025-08-11,42,2261,urban,45,summer,low,0.92,0,on_time
DEL_00702,SUP_008,China Modular Import,modular_units,PRJ_004,Shymkent,2025-08-07,2025-09-03,2025-09-04,27,622,cross_border,2187,shoulder,low,0.48,1,late
DEL_00703,SUP_005,Karagandy Insulate,insulation,PRJ_002,Aktobe,2025-07-06,2025-08-01,2025-08-07,26,275,urban,28,summer,low,0.88,6,late
DEL_00704,SUP_001,Almaty Cement Zavod,cement,PRJ_002,Aktobe,2025-02-19,2025-03-03,2025-03-03,12,2035,intercity,828,shoulder,low,0.92,0,on_time
DEL_00705,SUP_006,Astana Glass Works,glass_facade,PRJ_007,Almaty,2026-01-28,2026-02-07,2026-02-14,10,556,urban,43,winter,low,0.81,7,late
DEL_00706,SUP_004,SteelImport Turkey,glass_facade,PRJ_003,Karagandy,2026-06-17,2026-07-09,2026-07-17,22,3494,cross_border,962,summer,low,0.55,8,late
DEL_00707,SUP_009,Atyrau Pipe & Steel,rebar,PRJ_005,Shymkent,2025-12-20,2025-12-25,2026-01-06,5,1767,urban,7,winter,high,0.73,12,late
DEL_00708,SUP_005,Karagandy Insulate,insulation,PRJ_009,Astana,2025-08-19,2025-09-12,2025-09-12,24,4176,intercity,337,shoulder,low,0.88,0,on_time
DEL_00709,SUP_004,SteelImport Turkey,steel_beams,PRJ_001,Almaty,2026-01-31,2026-02-16,2026-02-16,16,4585,cross_border,1274,winter,medium,0.55,0,on_time
DEL_00710,SUP_007,EcoBrick Shymkent,cement,PRJ_006,Atyrau,2026-03-22,2026-04-29,2026-04-29,38,3715,urban,52,shoulder,medium,0.9,0,on_time
DEL_00711,SUP_002,Kazrebar Steel,steel_beams,PRJ_008,Aktobe,2026-02-15,2026-03-30,2026-04-04,43,899,urban,58,shoulder,low,0.78,5,late
DEL_00712,SUP_008,China Modular Import,modular_units,PRJ_006,Atyrau,2026-04-08,2026-04-23,2026-04-23,15,1667,cross_border,3537,shoulder,low,0.48,0,on_time
DEL_00713,SUP_004,SteelImport Turkey,glass_facade,PRJ_010,Almaty,2026-02-16,2026-04-01,2026-04-13,44,471,cross_border,4468,shoulder,low,0.55,12,late
DEL_00714,SUP_008,China Modular Import,modular_units,PRJ_001,Almaty,2025-11-28,2026-01-01,2026-01-02,34,4993,cross_border,2041,winter,low,0.48,1,late
DEL_00715,SUP_006,Astana Glass Works,glass_facade,PRJ_003,Karagandy,2026-06-04,2026-06-14,2026-06-14,10,1262,urban,25,summer,low,0.81,0,on_time
DEL_00716,SUP_007,EcoBrick Shymkent,bricks,PRJ_002,Aktobe,2025-08-02,2025-08-27,2025-09-05,25,3174,intercity,90,summer,low,0.9,9,late
DEL_00717,SUP_009,Atyrau Pipe & Steel,pipes,PRJ_004,Shymkent,2025-01-23,2025-02-09,2025-02-12,17,1725,urban,12,winter,high,0.73,3,late
DEL_00718,SUP_006,Astana Glass Works,glass_facade,PRJ_008,Aktobe,2025-05-22,2025-06-25,2025-06-25,34,1795,urban,29,summer,medium,0.81,0,on_time
DEL_00719,SUP_008,China Modular Import,modular_units,PRJ_003,Karagandy,2026-03-24,2026-04-05,2026-04-05,12,3546,cross_border,2056,shoulder,low,0.48,0,on_time
DEL_00720,SUP_006,Astana Glass Works,glass_facade,PRJ_009,Astana,2025-06-10,2025-06-28,2025-07-05,18,4566,intercity,691,summer,medium,0.81,7,late
DEL_00721,SUP_005,Karagandy Insulate,insulation,PRJ_008,Aktobe,2025-10-14,2025-11-13,2025-11-13,30,4642,intercity,819,shoulder,medium,0.88,0,on_time
DEL_00722,SUP_007,EcoBrick Shymkent,bricks,PRJ_003,Karagandy,2026-03-19,2026-04-08,2026-04-08,20,2141,urban,40,shoulder,high,0.9,0,on_time
DEL_00723,SUP_010,Local Timber Co,timber,PRJ_005,Shymkent,2025-07-30,2025-09-03,2025-09-02,35,2962,intercity,325,shoulder,high,0.94,-1,early
DEL_00724,SUP_006,Astana Glass Works,glass_facade,PRJ_001,Almaty,2025-12-18,2026-01-11,2026-01-11,24,1016,urban,42,winter,low,0.81,0,on_time
DEL_00725,SUP_003,Prefab KZ,prefab_panels,PRJ_009,Astana,2026-01-12,2026-02-21,2026-02-24,40,961,urban,48,winter,high,0.65,3,late
DEL_00726,SUP_005,Karagandy Insulate,insulation,PRJ_005,Shymkent,2025-06-06,2025-07-18,2025-07-18,42,4892,intercity,385,summer,low,0.88,0,on_time
DEL_00727,SUP_007,EcoBrick Shymkent,bricks,PRJ_004,Shymkent,2025-06-18,2025-07-03,2025-07-12,15,1927,intercity,140,summer,medium,0.9,9,late
DEL_00728,SUP_008,China Modular Import,prefab_panels,PRJ_002,Aktobe,2025-10-26,2025-11-14,2025-11-22,19,4092,cross_border,2112,shoulder,low,0.48,8,late
DEL_00729,SUP_009,Atyrau Pipe & Steel,rebar,PRJ_002,Aktobe,2026-02-23,2026-03-26,2026-03-25,31,4800,urban,23,shoulder,low,0.73,-1,early
DEL_00730,SUP_005,Karagandy Insulate,insulation,PRJ_002,Aktobe,2025-01-24,2025-02-10,2025-02-10,17,3929,urban,59,winter,low,0.88,0,on_time
DEL_00731,SUP_002,Kazrebar Steel,steel_beams,PRJ_010,Almaty,2026-05-29,2026-06-13,2026-06-13,15,4057,intercity,183,summer,low,0.78,0,on_time
DEL_00732,SUP_007,EcoBrick Shymkent,bricks,PRJ_005,Shymkent,2025-07-18,2025-08-20,2025-08-24,33,378,urban,32,summer,high,0.9,4,late
DEL_00733,SUP_002,Kazrebar Steel,rebar,PRJ_009,Astana,2025-03-28,2025-05-04,2025-05-08,37,3680,intercity,866,shoulder,medium,0.78,4,late
DEL_00734,SUP_006,Astana Glass Works,glass_facade,PRJ_007,Almaty,2025-08-29,2025-09-03,2025-09-03,5,3083,intercity,491,shoulder,low,0.81,0,on_time
DEL_00735,SUP_006,Astana Glass Works,glass_facade,PRJ_002,Aktobe,2025-04-07,2025-04-10,2025-04-11,3,540,urban,40,shoulder,medium,0.81,1,late
DEL_00736,SUP_008,China Modular Import,modular_units,PRJ_003,Karagandy,2025-01-30,2025-02-15,2025-02-25,16,492,cross_border,3745,winter,low,0.48,10,late
DEL_00737,SUP_004,SteelImport Turkey,glass_facade,PRJ_007,Almaty,2025-02-03,2025-03-03,2025-03-17,28,1055,cross_border,1568,shoulder,medium,0.55,14,late
DEL_00738,SUP_001,Almaty Cement Zavod,cement,PRJ_006,Atyrau,2025-11-06,2025-12-06,2025-12-07,30,4420,urban,59,winter,medium,0.92,1,late
DEL_00739,SUP_003,Prefab KZ,prefab_panels,PRJ_010,Almaty,2026-02-23,2026-04-03,2026-04-03,39,3731,urban,39,shoulder,low,0.65,0,on_time
DEL_00740,SUP_009,Atyrau Pipe & Steel,rebar,PRJ_009,Astana,2025-06-24,2025-07-16,2025-07-13,22,1281,urban,52,summer,low,0.73,-3,early
DEL_00741,SUP_009,Atyrau Pipe & Steel,rebar,PRJ_007,Almaty,2025-10-01,2025-10-29,2025-11-04,28,2006,intercity,346,shoulder,low,0.73,6,late
DEL_00742,SUP_009,Atyrau Pipe & Steel,pipes,PRJ_002,Aktobe,2025-11-16,2025-12-08,2025-12-11,22,4905,intercity,133,winter,medium,0.73,3,late
DEL_00743,SUP_007,EcoBrick Shymkent,bricks,PRJ_005,Shymkent,2025-04-15,2025-05-06,2025-05-06,21,2262,intercity,592,shoulder,low,0.9,0,on_time
DEL_00744,SUP_007,EcoBrick Shymkent,bricks,PRJ_003,Karagandy,2026-04-06,2026-05-17,2026-05-17,41,4773,urban,12,shoulder,medium,0.9,0,on_time
DEL_00745,SUP_005,Karagandy Insulate,insulation,PRJ_009,Astana,2026-03-16,2026-04-09,2026-04-09,24,3763,urban,27,shoulder,low,0.88,0,on_time
DEL_00746,SUP_005,Karagandy Insulate,insulation,PRJ_004,Shymkent,2026-02-06,2026-02-09,2026-02-17,3,2893,intercity,521,winter,medium,0.88,8,late
DEL_00747,SUP_003,Prefab KZ,prefab_panels,PRJ_001,Almaty,2026-06-09,2026-07-11,2026-07-15,32,1757,intercity,172,summer,low,0.65,4,late
DEL_00748,SUP_007,EcoBrick Shymkent,bricks,PRJ_003,Karagandy,2025-12-24,2026-01-07,2026-01-11,14,4647,urban,53,winter,high,0.9,4,late
DEL_00749,SUP_003,Prefab KZ,prefab_panels,PRJ_004,Shymkent,2025-12-06,2025-12-13,2025-12-17,7,3683,urban,55,winter,high,0.65,4,late
DEL_00750,SUP_002,Kazrebar Steel,steel_beams,PRJ_009,Astana,2025-02-03,2025-02-12,2025-02-23,9,545,urban,42,winter,medium,0.78,11,late
DEL_00751,SUP_010,Local Timber Co,formwork,PRJ_007,Almaty,2025-05-05,2025-06-12,2025-06-12,38,1928,intercity,646,summer,low,0.94,0,on_time
DEL_00752,SUP_008,China Modular Import,modular_units,PRJ_005,Shymkent,2026-05-29,2026-06-09,2026-06-15,11,2139,cross_border,1890,summer,low,0.48,6,late
DEL_00753,SUP_007,EcoBrick Shymkent,cement,PRJ_003,Karagandy,2025-11-12,2025-12-09,2025-12-12,27,2876,intercity,263,winter,high,0.9,3,late
DEL_00754,SUP_006,Astana Glass Works,glass_facade,PRJ_005,Shymkent,2026-06-15,2026-07-10,2026-07-10,25,4552,urban,20,summer,medium,0.81,0,on_time
DEL_00755,SUP_001,Almaty Cement Zavod,cement,PRJ_005,Shymkent,2025-11-19,2025-12-15,2025-12-30,26,3262,intercity,567,winter,high,0.92,15,late
DEL_00756,SUP_005,Karagandy Insulate,insulation,PRJ_007,Almaty,2026-04-16,2026-04-28,2026-04-28,12,3031,intercity,761,shoulder,low,0.88,0,on_time
DEL_00757,SUP_003,Prefab KZ,prefab_panels,PRJ_004,Shymkent,2025-10-22,2025-11-20,2025-11-20,29,3042,intercity,68,shoulder,medium,0.65,0,on_time
DEL_00758,SUP_001,Almaty Cement Zavod,cement,PRJ_007,Almaty,2025-06-13,2025-06-26,2025-06-26,13,2100,urban,28,summer,low,0.92,0,on_time
DEL_00759,SUP_007,EcoBrick Shymkent,cement,PRJ_003,Karagandy,2025-02-28,2025-04-01,2025-04-01,32,1963,urban,14,shoulder,medium,0.9,0,on_time
DEL_00760,SUP_001,Almaty Cement Zavod,cement,PRJ_003,Karagandy,2025-12-03,2026-01-09,2026-01-22,37,4418,intercity,752,winter,medium,0.92,13,late
DEL_00761,SUP_002,Kazrebar Steel,rebar,PRJ_008,Aktobe,2025-11-16,2025-11-26,2025-11-26,10,802,urban,24,shoulder,high,0.78,0,on_time
DEL_00762,SUP_002,Kazrebar Steel,steel_beams,PRJ_008,Aktobe,2026-02-05,2026-02-25,2026-02-25,20,658,urban,21,winter,low,0.78,0,on_time
DEL_00763,SUP_010,Local Timber Co,timber,PRJ_006,Atyrau,2026-04-27,2026-05-14,2026-05-25,17,2750,intercity,874,shoulder,high,0.94,11,late
DEL_00764,SUP_003,Prefab KZ,prefab_panels,PRJ_006,Atyrau,2025-12-03,2026-01-12,2026-01-12,40,3774,urban,59,winter,medium,0.65,0,on_time
DEL_00765,SUP_006,Astana Glass Works,glass_facade,PRJ_004,Shymkent,2026-04-12,2026-04-22,2026-04-23,10,4817,intercity,413,shoulder,low,0.81,1,late
DEL_00766,SUP_008,China Modular Import,prefab_panels,PRJ_009,Astana,2025-05-17,2025-06-11,2025-06-21,25,39,cross_border,1692,summer,high,0.48,10,late
DEL_00767,SUP_003,Prefab KZ,prefab_panels,PRJ_002,Aktobe,2025-03-08,2025-04-04,2025-04-15,27,325,intercity,556,shoulder,medium,0.65,11,late
DEL_00768,SUP_010,Local Timber Co,formwork,PRJ_007,Almaty,2025-10-17,2025-10-23,2025-10-23,6,2718,intercity,435,shoulder,low,0.94,0,on_time
DEL_00769,SUP_008,China Modular Import,modular_units,PRJ_006,Atyrau,2025-06-23,2025-08-06,2025-08-06,44,529,cross_border,3170,summer,low,0.48,0,on_time
DEL_00770,SUP_003,Prefab KZ,prefab_panels,PRJ_010,Almaty,2025-03-11,2025-03-18,2025-03-18,7,331,urban,45,shoulder,low,0.65,0,on_time
DEL_00771,SUP_010,Local Timber Co,formwork,PRJ_008,Aktobe,2026-04-22,2026-05-27,2026-05-27,35,2972,urban,40,shoulder,low,0.94,0,on_time
DEL_00772,SUP_009,Atyrau Pipe & Steel,rebar,PRJ_007,Almaty,2026-02-18,2026-03-30,2026-03-30,40,3067,urban,31,shoulder,medium,0.73,0,on_time
DEL_00773,SUP_002,Kazrebar Steel,rebar,PRJ_003,Karagandy,2026-01-24,2026-01-28,2026-01-29,4,923,intercity,317,winter,high,0.78,1,late
DEL_00774,SUP_010,Local Timber Co,formwork,PRJ_005,Shymkent,2026-06-08,2026-06-13,2026-06-13,5,984,urban,58,summer,medium,0.94,0,on_time
DEL_00775,SUP_001,Almaty Cement Zavod,cement,PRJ_007,Almaty,2025-05-02,2025-05-11,2025-05-11,9,275,intercity,261,shoulder,low,0.92,0,on_time
DEL_00776,SUP_004,SteelImport Turkey,glass_facade,PRJ_004,Shymkent,2026-05-19,2026-06-25,2026-07-05,37,1764,cross_border,2329,summer,low,0.55,10,late
DEL_00777,SUP_009,Atyrau Pipe & Steel,pipes,PRJ_009,Astana,2026-03-09,2026-03-18,2026-03-26,9,3542,urban,53,shoulder,low,0.73,8,late
DEL_00778,SUP_007,EcoBrick Shymkent,cement,PRJ_004,Shymkent,2026-01-26,2026-03-06,2026-03-06,39,2598,intercity,784,shoulder,low,0.9,0,on_time
DEL_00779,SUP_003,Prefab KZ,prefab_panels,PRJ_001,Almaty,2026-02-03,2026-03-12,2026-03-12,37,590,intercity,720,shoulder,low,0.65,0,on_time
DEL_00780,SUP_007,EcoBrick Shymkent,bricks,PRJ_002,Aktobe,2025-04-02,2025-04-09,2025-04-09,7,2601,intercity,585,shoulder,high,0.9,0,on_time
DEL_00781,SUP_006,Astana Glass Works,glass_facade,PRJ_004,Shymkent,2026-04-27,2026-05-17,2026-05-17,20,2826,intercity,698,shoulder,medium,0.81,0,on_time
DEL_00782,SUP_009,Atyrau Pipe & Steel,pipes,PRJ_008,Aktobe,2026-03-25,2026-04-12,2026-04-12,18,2544,intercity,745,shoulder,low,0.73,0,on_time
DEL_00783,SUP_008,China Modular Import,prefab_panels,PRJ_006,Atyrau,2025-11-23,2025-12-29,2026-01-02,36,2528,cross_border,2349,winter,medium,0.48,4,late
DEL_00784,SUP_007,EcoBrick Shymkent,bricks,PRJ_009,Astana,2025-09-16,2025-10-19,2025-10-19,33,800,urban,29,shoulder,medium,0.9,0,on_time
DEL_00785,SUP_004,SteelImport Turkey,glass_facade,PRJ_006,Atyrau,2026-03-04,2026-03-23,2026-04-01,19,2751,cross_border,1903,shoulder,low,0.55,9,late
DEL_00786,SUP_003,Prefab KZ,prefab_panels,PRJ_001,Almaty,2026-05-06,2026-06-14,2026-06-17,39,3066,intercity,457,summer,low,0.65,3,late
DEL_00787,SUP_003,Prefab KZ,prefab_panels,PRJ_007,Almaty,2025-11-03,2025-11-12,2025-11-23,9,3928,intercity,651,shoulder,low,0.65,11,late
DEL_00788,SUP_007,EcoBrick Shymkent,cement,PRJ_009,Astana,2026-04-12,2026-04-19,2026-04-19,7,3310,urban,6,shoulder,medium,0.9,0,on_time
DEL_00789,SUP_006,Astana Glass Works,glass_facade,PRJ_005,Shymkent,2025-10-27,2025-12-08,2025-12-08,42,4956,intercity,538,winter,medium,0.81,0,on_time
DEL_00790,SUP_007,EcoBrick Shymkent,cement,PRJ_004,Shymkent,2025-07-20,2025-08-26,2025-08-29,37,2887,intercity,167,summer,medium,0.9,3,late
DEL_00791,SUP_002,Kazrebar Steel,rebar,PRJ_002,Aktobe,2025-02-11,2025-02-20,2025-02-23,9,1031,intercity,570,winter,high,0.78,3,late
DEL_00792,SUP_004,SteelImport Turkey,steel_beams,PRJ_003,Karagandy,2025-09-25,2025-10-30,2025-11-06,35,2398,cross_border,2122,shoulder,low,0.55,7,late
DEL_00793,SUP_002,Kazrebar Steel,steel_beams,PRJ_009,Astana,2026-06-03,2026-06-09,2026-06-06,6,3500,intercity,554,summer,medium,0.78,-3,early
DEL_00794,SUP_008,China Modular Import,prefab_panels,PRJ_002,Aktobe,2025-03-18,2025-04-25,2025-04-24,38,3517,cross_border,4354,shoulder,medium,0.48,-1,early
DEL_00795,SUP_002,Kazrebar Steel,steel_beams,PRJ_008,Aktobe,2026-03-22,2026-04-13,2026-04-20,22,3599,intercity,593,shoulder,low,0.78,7,late
DEL_00796,SUP_010,Local Timber Co,formwork,PRJ_002,Aktobe,2025-10-26,2025-11-20,2025-11-20,25,2976,urban,39,shoulder,medium,0.94,0,on_time
DEL_00797,SUP_008,China Modular Import,modular_units,PRJ_003,Karagandy,2025-06-08,2025-07-03,2025-07-08,25,2811,cross_border,834,summer,medium,0.48,5,late
DEL_00798,SUP_005,Karagandy Insulate,insulation,PRJ_002,Aktobe,2025-09-28,2025-11-04,2025-11-05,37,4271,intercity,797,shoulder,high,0.88,1,late
DEL_00799,SUP_004,SteelImport Turkey,glass_facade,PRJ_003,Karagandy,2025-02-21,2025-03-07,2025-03-11,14,4827,cross_border,876,shoulder,low,0.55,4,late
DEL_00800,SUP_009,Atyrau Pipe & Steel,rebar,PRJ_007,Almaty,2025-12-05,2026-01-01,2025-12-31,27,2694,urban,25,winter,medium,0.73,-1,early
DEL_00801,SUP_007,EcoBrick Shymkent,cement,PRJ_004,Shymkent,2026-02-21,2026-03-23,2026-03-23,30,2295,urban,18,shoulder,low,0.9,0,on_time
DEL_00802,SUP_003,Prefab KZ,prefab_panels,PRJ_007,Almaty,2026-03-09,2026-04-03,2026-04-07,25,4918,urban,28,shoulder,low,0.65,4,late
DEL_00803,SUP_005,Karagandy Insulate,insulation,PRJ_002,Aktobe,2025-06-17,2025-07-30,2025-07-30,43,3035,urban,43,summer,low,0.88,0,on_time
DEL_00804,SUP_008,China Modular Import,prefab_panels,PRJ_004,Shymkent,2025-07-29,2025-08-02,2025-08-20,4,3395,cross_border,2560,summer,high,0.48,18,late
DEL_00805,SUP_008,China Modular Import,prefab_panels,PRJ_004,Shymkent,2026-03-28,2026-04-06,2026-04-14,9,3064,cross_border,4154,shoulder,medium,0.48,8,late
DEL_00806,SUP_004,SteelImport Turkey,glass_facade,PRJ_007,Almaty,2026-01-02,2026-01-20,2026-01-27,18,3234,cross_border,2293,winter,high,0.55,7,late
DEL_00807,SUP_002,Kazrebar Steel,rebar,PRJ_007,Almaty,2026-01-04,2026-02-16,2026-02-16,43,1887,intercity,540,winter,medium,0.78,0,on_time
DEL_00808,SUP_001,Almaty Cement Zavod,concrete_mix,PRJ_004,Shymkent,2026-03-19,2026-04-12,2026-04-14,24,2498,urban,30,shoulder,low,0.92,2,late
DEL_00809,SUP_007,EcoBrick Shymkent,cement,PRJ_010,Almaty,2026-04-07,2026-04-25,2026-04-24,18,3134,intercity,384,shoulder,medium,0.9,-1,early
DEL_00810,SUP_006,Astana Glass Works,glass_facade,PRJ_002,Aktobe,2026-01-23,2026-01-28,2026-01-28,5,3721,urban,29,winter,high,0.81,0,on_time
DEL_00811,SUP_006,Astana Glass Works,glass_facade,PRJ_009,Astana,2026-01-31,2026-02-08,2026-02-18,8,2844,intercity,764,winter,low,0.81,10,late
DEL_00812,SUP_010,Local Timber Co,timber,PRJ_002,Aktobe,2025-08-17,2025-09-04,2025-09-04,18,112,intercity,164,shoulder,high,0.94,0,on_time
DEL_00813,SUP_005,Karagandy Insulate,insulation,PRJ_010,Almaty,2025-04-04,2025-04-18,2025-04-18,14,2272,urban,50,shoulder,low,0.88,0,on_time
DEL_00814,SUP_009,Atyrau Pipe & Steel,pipes,PRJ_008,Aktobe,2025-10-13,2025-11-04,2025-11-04,22,3585,urban,26,shoulder,low,0.73,0,on_time
DEL_00815,SUP_005,Karagandy Insulate,insulation,PRJ_002,Aktobe,2025-10-22,2025-10-27,2025-11-04,5,2856,urban,51,shoulder,low,0.88,8,late
DEL_00816,SUP_003,Prefab KZ,prefab_panels,PRJ_009,Astana,2025-02-28,2025-04-09,2025-04-11,40,4775,intercity,398,shoulder,low,0.65,2,late
DEL_00817,SUP_009,Atyrau Pipe & Steel,rebar,PRJ_005,Shymkent,2026-03-05,2026-03-17,2026-03-13,12,148,urban,37,shoulder,low,0.73,-4,early
DEL_00818,SUP_002,Kazrebar Steel,rebar,PRJ_009,Astana,2025-03-08,2025-04-01,2025-04-03,24,874,intercity,360,shoulder,high,0.78,2,late
DEL_00819,SUP_001,Almaty Cement Zavod,cement,PRJ_006,Atyrau,2025-12-24,2025-12-30,2026-01-05,6,181,urban,42,winter,low,0.92,6,late
DEL_00820,SUP_008,China Modular Import,modular_units,PRJ_001,Almaty,2025-01-28,2025-02-04,2025-02-15,7,2149,cross_border,1290,winter,high,0.48,11,late
DEL_00821,SUP_001,Almaty Cement Zavod,cement,PRJ_006,Atyrau,2025-01-13,2025-02-11,2025-02-11,29,996,urban,34,winter,high,0.92,0,on_time
DEL_00822,SUP_008,China Modular Import,prefab_panels,PRJ_009,Astana,2026-06-07,2026-06-19,2026-06-28,12,433,cross_border,1278,summer,low,0.48,9,late
DEL_00823,SUP_006,Astana Glass Works,glass_facade,PRJ_004,Shymkent,2025-09-16,2025-09-29,2025-10-08,13,2670,intercity,405,shoulder,low,0.81,9,late
DEL_00824,SUP_009,Atyrau Pipe & Steel,rebar,PRJ_001,Almaty,2025-05-05,2025-05-10,2025-05-14,5,2548,urban,12,shoulder,low,0.73,4,late
DEL_00825,SUP_003,Prefab KZ,prefab_panels,PRJ_010,Almaty,2025-01-03,2025-02-14,2025-02-14,42,1476,urban,34,winter,medium,0.65,0,on_time
DEL_00826,SUP_003,Prefab KZ,prefab_panels,PRJ_003,Karagandy,2025-06-27,2025-08-04,2025-08-12,38,954,intercity,609,summer,low,0.65,8,late
DEL_00827,SUP_008,China Modular Import,prefab_panels,PRJ_008,Aktobe,2025-02-21,2025-03-15,2025-03-26,22,1638,cross_border,3064,shoulder,medium,0.48,11,late
DEL_00828,SUP_008,China Modular Import,modular_units,PRJ_009,Astana,2026-01-31,2026-03-07,2026-03-19,35,2118,cross_border,3467,shoulder,low,0.48,12,late
DEL_00829,SUP_003,Prefab KZ,prefab_panels,PRJ_001,Almaty,2025-10-24,2025-11-14,2025-11-14,21,4658,urban,19,shoulder,medium,0.65,0,on_time
DEL_00830,SUP_010,Local Timber Co,timber,PRJ_002,Aktobe,2025-11-05,2025-11-19,2025-11-19,14,54,intercity,596,shoulder,low,0.94,0,on_time
DEL_00831,SUP_007,EcoBrick Shymkent,cement,PRJ_010,Almaty,2025-08-02,2025-08-22,2025-08-22,20,2133,urban,48,summer,high,0.9,0,on_time
DEL_00832,SUP_006,Astana Glass Works,glass_facade,PRJ_004,Shymkent,2026-06-09,2026-06-27,2026-06-27,18,2643,intercity,90,summer,medium,0.81,0,on_time
DEL_00833,SUP_007,EcoBrick Shymkent,bricks,PRJ_001,Almaty,2026-01-29,2026-02-01,2026-02-01,3,1086,urban,44,winter,medium,0.9,0,on_time
DEL_00834,SUP_002,Kazrebar Steel,steel_beams,PRJ_002,Aktobe,2025-10-17,2025-11-09,2025-11-09,23,3943,urban,10,shoulder,low,0.78,0,on_time
DEL_00835,SUP_010,Local Timber Co,formwork,PRJ_001,Almaty,2025-10-01,2025-10-21,2025-10-21,20,1943,intercity,473,shoulder,low,0.94,0,on_time
DEL_00836,SUP_004,SteelImport Turkey,steel_beams,PRJ_003,Karagandy,2026-05-15,2026-05-19,2026-05-20,4,3160,cross_border,2725,shoulder,medium,0.55,1,late
DEL_00837,SUP_006,Astana Glass Works,glass_facade,PRJ_010,Almaty,2025-05-14,2025-05-28,2025-05-28,14,2032,intercity,351,shoulder,low,0.81,0,on_time
DEL_00838,SUP_005,Karagandy Insulate,insulation,PRJ_010,Almaty,2025-04-27,2025-05-11,2025-05-11,14,783,urban,36,shoulder,low,0.88,0,on_time
DEL_00839,SUP_004,SteelImport Turkey,steel_beams,PRJ_005,Shymkent,2025-09-11,2025-10-02,2025-10-10,21,2197,cross_border,4348,shoulder,medium,0.55,8,late
DEL_00840,SUP_004,SteelImport Turkey,steel_beams,PRJ_001,Almaty,2025-12-03,2025-12-23,2026-01-05,20,121,cross_border,1115,winter,medium,0.55,13,late
DEL_00841,SUP_002,Kazrebar Steel,rebar,PRJ_001,Almaty,2025-04-01,2025-05-07,2025-05-07,36,4688,urban,32,shoulder,high,0.78,0,on_time
DEL_00842,SUP_003,Prefab KZ,prefab_panels,PRJ_004,Shymkent,2025-04-05,2025-05-12,2025-05-12,37,1791,urban,30,shoulder,high,0.65,0,on_time
DEL_00843,SUP_010,Local Timber Co,formwork,PRJ_009,Astana,2025-03-01,2025-04-12,2025-04-10,42,3525,urban,31,shoulder,low,0.94,-2,early
DEL_00844,SUP_008,China Modular Import,prefab_panels,PRJ_004,Shymkent,2026-03-29,2026-04-08,2026-04-04,10,2311,cross_border,3763,shoulder,low,0.48,-4,early
DEL_00845,SUP_001,Almaty Cement Zavod,cement,PRJ_007,Almaty,2025-11-17,2025-12-24,2025-12-24,37,965,urban,6,winter,low,0.92,0,on_time
DEL_00846,SUP_008,China Modular Import,prefab_panels,PRJ_001,Almaty,2025-07-30,2025-09-03,2025-09-03,35,1953,cross_border,3600,shoulder,low,0.48,0,on_time
DEL_00847,SUP_002,Kazrebar Steel,steel_beams,PRJ_008,Aktobe,2025-09-30,2025-10-11,2025-10-11,11,4283,urban,58,shoulder,medium,0.78,0,on_time
DEL_00848,SUP_010,Local Timber Co,formwork,PRJ_010,Almaty,2025-12-14,2025-12-22,2025-12-22,8,3225,intercity,735,winter,medium,0.94,0,on_time
DEL_00849,SUP_009,Atyrau Pipe & Steel,rebar,PRJ_010,Almaty,2025-09-27,2025-11-04,2025-11-04,38,2241,urban,33,shoulder,low,0.73,0,on_time
DEL_00850,SUP_009,Atyrau Pipe & Steel,rebar,PRJ_004,Shymkent,2025-01-20,2025-02-21,2025-02-21,32,4760,urban,22,winter,low,0.73,0,on_time
DEL_00851,SUP_001,Almaty Cement Zavod,concrete_mix,PRJ_001,Almaty,2025-10-15,2025-11-01,2025-11-01,17,3686,intercity,599,shoulder,low,0.92,0,on_time
DEL_00852,SUP_009,Atyrau Pipe & Steel,rebar,PRJ_002,Aktobe,2025-11-25,2025-12-23,2025-12-30,28,2257,urban,51,winter,medium,0.73,7,late
DEL_00853,SUP_005,Karagandy Insulate,insulation,PRJ_001,Almaty,2026-06-02,2026-06-16,2026-06-16,14,2811,intercity,769,summer,low,0.88,0,on_time
DEL_00854,SUP_004,SteelImport Turkey,steel_beams,PRJ_002,Aktobe,2025-11-12,2025-12-14,2025-12-31,32,2065,cross_border,4484,winter,high,0.55,17,late
DEL_00855,SUP_003,Prefab KZ,prefab_panels,PRJ_009,Astana,2025-12-11,2026-01-23,2026-02-02,43,4597,intercity,481,winter,high,0.65,10,late
DEL_00856,SUP_002,Kazrebar Steel,steel_beams,PRJ_004,Shymkent,2025-08-22,2025-09-26,2025-10-10,35,2365,intercity,353,shoulder,high,0.78,14,late
DEL_00857,SUP_006,Astana Glass Works,glass_facade,PRJ_004,Shymkent,2025-03-15,2025-04-13,2025-04-13,29,4347,intercity,168,shoulder,low,0.81,0,on_time
DEL_00858,SUP_003,Prefab KZ,prefab_panels,PRJ_003,Karagandy,2025-07-27,2025-08-22,2025-08-22,26,267,intercity,800,summer,high,0.65,0,on_time
DEL_00859,SUP_009,Atyrau Pipe & Steel,rebar,PRJ_007,Almaty,2025-04-21,2025-05-09,2025-05-09,18,696,intercity,272,shoulder,low,0.73,0,on_time
DEL_00860,SUP_009,Atyrau Pipe & Steel,rebar,PRJ_007,Almaty,2025-08-22,2025-09-25,2025-09-25,34,1385,urban,15,shoulder,low,0.73,0,on_time
DEL_00861,SUP_004,SteelImport Turkey,steel_beams,PRJ_005,Shymkent,2025-03-15,2025-04-10,2025-04-11,26,3797,cross_border,1979,shoulder,low,0.55,1,late
DEL_00862,SUP_005,Karagandy Insulate,insulation,PRJ_008,Aktobe,2025-09-08,2025-09-17,2025-09-16,9,420,intercity,743,shoulder,low,0.88,-1,early
DEL_00863,SUP_006,Astana Glass Works,glass_facade,PRJ_002,Aktobe,2025-04-16,2025-04-23,2025-04-29,7,99,intercity,153,shoulder,medium,0.81,6,late
DEL_00864,SUP_004,SteelImport Turkey,glass_facade,PRJ_006,Atyrau,2025-08-23,2025-09-15,2025-09-20,23,1022,cross_border,2776,shoulder,low,0.55,5,late
DEL_00865,SUP_002,Kazrebar Steel,steel_beams,PRJ_007,Almaty,2026-01-09,2026-01-16,2026-01-31,7,122,intercity,643,winter,high,0.78,15,late
DEL_00866,SUP_003,Prefab KZ,prefab_panels,PRJ_002,Aktobe,2025-05-06,2025-05-25,2025-05-30,19,2970,intercity,174,shoulder,low,0.65,5,late
DEL_00867,SUP_010,Local Timber Co,formwork,PRJ_006,Atyrau,2025-12-14,2026-01-02,2026-01-02,19,4273,intercity,323,winter,medium,0.94,0,on_time
DEL_00868,SUP_007,EcoBrick Shymkent,cement,PRJ_007,Almaty,2026-03-29,2026-05-04,2026-05-04,36,55,urban,49,shoulder,medium,0.9,0,on_time
DEL_00869,SUP_007,EcoBrick Shymkent,bricks,PRJ_008,Aktobe,2025-03-02,2025-03-17,2025-03-17,15,1375,urban,55,shoulder,medium,0.9,0,on_time
DEL_00870,SUP_008,China Modular Import,prefab_panels,PRJ_001,Almaty,2026-01-26,2026-03-03,2026-03-08,36,3578,cross_border,3437,shoulder,low,0.48,5,late
DEL_00871,SUP_008,China Modular Import,prefab_panels,PRJ_001,Almaty,2025-10-28,2025-11-17,2025-11-17,20,3917,cross_border,1723,shoulder,medium,0.48,0,on_time
DEL_00872,SUP_009,Atyrau Pipe & Steel,pipes,PRJ_005,Shymkent,2025-02-03,2025-03-03,2025-03-03,28,583,intercity,537,shoulder,low,0.73,0,on_time
DEL_00873,SUP_003,Prefab KZ,prefab_panels,PRJ_005,Shymkent,2025-09-19,2025-10-02,2025-10-02,13,2331,urban,43,shoulder,high,0.65,0,on_time
DEL_00874,SUP_001,Almaty Cement Zavod,concrete_mix,PRJ_008,Aktobe,2026-04-25,2026-06-05,2026-06-16,41,3327,intercity,445,summer,high,0.92,11,late
DEL_00875,SUP_004,SteelImport Turkey,glass_facade,PRJ_006,Atyrau,2025-03-28,2025-04-13,2025-04-16,16,1876,cross_border,845,shoulder,low,0.55,3,late
DEL_00876,SUP_003,Prefab KZ,prefab_panels,PRJ_006,Atyrau,2025-12-30,2026-02-09,2026-02-05,41,4496,urban,19,winter,high,0.65,-4,early
DEL_00877,SUP_010,Local Timber Co,timber,PRJ_001,Almaty,2026-01-03,2026-01-30,2026-01-30,27,750,intercity,720,winter,low,0.94,0,on_time
DEL_00878,SUP_003,Prefab KZ,prefab_panels,PRJ_002,Aktobe,2025-01-08,2025-01-30,2025-01-30,22,1060,intercity,607,winter,medium,0.65,0,on_time
DEL_00879,SUP_003,Prefab KZ,prefab_panels,PRJ_005,Shymkent,2025-07-12,2025-07-16,2025-07-12,4,74,urban,10,summer,low,0.65,-4,early
DEL_00880,SUP_006,Astana Glass Works,glass_facade,PRJ_003,Karagandy,2025-02-15,2025-03-02,2025-03-02,15,2543,intercity,317,shoulder,low,0.81,0,on_time
DEL_00881,SUP_002,Kazrebar Steel,rebar,PRJ_002,Aktobe,2026-05-26,2026-06-22,2026-06-22,27,4462,intercity,684,summer,low,0.78,0,on_time
DEL_00882,SUP_008,China Modular Import,modular_units,PRJ_007,Almaty,2025-05-20,2025-05-25,2025-06-09,5,1407,cross_border,931,shoulder,medium,0.48,15,late
DEL_00883,SUP_003,Prefab KZ,prefab_panels,PRJ_009,Astana,2025-07-12,2025-07-25,2025-07-25,13,808,intercity,125,summer,low,0.65,0,on_time
DEL_00884,SUP_007,EcoBrick Shymkent,bricks,PRJ_006,Atyrau,2026-04-18,2026-05-18,2026-05-18,30,2993,intercity,456,shoulder,low,0.9,0,on_time
DEL_00885,SUP_005,Karagandy Insulate,insulation,PRJ_010,Almaty,2026-01-08,2026-02-10,2026-02-10,33,167,intercity,582,winter,high,0.88,0,on_time
DEL_00886,SUP_006,Astana Glass Works,glass_facade,PRJ_009,Astana,2025-12-15,2025-12-29,2025-12-29,14,2077,intercity,251,winter,medium,0.81,0,on_time
DEL_00887,SUP_010,Local Timber Co,timber,PRJ_010,Almaty,2025-07-10,2025-08-16,2025-08-16,37,898,intercity,689,summer,low,0.94,0,on_time
DEL_00888,SUP_006,Astana Glass Works,glass_facade,PRJ_001,Almaty,2025-01-17,2025-03-01,2025-03-01,43,1278,intercity,491,shoulder,medium,0.81,0,on_time
DEL_00889,SUP_004,SteelImport Turkey,glass_facade,PRJ_010,Almaty,2026-06-24,2026-07-29,2026-07-31,35,1976,cross_border,1704,summer,low,0.55,2,late
DEL_00890,SUP_006,Astana Glass Works,glass_facade,PRJ_001,Almaty,2026-04-02,2026-04-09,2026-04-09,7,3663,urban,25,shoulder,low,0.81,0,on_time
DEL_00891,SUP_002,Kazrebar Steel,rebar,PRJ_006,Atyrau,2025-02-28,2025-03-15,2025-03-18,15,4926,intercity,406,shoulder,medium,0.78,3,late
DEL_00892,SUP_008,China Modular Import,prefab_panels,PRJ_004,Shymkent,2025-08-11,2025-08-21,2025-08-21,10,1704,cross_border,1706,summer,low,0.48,0,on_time
DEL_00893,SUP_003,Prefab KZ,prefab_panels,PRJ_003,Karagandy,2025-01-02,2025-01-05,2025-01-10,3,1015,urban,28,winter,medium,0.65,5,late
DEL_00894,SUP_004,SteelImport Turkey,glass_facade,PRJ_007,Almaty,2026-01-01,2026-01-29,2026-02-05,28,1321,cross_border,4059,winter,medium,0.55,7,late
DEL_00895,SUP_005,Karagandy Insulate,insulation,PRJ_002,Aktobe,2026-05-16,2026-06-17,2026-06-18,32,3747,intercity,384,summer,medium,0.88,1,late
DEL_00896,SUP_004,SteelImport Turkey,glass_facade,PRJ_007,Almaty,2025-02-20,2025-02-27,2025-02-28,7,3713,cross_border,1908,winter,high,0.55,1,late
DEL_00897,SUP_007,EcoBrick Shymkent,cement,PRJ_010,Almaty,2025-12-07,2026-01-07,2026-01-07,31,1890,intercity,497,winter,medium,0.9,0,on_time
DEL_00898,SUP_006,Astana Glass Works,glass_facade,PRJ_008,Aktobe,2025-05-16,2025-06-05,2025-06-07,20,3598,urban,44,summer,medium,0.81,2,late
DEL_00899,SUP_008,China Modular Import,modular_units,PRJ_009,Astana,2026-05-30,2026-06-22,2026-07-04,23,3197,cross_border,4080,summer,low,0.48,12,late
DEL_00900,SUP_006,Astana Glass Works,glass_facade,PRJ_005,Shymkent,2025-08-23,2025-09-21,2025-09-20,29,2292,urban,42,shoulder,high,0.81,-1,early
DEL_00901,SUP_006,Astana Glass Works,glass_facade,PRJ_007,Almaty,2025-03-18,2025-04-27,2025-04-27,40,1121,intercity,752,shoulder,low,0.81,0,on_time
DEL_00902,SUP_009,Atyrau Pipe & Steel,pipes,PRJ_004,Shymkent,2025-10-29,2025-11-20,2025-11-20,22,1850,intercity,709,shoulder,high,0.73,0,on_time
DEL_00903,SUP_005,Karagandy Insulate,insulation,PRJ_001,Almaty,2025-05-31,2025-07-03,2025-07-07,33,3118,urban,23,summer,medium,0.88,4,late
DEL_00904,SUP_005,Karagandy Insulate,insulation,PRJ_010,Almaty,2025-02-02,2025-02-10,2025-02-10,8,842,intercity,475,winter,medium,0.88,0,on_time
DEL_00905,SUP_005,Karagandy Insulate,insulation,PRJ_002,Aktobe,2025-03-24,2025-04-02,2025-04-02,9,3155,intercity,321,shoulder,medium,0.88,0,on_time
DEL_00906,SUP_007,EcoBrick Shymkent,cement,PRJ_005,Shymkent,2026-03-30,2026-04-24,2026-04-24,25,362,intercity,765,shoulder,low,0.9,0,on_time
DEL_00907,SUP_002,Kazrebar Steel,rebar,PRJ_005,Shymkent,2025-01-16,2025-02-04,2025-02-04,19,3762,urban,18,winter,medium,0.78,0,on_time
DEL_00908,SUP_006,Astana Glass Works,glass_facade,PRJ_006,Atyrau,2026-02-15,2026-03-25,2026-03-25,38,4885,intercity,142,shoulder,low,0.81,0,on_time
DEL_00909,SUP_003,Prefab KZ,prefab_panels,PRJ_008,Aktobe,2025-08-01,2025-08-17,2025-08-18,16,1797,intercity,364,summer,low,0.65,1,late
DEL_00910,SUP_001,Almaty Cement Zavod,cement,PRJ_007,Almaty,2025-02-17,2025-03-14,2025-03-14,25,93,intercity,641,shoulder,low,0.92,0,on_time
DEL_00911,SUP_006,Astana Glass Works,glass_facade,PRJ_010,Almaty,2025-09-17,2025-10-08,2025-10-18,21,4840,urban,24,shoulder,low,0.81,10,late
DEL_00912,SUP_001,Almaty Cement Zavod,cement,PRJ_006,Atyrau,2025-11-17,2025-12-28,2026-01-08,41,2435,intercity,326,winter,high,0.92,11,late
DEL_00913,SUP_009,Atyrau Pipe & Steel,rebar,PRJ_004,Shymkent,2025-01-22,2025-02-08,2025-02-21,17,4154,intercity,450,winter,medium,0.73,13,late
DEL_00914,SUP_004,SteelImport Turkey,steel_beams,PRJ_006,Atyrau,2025-04-20,2025-05-07,2025-05-13,17,1473,cross_border,1829,shoulder,low,0.55,6,late
DEL_00915,SUP_001,Almaty Cement Zavod,concrete_mix,PRJ_007,Almaty,2025-02-15,2025-03-11,2025-03-11,24,3793,intercity,664,shoulder,medium,0.92,0,on_time
DEL_00916,SUP_008,China Modular Import,prefab_panels,PRJ_001,Almaty,2026-01-21,2026-02-20,2026-03-07,30,958,cross_border,3137,winter,medium,0.48,15,late
DEL_00917,SUP_002,Kazrebar Steel,steel_beams,PRJ_010,Almaty,2025-03-27,2025-04-19,2025-04-19,23,1379,intercity,308,shoulder,low,0.78,0,on_time
DEL_00918,SUP_008,China Modular Import,modular_units,PRJ_006,Atyrau,2025-02-17,2025-03-31,2025-04-12,42,401,cross_border,3959,shoulder,low,0.48,12,late
DEL_00919,SUP_004,SteelImport Turkey,steel_beams,PRJ_002,Aktobe,2026-01-28,2026-02-21,2026-03-02,24,134,cross_border,3652,winter,low,0.55,9,late
DEL_00920,SUP_010,Local Timber Co,timber,PRJ_007,Almaty,2026-06-15,2026-07-27,2026-07-24,42,3233,intercity,88,summer,medium,0.94,-3,early
DEL_00921,SUP_009,Atyrau Pipe & Steel,pipes,PRJ_007,Almaty,2025-02-18,2025-03-24,2025-03-29,34,4577,intercity,579,shoulder,high,0.73,5,late
DEL_00922,SUP_002,Kazrebar Steel,rebar,PRJ_001,Almaty,2025-05-07,2025-06-05,2025-06-05,29,3513,intercity,812,summer,high,0.78,0,on_time
DEL_00923,SUP_002,Kazrebar Steel,rebar,PRJ_003,Karagandy,2025-11-21,2025-12-27,2025-12-27,36,1740,urban,9,winter,low,0.78,0,on_time
DEL_00924,SUP_010,Local Timber Co,formwork,PRJ_004,Shymkent,2025-11-08,2025-12-10,2025-12-14,32,2998,intercity,177,winter,low,0.94,4,late
DEL_00925,SUP_003,Prefab KZ,prefab_panels,PRJ_003,Karagandy,2025-03-02,2025-03-18,2025-03-18,16,1527,intercity,371,shoulder,low,0.65,0,on_time
DEL_00926,SUP_004,SteelImport Turkey,steel_beams,PRJ_006,Atyrau,2026-01-12,2026-01-16,2026-01-27,4,1604,cross_border,3288,winter,high,0.55,11,late
DEL_00927,SUP_005,Karagandy Insulate,insulation,PRJ_002,Aktobe,2025-07-09,2025-07-17,2025-07-17,8,4854,intercity,851,summer,low,0.88,0,on_time
DEL_00928,SUP_002,Kazrebar Steel,steel_beams,PRJ_001,Almaty,2026-04-19,2026-05-19,2026-06-03,30,3521,urban,10,shoulder,high,0.78,15,late
DEL_00929,SUP_003,Prefab KZ,prefab_panels,PRJ_008,Aktobe,2025-11-25,2025-12-16,2025-12-19,21,780,intercity,458,winter,low,0.65,3,late
DEL_00930,SUP_002,Kazrebar Steel,rebar,PRJ_009,Astana,2026-05-16,2026-06-12,2026-06-12,27,3587,intercity,497,summer,low,0.78,0,on_time
DEL_00931,SUP_007,EcoBrick Shymkent,cement,PRJ_004,Shymkent,2025-02-08,2025-03-03,2025-03-16,23,2188,intercity,686,shoulder,high,0.9,13,late
DEL_00932,SUP_008,China Modular Import,prefab_panels,PRJ_007,Almaty,2025-11-06,2025-12-06,2025-12-20,30,241,cross_border,1064,winter,high,0.48,14,late
DEL_00933,SUP_007,EcoBrick Shymkent,bricks,PRJ_003,Karagandy,2026-01-15,2026-02-11,2026-02-17,27,1122,intercity,724,winter,medium,0.9,6,late
DEL_00934,SUP_002,Kazrebar Steel,rebar,PRJ_003,Karagandy,2025-10-06,2025-11-16,2025-11-16,41,1214,urban,7,shoulder,medium,0.78,0,on_time
DEL_00935,SUP_003,Prefab KZ,prefab_panels,PRJ_007,Almaty,2026-01-06,2026-02-05,2026-02-12,30,1317,intercity,820,winter,low,0.65,7,late
DEL_00936,SUP_008,China Modular Import,modular_units,PRJ_005,Shymkent,2025-10-02,2025-10-28,2025-11-03,26,4608,cross_border,4355,shoulder,medium,0.48,6,late
DEL_00937,SUP_008,China Modular Import,modular_units,PRJ_008,Aktobe,2026-03-28,2026-05-07,2026-05-21,40,2148,cross_border,3427,shoulder,low,0.48,14,late
DEL_00938,SUP_008,China Modular Import,prefab_panels,PRJ_005,Shymkent,2025-05-24,2025-06-08,2025-06-15,15,1677,cross_border,1319,summer,high,0.48,7,late
DEL_00939,SUP_002,Kazrebar Steel,steel_beams,PRJ_006,Atyrau,2025-08-24,2025-09-12,2025-09-12,19,2693,urban,56,shoulder,low,0.78,0,on_time
DEL_00940,SUP_009,Atyrau Pipe & Steel,pipes,PRJ_008,Aktobe,2026-02-22,2026-04-03,2026-03-31,40,4105,urban,24,shoulder,medium,0.73,-3,early
DEL_00941,SUP_009,Atyrau Pipe & Steel,rebar,PRJ_008,Aktobe,2026-03-01,2026-03-04,2026-03-04,3,4980,intercity,96,shoulder,low,0.73,0,on_time
DEL_00942,SUP_004,SteelImport Turkey,glass_facade,PRJ_007,Almaty,2025-04-14,2025-05-12,2025-05-13,28,367,cross_border,1091,shoulder,low,0.55,1,late
DEL_00943,SUP_003,Prefab KZ,prefab_panels,PRJ_008,Aktobe,2026-05-05,2026-05-18,2026-05-30,13,4320,intercity,188,shoulder,medium,0.65,12,late
DEL_00944,SUP_006,Astana Glass Works,glass_facade,PRJ_008,Aktobe,2025-08-04,2025-09-07,2025-09-16,34,4180,intercity,562,shoulder,high,0.81,9,late
DEL_00945,SUP_009,Atyrau Pipe & Steel,rebar,PRJ_001,Almaty,2025-05-17,2025-05-20,2025-05-20,3,4882,intercity,121,shoulder,low,0.73,0,on_time
DEL_00946,SUP_008,China Modular Import,prefab_panels,PRJ_009,Astana,2026-06-07,2026-07-01,2026-07-09,24,4933,cross_border,900,summer,low,0.48,8,late
DEL_00947,SUP_006,Astana Glass Works,glass_facade,PRJ_010,Almaty,2026-03-12,2026-03-29,2026-04-05,17,3329,intercity,144,shoulder,medium,0.81,7,late
DEL_00948,SUP_007,EcoBrick Shymkent,cement,PRJ_009,Astana,2026-03-14,2026-03-17,2026-03-17,3,628,urban,19,shoulder,low,0.9,0,on_time
DEL_00949,SUP_002,Kazrebar Steel,rebar,PRJ_009,Astana,2026-02-03,2026-02-16,2026-02-22,13,1167,intercity,155,winter,low,0.78,6,late
DEL_00950,SUP_001,Almaty Cement Zavod,concrete_mix,PRJ_010,Almaty,2026-06-04,2026-06-13,2026-06-13,9,1662,urban,26,summer,low,0.92,0,on_time
DEL_00951,SUP_003,Prefab KZ,prefab_panels,PRJ_006,Atyrau,2025-07-19,2025-09-01,2025-09-16,44,2924,urban,28,shoulder,high,0.65,15,late
DEL_00952,SUP_004,SteelImport Turkey,steel_beams,PRJ_005,Shymkent,2025-04-03,2025-05-12,2025-05-14,39,4052,cross_border,1811,shoulder,low,0.55,2,late
DEL_00953,SUP_009,Atyrau Pipe & Steel,pipes,PRJ_006,Atyrau,2026-05-27,2026-06-13,2026-06-18,17,2653,intercity,137,summer,low,0.73,5,late
DEL_00954,SUP_003,Prefab KZ,prefab_panels,PRJ_008,Aktobe,2025-08-02,2025-08-24,2025-08-24,22,586,urban,29,summer,high,0.65,0,on_time
DEL_00955,SUP_003,Prefab KZ,prefab_panels,PRJ_009,Astana,2025-08-01,2025-09-06,2025-09-16,36,591,urban,56,shoulder,medium,0.65,10,late
DEL_00956,SUP_002,Kazrebar Steel,steel_beams,PRJ_004,Shymkent,2025-07-28,2025-08-20,2025-08-30,23,3092,intercity,763,summer,medium,0.78,10,late
DEL_00957,SUP_005,Karagandy Insulate,insulation,PRJ_003,Karagandy,2025-07-01,2025-07-07,2025-07-07,6,4258,urban,17,summer,low,0.88,0,on_time
DEL_00958,SUP_001,Almaty Cement Zavod,concrete_mix,PRJ_003,Karagandy,2025-07-13,2025-07-17,2025-07-17,4,1694,intercity,537,summer,low,0.92,0,on_time
DEL_00959,SUP_006,Astana Glass Works,glass_facade,PRJ_006,Atyrau,2026-01-15,2026-02-15,2026-02-15,31,4482,intercity,737,winter,medium,0.81,0,on_time
DEL_00960,SUP_009,Atyrau Pipe & Steel,rebar,PRJ_003,Karagandy,2025-12-19,2026-01-23,2026-02-07,35,4988,urban,26,winter,high,0.73,15,late
DEL_00961,SUP_009,Atyrau Pipe & Steel,rebar,PRJ_009,Astana,2025-09-05,2025-10-13,2025-10-25,38,2117,urban,51,shoulder,medium,0.73,12,late
DEL_00962,SUP_001,Almaty Cement Zavod,cement,PRJ_005,Shymkent,2026-01-01,2026-01-27,2026-01-27,26,1689,urban,12,winter,low,0.92,0,on_time
DEL_00963,SUP_008,China Modular Import,prefab_panels,PRJ_008,Aktobe,2025-08-05,2025-08-11,2025-08-22,6,1766,cross_border,2883,summer,low,0.48,11,late
DEL_00964,SUP_008,China Modular Import,prefab_panels,PRJ_007,Almaty,2025-04-24,2025-05-20,2025-06-04,26,722,cross_border,907,shoulder,medium,0.48,15,late
DEL_00965,SUP_008,China Modular Import,prefab_panels,PRJ_009,Astana,2026-04-12,2026-05-25,2026-05-28,43,872,cross_border,1262,shoulder,medium,0.48,3,late
DEL_00966,SUP_006,Astana Glass Works,glass_facade,PRJ_005,Shymkent,2026-03-07,2026-03-10,2026-03-10,3,2324,intercity,346,shoulder,low,0.81,0,on_time
DEL_00967,SUP_001,Almaty Cement Zavod,cement,PRJ_006,Atyrau,2025-05-21,2025-06-15,2025-06-19,25,4410,intercity,605,summer,low,0.92,4,late
DEL_00968,SUP_010,Local Timber Co,formwork,PRJ_010,Almaty,2025-11-13,2025-11-29,2025-12-07,16,199,urban,51,shoulder,low,0.94,8,late
DEL_00969,SUP_005,Karagandy Insulate,insulation,PRJ_010,Almaty,2025-05-21,2025-06-19,2025-06-19,29,3461,urban,22,summer,medium,0.88,0,on_time
DEL_00970,SUP_006,Astana Glass Works,glass_facade,PRJ_001,Almaty,2025-09-24,2025-10-13,2025-10-13,19,3918,intercity,576,shoulder,high,0.81,0,on_time
DEL_00971,SUP_007,EcoBrick Shymkent,bricks,PRJ_004,Shymkent,2025-07-08,2025-07-25,2025-07-25,17,3036,urban,34,summer,low,0.9,0,on_time
DEL_00972,SUP_001,Almaty Cement Zavod,cement,PRJ_009,Astana,2025-04-04,2025-04-21,2025-04-21,17,2713,intercity,882,shoulder,medium,0.92,0,on_time
DEL_00973,SUP_009,Atyrau Pipe & Steel,pipes,PRJ_001,Almaty,2026-05-07,2026-06-08,2026-06-11,32,799,intercity,291,summer,low,0.73,3,late
DEL_00974,SUP_006,Astana Glass Works,glass_facade,PRJ_008,Aktobe,2025-03-15,2025-04-08,2025-04-17,24,4943,urban,41,shoulder,low,0.81,9,late
DEL_00975,SUP_010,Local Timber Co,timber,PRJ_001,Almaty,2025-04-30,2025-06-04,2025-06-04,35,2648,urban,15,summer,medium,0.94,0,on_time
DEL_00976,SUP_007,EcoBrick Shymkent,cement,PRJ_005,Shymkent,2025-07-22,2025-08-29,2025-08-29,38,3520,intercity,303,summer,medium,0.9,0,on_time
DEL_00977,SUP_008,China Modular Import,modular_units,PRJ_002,Aktobe,2026-04-20,2026-04-23,2026-05-01,3,2574,cross_border,3710,shoulder,medium,0.48,8,late
DEL_00978,SUP_003,Prefab KZ,prefab_panels,PRJ_009,Astana,2025-07-12,2025-08-09,2025-08-09,28,2247,intercity,101,summer,high,0.65,0,on_time
DEL_00979,SUP_004,SteelImport Turkey,steel_beams,PRJ_008,Aktobe,2026-04-23,2026-05-16,2026-05-19,23,282,cross_border,2822,shoulder,low,0.55,3,late
DEL_00980,SUP_010,Local Timber Co,timber,PRJ_004,Shymkent,2025-12-06,2025-12-24,2025-12-20,18,1204,urban,55,winter,high,0.94,-4,early
DEL_00981,SUP_009,Atyrau Pipe & Steel,pipes,PRJ_003,Karagandy,2026-02-13,2026-02-19,2026-02-20,6,438,intercity,508,winter,high,0.73,1,late
DEL_00982,SUP_008,China Modular Import,prefab_panels,PRJ_008,Aktobe,2025-03-13,2025-03-22,2025-03-27,9,2875,cross_border,4180,shoulder,medium,0.48,5,late
DEL_00983,SUP_009,Atyrau Pipe & Steel,rebar,PRJ_002,Aktobe,2025-07-18,2025-07-29,2025-07-29,11,3209,intercity,729,summer,medium,0.73,0,on_time
DEL_00984,SUP_007,EcoBrick Shymkent,bricks,PRJ_001,Almaty,2025-12-01,2026-01-11,2026-01-22,41,1710,intercity,443,winter,high,0.9,11,late
DEL_00985,SUP_006,Astana Glass Works,glass_facade,PRJ_009,Astana,2025-09-02,2025-09-06,2025-09-13,4,1407,intercity,708,shoulder,low,0.81,7,late
DEL_00986,SUP_002,Kazrebar Steel,rebar,PRJ_008,Aktobe,2025-11-30,2025-12-16,2025-12-27,16,1641,urban,22,winter,high,0.78,11,late
DEL_00987,SUP_003,Prefab KZ,prefab_panels,PRJ_001,Almaty,2026-01-28,2026-02-01,2026-02-01,4,3656,urban,58,winter,medium,0.65,0,on_time
DEL_00988,SUP_004,SteelImport Turkey,steel_beams,PRJ_002,Aktobe,2025-05-30,2025-06-28,2025-07-04,29,3293,cross_border,1582,summer,high,0.55,6,late
DEL_00989,SUP_006,Astana Glass Works,glass_facade,PRJ_004,Shymkent,2026-05-18,2026-06-27,2026-06-27,40,669,intercity,470,summer,high,0.81,0,on_time
DEL_00990,SUP_005,Karagandy Insulate,insulation,PRJ_003,Karagandy,2025-12-08,2026-01-16,2026-01-16,39,2688,urban,24,winter,medium,0.88,0,on_time
DEL_00991,SUP_006,Astana Glass Works,glass_facade,PRJ_003,Karagandy,2025-06-22,2025-06-30,2025-06-30,8,4765,urban,39,summer,medium,0.81,0,on_time
DEL_00992,SUP_009,Atyrau Pipe & Steel,rebar,PRJ_009,Astana,2026-01-18,2026-02-01,2026-02-01,14,3570,urban,12,winter,medium,0.73,0,on_time
DEL_00993,SUP_009,Atyrau Pipe & Steel,rebar,PRJ_009,Astana,2025-08-16,2025-08-26,2025-08-26,10,3919,urban,57,summer,high,0.73,0,on_time
DEL_00994,SUP_005,Karagandy Insulate,insulation,PRJ_003,Karagandy,2025-01-24,2025-03-03,2025-03-10,38,4795,intercity,751,shoulder,low,0.88,7,late
DEL_00995,SUP_010,Local Timber Co,timber,PRJ_005,Shymkent,2025-08-08,2025-08-25,2025-08-25,17,4725,urban,38,summer,low,0.94,0,on_time
DEL_00996,SUP_003,Prefab KZ,prefab_panels,PRJ_008,Aktobe,2025-08-14,2025-09-09,2025-09-08,26,675,urban,31,shoulder,low,0.65,-1,early
DEL_00997,SUP_003,Prefab KZ,prefab_panels,PRJ_003,Karagandy,2026-02-03,2026-03-15,2026-03-15,40,998,intercity,442,shoulder,low,0.65,0,on_time
DEL_00998,SUP_008,China Modular Import,modular_units,PRJ_006,Atyrau,2025-07-12,2025-07-25,2025-07-22,13,112,cross_border,3562,summer,medium,0.48,-3,early
DEL_00999,SUP_010,Local Timber Co,formwork,PRJ_006,Atyrau,2026-05-05,2026-06-01,2026-06-01,27,3688,urban,49,summer,low,0.94,0,on_time
DEL_01000,SUP_007,EcoBrick Shymkent,cement,PRJ_004,Shymkent,2026-03-28,2026-04-18,2026-04-24,21,997,intercity,654,shoulder,low,0.9,6,late
DEL_01001,SUP_002,Kazrebar Steel,rebar,PRJ_007,Almaty,2025-09-26,2025-10-05,2025-10-05,9,4996,urban,46,shoulder,low,0.78,0,on_time
DEL_01002,SUP_010,Local Timber Co,formwork,PRJ_009,Astana,2025-11-07,2025-12-07,2025-12-08,30,2384,intercity,172,winter,medium,0.94,1,late
DEL_01003,SUP_004,SteelImport Turkey,steel_beams,PRJ_003,Karagandy,2025-08-16,2025-09-26,2025-10-09,41,3588,cross_border,3514,shoulder,medium,0.55,13,late
DEL_01004,SUP_001,Almaty Cement Zavod,concrete_mix,PRJ_007,Almaty,2026-02-13,2026-03-14,2026-03-14,29,2450,urban,37,shoulder,low,0.92,0,on_time
DEL_01005,SUP_003,Prefab KZ,prefab_panels,PRJ_005,Shymkent,2025-02-25,2025-03-25,2025-04-04,28,1781,intercity,512,shoulder,medium,0.65,10,late
DEL_01006,SUP_007,EcoBrick Shymkent,cement,PRJ_005,Shymkent,2025-04-04,2025-05-01,2025-05-01,27,4764,urban,37,shoulder,low,0.9,0,on_time
DEL_01007,SUP_001,Almaty Cement Zavod,cement,PRJ_010,Almaty,2026-02-26,2026-03-12,2026-03-12,14,1890,urban,37,shoulder,low,0.92,0,on_time
DEL_01008,SUP_004,SteelImport Turkey,steel_beams,PRJ_006,Atyrau,2025-01-22,2025-02-14,2025-02-22,23,1322,cross_border,2114,winter,high,0.55,8,late
DEL_01009,SUP_010,Local Timber Co,timber,PRJ_006,Atyrau,2025-04-02,2025-05-07,2025-05-07,35,1328,urban,8,shoulder,low,0.94,0,on_time
DEL_01010,SUP_002,Kazrebar Steel,rebar,PRJ_002,Aktobe,2026-05-27,2026-06-17,2026-06-17,21,4637,intercity,135,summer,high,0.78,0,on_time
DEL_01011,SUP_004,SteelImport Turkey,glass_facade,PRJ_006,Atyrau,2025-10-21,2025-11-20,2025-11-28,30,1840,cross_border,1077,shoulder,medium,0.55,8,late
DEL_01012,SUP_005,Karagandy Insulate,insulation,PRJ_010,Almaty,2025-10-15,2025-11-13,2025-11-13,29,656,intercity,626,shoulder,medium,0.88,0,on_time
DEL_01013,SUP_007,EcoBrick Shymkent,cement,PRJ_006,Atyrau,2025-06-16,2025-06-21,2025-06-21,5,2567,intercity,661,summer,high,0.9,0,on_time
DEL_01014,SUP_010,Local Timber Co,timber,PRJ_007,Almaty,2025-01-11,2025-02-20,2025-02-22,40,1158,urban,8,winter,low,0.94,2,late
DEL_01015,SUP_006,Astana Glass Works,glass_facade,PRJ_008,Aktobe,2026-01-08,2026-02-12,2026-02-14,35,3475,urban,54,winter,low,0.81,2,late
DEL_01016,SUP_001,Almaty Cement Zavod,cement,PRJ_004,Shymkent,2026-01-30,2026-03-14,2026-03-14,43,655,intercity,751,shoulder,low,0.92,0,on_time
DEL_01017,SUP_007,EcoBrick Shymkent,bricks,PRJ_003,Karagandy,2025-12-17,2025-12-30,2026-01-03,13,570,intercity,818,winter,medium,0.9,4,late
DEL_01018,SUP_007,EcoBrick Shymkent,bricks,PRJ_004,Shymkent,2026-04-23,2026-05-19,2026-05-19,26,129,urban,41,shoulder,medium,0.9,0,on_time
DEL_01019,SUP_003,Prefab KZ,prefab_panels,PRJ_006,Atyrau,2025-06-23,2025-07-21,2025-07-22,28,2205,intercity,800,summer,low,0.65,1,late
DEL_01020,SUP_001,Almaty Cement Zavod,cement,PRJ_010,Almaty,2026-04-23,2026-06-04,2026-06-04,42,662,intercity,171,summer,high,0.92,0,on_time
DEL_01021,SUP_010,Local Timber Co,formwork,PRJ_001,Almaty,2025-04-27,2025-05-15,2025-05-11,18,4084,urban,55,shoulder,low,0.94,-4,early
DEL_01022,SUP_004,SteelImport Turkey,steel_beams,PRJ_003,Karagandy,2026-01-05,2026-02-12,2026-02-24,38,138,cross_border,4130,winter,medium,0.55,12,late
DEL_01023,SUP_002,Kazrebar Steel,steel_beams,PRJ_010,Almaty,2026-02-04,2026-03-04,2026-03-04,28,4529,intercity,371,shoulder,medium,0.78,0,on_time
DEL_01024,SUP_003,Prefab KZ,prefab_panels,PRJ_007,Almaty,2026-05-27,2026-07-06,2026-07-06,40,2028,urban,33,summer,medium,0.65,0,on_time
DEL_01025,SUP_002,Kazrebar Steel,steel_beams,PRJ_001,Almaty,2025-10-04,2025-10-24,2025-10-30,20,1619,intercity,73,shoulder,medium,0.78,6,late
DEL_01026,SUP_008,China Modular Import,modular_units,PRJ_005,Shymkent,2026-02-19,2026-02-24,2026-03-10,5,4046,cross_border,3271,winter,medium,0.48,14,late
DEL_01027,SUP_004,SteelImport Turkey,steel_beams,PRJ_006,Atyrau,2026-01-05,2026-01-15,2026-01-22,10,541,cross_border,3924,winter,medium,0.55,7,late
DEL_01028,SUP_007,EcoBrick Shymkent,bricks,PRJ_010,Almaty,2025-08-14,2025-08-31,2025-08-31,17,2483,intercity,511,summer,low,0.9,0,on_time
DEL_01029,SUP_006,Astana Glass Works,glass_facade,PRJ_006,Atyrau,2026-01-15,2026-02-26,2026-02-26,42,3934,intercity,363,winter,low,0.81,0,on_time
DEL_01030,SUP_010,Local Timber Co,formwork,PRJ_006,Atyrau,2025-09-21,2025-10-09,2025-10-09,18,1642,urban,44,shoulder,medium,0.94,0,on_time
DEL_01031,SUP_001,Almaty Cement Zavod,cement,PRJ_005,Shymkent,2025-02-04,2025-02-21,2025-02-28,17,2645,urban,26,winter,high,0.92,7,late
DEL_01032,SUP_010,Local Timber Co,timber,PRJ_005,Shymkent,2025-04-26,2025-05-07,2025-05-07,11,3893,intercity,894,shoulder,low,0.94,0,on_time
DEL_01033,SUP_005,Karagandy Insulate,insulation,PRJ_002,Aktobe,2026-06-20,2026-07-30,2026-07-30,40,2362,intercity,458,summer,low,0.88,0,on_time
DEL_01034,SUP_004,SteelImport Turkey,steel_beams,PRJ_007,Almaty,2025-12-10,2026-01-03,2026-01-07,24,1749,cross_border,1738,winter,high,0.55,4,late
DEL_01035,SUP_005,Karagandy Insulate,insulation,PRJ_001,Almaty,2025-10-13,2025-10-27,2025-10-27,14,3303,intercity,232,shoulder,high,0.88,0,on_time
DEL_01036,SUP_007,EcoBrick Shymkent,cement,PRJ_005,Shymkent,2025-10-11,2025-11-18,2025-11-18,38,2491,urban,43,shoulder,medium,0.9,0,on_time
DEL_01037,SUP_005,Karagandy Insulate,insulation,PRJ_004,Shymkent,2025-01-25,2025-01-29,2025-01-29,4,1131,intercity,403,winter,low,0.88,0,on_time
DEL_01038,SUP_004,SteelImport Turkey,steel_beams,PRJ_007,Almaty,2026-03-25,2026-04-05,2026-04-19,11,2767,cross_border,2937,shoulder,low,0.55,14,late
DEL_01039,SUP_010,Local Timber Co,formwork,PRJ_001,Almaty,2025-08-19,2025-09-23,2025-09-23,35,48,urban,33,shoulder,low,0.94,0,on_time
DEL_01040,SUP_005,Karagandy Insulate,insulation,PRJ_004,Shymkent,2026-02-25,2026-03-30,2026-03-30,33,1125,urban,28,shoulder,low,0.88,0,on_time
DEL_01041,SUP_009,Atyrau Pipe & Steel,pipes,PRJ_008,Aktobe,2025-09-04,2025-09-25,2025-09-25,21,293,urban,36,shoulder,low,0.73,0,on_time
DEL_01042,SUP_010,Local Timber Co,timber,PRJ_010,Almaty,2025-03-05,2025-03-23,2025-03-23,18,758,intercity,367,shoulder,medium,0.94,0,on_time
DEL_01043,SUP_004,SteelImport Turkey,glass_facade,PRJ_003,Karagandy,2025-02-08,2025-03-17,2025-03-28,37,189,cross_border,2845,shoulder,low,0.55,11,late
DEL_01044,SUP_005,Karagandy Insulate,insulation,PRJ_006,Atyrau,2025-10-02,2025-11-06,2025-11-06,35,28,intercity,612,shoulder,medium,0.88,0,on_time
DEL_01045,SUP_006,Astana Glass Works,glass_facade,PRJ_009,Astana,2025-12-15,2025-12-18,2025-12-18,3,2950,intercity,433,winter,medium,0.81,0,on_time
DEL_01046,SUP_009,Atyrau Pipe & Steel,pipes,PRJ_005,Shymkent,2025-01-25,2025-03-07,2025-03-12,41,3679,urban,34,shoulder,medium,0.73,5,late
DEL_01047,SUP_010,Local Timber Co,formwork,PRJ_003,Karagandy,2026-01-01,2026-01-15,2026-01-15,14,3640,intercity,63,winter,medium,0.94,0,on_time
DEL_01048,SUP_010,Local Timber Co,formwork,PRJ_005,Shymkent,2025-01-29,2025-02-11,2025-02-18,13,1010,urban,10,winter,high,0.94,7,late
DEL_01049,SUP_005,Karagandy Insulate,insulation,PRJ_009,Astana,2025-12-25,2026-01-05,2026-01-09,11,1286,intercity,701,winter,medium,0.88,4,late
DEL_01050,SUP_004,SteelImport Turkey,glass_facade,PRJ_010,Almaty,2025-09-03,2025-10-05,2025-10-05,32,2707,cross_border,3320,shoulder,low,0.55,0,on_time
DEL_01051,SUP_001,Almaty Cement Zavod,concrete_mix,PRJ_009,Astana,2025-04-06,2025-05-12,2025-05-12,36,241,intercity,192,shoulder,low,0.92,0,on_time
DEL_01052,SUP_004,SteelImport Turkey,steel_beams,PRJ_003,Karagandy,2026-06-07,2026-06-18,2026-06-23,11,3743,cross_border,4059,summer,low,0.55,5,late
DEL_01053,SUP_007,EcoBrick Shymkent,cement,PRJ_008,Aktobe,2026-01-09,2026-01-26,2026-01-26,17,673,intercity,85,winter,medium,0.9,0,on_time
DEL_01054,SUP_007,EcoBrick Shymkent,bricks,PRJ_009,Astana,2025-10-27,2025-11-21,2025-11-21,25,3543,intercity,349,shoulder,high,0.9,0,on_time
DEL_01055,SUP_007,EcoBrick Shymkent,cement,PRJ_006,Atyrau,2026-05-19,2026-06-04,2026-06-07,16,2019,urban,36,summer,medium,0.9,3,late
DEL_01056,SUP_009,Atyrau Pipe & Steel,pipes,PRJ_002,Aktobe,2025-03-27,2025-05-09,2025-05-19,43,1282,intercity,135,shoulder,medium,0.73,10,late
DEL_01057,SUP_003,Prefab KZ,prefab_panels,PRJ_003,Karagandy,2026-01-24,2026-02-10,2026-02-16,17,3003,urban,45,winter,medium,0.65,6,late
DEL_01058,SUP_007,EcoBrick Shymkent,bricks,PRJ_001,Almaty,2025-05-30,2025-06-07,2025-06-07,8,3418,urban,32,summer,medium,0.9,0,on_time
DEL_01059,SUP_009,Atyrau Pipe & Steel,rebar,PRJ_006,Atyrau,2026-05-07,2026-05-30,2026-05-30,23,992,urban,48,shoulder,low,0.73,0,on_time
DEL_01060,SUP_001,Almaty Cement Zavod,concrete_mix,PRJ_008,Aktobe,2025-11-27,2026-01-05,2026-01-10,39,96,urban,7,winter,high,0.92,5,late
DEL_01061,SUP_010,Local Timber Co,timber,PRJ_009,Astana,2025-11-14,2025-12-15,2025-12-21,31,2714,urban,43,winter,medium,0.94,6,late
DEL_01062,SUP_010,Local Timber Co,timber,PRJ_001,Almaty,2025-12-17,2025-12-22,2025-12-21,5,1653,intercity,507,winter,medium,0.94,-1,early
DEL_01063,SUP_008,China Modular Import,modular_units,PRJ_001,Almaty,2025-02-02,2025-03-04,2025-03-11,30,3298,cross_border,1902,shoulder,low,0.48,7,late
DEL_01064,SUP_001,Almaty Cement Zavod,concrete_mix,PRJ_005,Shymkent,2026-05-07,2026-05-27,2026-05-27,20,921,urban,10,shoulder,medium,0.92,0,on_time
DEL_01065,SUP_001,Almaty Cement Zavod,concrete_mix,PRJ_010,Almaty,2026-04-11,2026-04-26,2026-04-26,15,4726,urban,43,shoulder,medium,0.92,0,on_time
DEL_01066,SUP_004,SteelImport Turkey,steel_beams,PRJ_004,Shymkent,2025-12-01,2026-01-13,2026-01-13,43,776,cross_border,2683,winter,medium,0.55,0,on_time
DEL_01067,SUP_002,Kazrebar Steel,steel_beams,PRJ_005,Shymkent,2025-08-22,2025-09-30,2025-09-30,39,4425,intercity,883,shoulder,low,0.78,0,on_time
DEL_01068,SUP_004,SteelImport Turkey,steel_beams,PRJ_006,Atyrau,2025-12-18,2026-01-18,2026-01-20,31,976,cross_border,3810,winter,medium,0.55,2,late
DEL_01069,SUP_003,Prefab KZ,prefab_panels,PRJ_002,Aktobe,2026-01-26,2026-02-16,2026-02-20,21,3979,urban,16,winter,medium,0.65,4,late
DEL_01070,SUP_002,Kazrebar Steel,rebar,PRJ_007,Almaty,2025-01-28,2025-02-12,2025-02-15,15,3647,urban,47,winter,medium,0.78,3,late
DEL_01071,SUP_004,SteelImport Turkey,steel_beams,PRJ_007,Almaty,2025-04-24,2025-05-18,2025-05-23,24,4408,cross_border,1299,shoulder,high,0.55,5,late
DEL_01072,SUP_003,Prefab KZ,prefab_panels,PRJ_005,Shymkent,2026-05-04,2026-06-16,2026-06-16,43,4073,intercity,298,summer,low,0.65,0,on_time
DEL_01073,SUP_007,EcoBrick Shymkent,bricks,PRJ_004,Shymkent,2025-08-18,2025-08-31,2025-08-31,13,718,urban,22,summer,low,0.9,0,on_time
DEL_01074,SUP_009,Atyrau Pipe & Steel,pipes,PRJ_005,Shymkent,2025-03-28,2025-04-06,2025-04-11,9,3188,intercity,544,shoulder,low,0.73,5,late
DEL_01075,SUP_003,Prefab KZ,prefab_panels,PRJ_002,Aktobe,2025-09-23,2025-10-18,2025-10-18,25,4498,urban,18,shoulder,medium,0.65,0,on_time
DEL_01076,SUP_005,Karagandy Insulate,insulation,PRJ_010,Almaty,2025-07-31,2025-08-21,2025-08-21,21,4635,urban,13,summer,high,0.88,0,on_time
DEL_01077,SUP_008,China Modular Import,prefab_panels,PRJ_009,Astana,2026-05-26,2026-06-25,2026-07-10,30,4721,cross_border,3264,summer,high,0.48,15,late
DEL_01078,SUP_003,Prefab KZ,prefab_panels,PRJ_001,Almaty,2025-06-30,2025-08-08,2025-08-10,39,3325,urban,11,summer,low,0.65,2,late
DEL_01079,SUP_010,Local Timber Co,formwork,PRJ_006,Atyrau,2025-01-21,2025-03-02,2025-03-02,40,3880,urban,27,shoulder,medium,0.94,0,on_time
DEL_01080,SUP_003,Prefab KZ,prefab_panels,PRJ_009,Astana,2025-08-07,2025-09-14,2025-09-24,38,1120,intercity,871,shoulder,medium,0.65,10,late
DEL_01081,SUP_001,Almaty Cement Zavod,concrete_mix,PRJ_003,Karagandy,2025-10-04,2025-11-08,2025-11-08,35,3131,intercity,338,shoulder,low,0.92,0,on_time
DEL_01082,SUP_003,Prefab KZ,prefab_panels,PRJ_010,Almaty,2025-02-24,2025-03-16,2025-03-16,20,1941,urban,48,shoulder,medium,0.65,0,on_time
DEL_01083,SUP_009,Atyrau Pipe & Steel,pipes,PRJ_001,Almaty,2025-11-16,2025-12-18,2025-12-18,32,3883,intercity,733,winter,low,0.73,0,on_time
DEL_01084,SUP_005,Karagandy Insulate,insulation,PRJ_001,Almaty,2025-09-23,2025-11-04,2025-11-04,42,4420,intercity,537,shoulder,low,0.88,0,on_time
DEL_01085,SUP_005,Karagandy Insulate,insulation,PRJ_005,Shymkent,2026-05-18,2026-06-22,2026-06-22,35,4509,intercity,256,summer,medium,0.88,0,on_time
DEL_01086,SUP_004,SteelImport Turkey,steel_beams,PRJ_008,Aktobe,2026-05-30,2026-07-10,2026-07-25,41,1979,cross_border,3644,summer,medium,0.55,15,late
DEL_01087,SUP_004,SteelImport Turkey,glass_facade,PRJ_008,Aktobe,2025-11-03,2025-12-13,2025-12-17,40,2208,cross_border,1378,winter,medium,0.55,4,late
DEL_01088,SUP_010,Local Timber Co,timber,PRJ_002,Aktobe,2025-01-20,2025-01-28,2025-01-28,8,4902,intercity,165,winter,medium,0.94,0,on_time
DEL_01089,SUP_010,Local Timber Co,timber,PRJ_004,Shymkent,2025-08-31,2025-10-06,2025-10-06,36,3179,intercity,692,shoulder,low,0.94,0,on_time
DEL_01090,SUP_010,Local Timber Co,formwork,PRJ_003,Karagandy,2026-01-10,2026-02-07,2026-02-07,28,638,urban,40,winter,high,0.94,0,on_time
DEL_01091,SUP_003,Prefab KZ,prefab_panels,PRJ_002,Aktobe,2025-11-08,2025-11-30,2025-11-30,22,334,urban,12,shoulder,low,0.65,0,on_time
DEL_01092,SUP_005,Karagandy Insulate,insulation,PRJ_001,Almaty,2025-01-07,2025-02-15,2025-02-22,39,3677,urban,50,winter,high,0.88,7,late
DEL_01093,SUP_002,Kazrebar Steel,rebar,PRJ_008,Aktobe,2025-01-20,2025-02-22,2025-02-27,33,1816,intercity,81,winter,high,0.78,5,late
DEL_01094,SUP_007,EcoBrick Shymkent,cement,PRJ_003,Karagandy,2025-12-18,2025-12-31,2026-01-03,13,3991,intercity,671,winter,high,0.9,3,late
DEL_01095,SUP_004,SteelImport Turkey,steel_beams,PRJ_004,Shymkent,2025-07-01,2025-08-03,2025-08-12,33,4691,cross_border,4294,summer,medium,0.55,9,late
DEL_01096,SUP_010,Local Timber Co,timber,PRJ_004,Shymkent,2025-08-12,2025-09-01,2025-09-01,20,2206,intercity,571,shoulder,medium,0.94,0,on_time
DEL_01097,SUP_001,Almaty Cement Zavod,concrete_mix,PRJ_002,Aktobe,2026-03-22,2026-04-27,2026-04-27,36,1581,intercity,314,shoulder,low,0.92,0,on_time
DEL_01098,SUP_004,SteelImport Turkey,steel_beams,PRJ_003,Karagandy,2025-06-11,2025-06-24,2025-06-30,13,4615,cross_border,3319,summer,medium,0.55,6,late
DEL_01099,SUP_003,Prefab KZ,prefab_panels,PRJ_010,Almaty,2025-04-22,2025-04-30,2025-04-30,8,2603,urban,50,shoulder,medium,0.65,0,on_time
DEL_01100,SUP_009,Atyrau Pipe & Steel,rebar,PRJ_007,Almaty,2025-06-20,2025-08-02,2025-08-02,43,1213,intercity,240,summer,low,0.73,0,on_time
DEL_01101,SUP_006,Astana Glass Works,glass_facade,PRJ_006,Atyrau,2025-04-17,2025-04-29,2025-04-29,12,3363,urban,55,shoulder,medium,0.81,0,on_time
DEL_01102,SUP_009,Atyrau Pipe & Steel,rebar,PRJ_002,Aktobe,2025-08-01,2025-09-08,2025-09-21,38,4467,intercity,256,shoulder,medium,0.73,13,late
DEL_01103,SUP_007,EcoBrick Shymkent,cement,PRJ_003,Karagandy,2025-11-05,2025-12-09,2025-12-13,34,179,urban,34,winter,high,0.9,4,late
DEL_01104,SUP_006,Astana Glass Works,glass_facade,PRJ_004,Shymkent,2025-03-03,2025-04-14,2025-04-14,42,3123,urban,41,shoulder,medium,0.81,0,on_time
DEL_01105,SUP_010,Local Timber Co,formwork,PRJ_001,Almaty,2025-03-03,2025-04-01,2025-04-07,29,2245,intercity,185,shoulder,medium,0.94,6,late
DEL_01106,SUP_010,Local Timber Co,timber,PRJ_004,Shymkent,2025-01-12,2025-01-21,2025-01-21,9,3587,urban,58,winter,medium,0.94,0,on_time
DEL_01107,SUP_004,SteelImport Turkey,glass_facade,PRJ_004,Shymkent,2026-04-01,2026-04-30,2026-05-08,29,4167,cross_border,3423,shoulder,high,0.55,8,late
DEL_01108,SUP_007,EcoBrick Shymkent,bricks,PRJ_003,Karagandy,2025-02-12,2025-02-17,2025-02-24,5,4744,intercity,542,winter,high,0.9,7,late
DEL_01109,SUP_008,China Modular Import,prefab_panels,PRJ_004,Shymkent,2025-02-28,2025-04-10,2025-04-13,41,119,cross_border,2327,shoulder,medium,0.48,3,late
DEL_01110,SUP_010,Local Timber Co,timber,PRJ_007,Almaty,2025-03-22,2025-04-03,2025-04-13,12,4931,urban,38,shoulder,high,0.94,10,late
DEL_01111,SUP_010,Local Timber Co,timber,PRJ_006,Atyrau,2025-11-06,2025-12-07,2025-12-22,31,149,urban,53,winter,high,0.94,15,late
DEL_01112,SUP_010,Local Timber Co,timber,PRJ_002,Aktobe,2025-09-19,2025-09-28,2025-09-28,9,270,urban,32,shoulder,low,0.94,0,on_time
DEL_01113,SUP_009,Atyrau Pipe & Steel,pipes,PRJ_007,Almaty,2026-03-27,2026-04-01,2026-04-01,5,58,urban,42,shoulder,low,0.73,0,on_time
DEL_01114,SUP_006,Astana Glass Works,glass_facade,PRJ_006,Atyrau,2025-07-18,2025-07-22,2025-07-22,4,3052,intercity,412,summer,medium,0.81,0,on_time
DEL_01115,SUP_010,Local Timber Co,formwork,PRJ_002,Aktobe,2025-12-23,2026-01-25,2026-01-25,33,793,urban,52,winter,high,0.94,0,on_time
DEL_01116,SUP_009,Atyrau Pipe & Steel,rebar,PRJ_007,Almaty,2025-07-20,2025-08-27,2025-08-27,38,332,intercity,708,summer,low,0.73,0,on_time
DEL_01117,SUP_006,Astana Glass Works,glass_facade,PRJ_005,Shymkent,2025-08-01,2025-08-08,2025-08-08,7,347,urban,32,summer,low,0.81,0,on_time
DEL_01118,SUP_004,SteelImport Turkey,glass_facade,PRJ_003,Karagandy,2026-06-15,2026-07-19,2026-07-26,34,3966,cross_border,1203,summer,low,0.55,7,late
DEL_01119,SUP_005,Karagandy Insulate,insulation,PRJ_009,Astana,2025-12-30,2026-01-03,2026-01-18,4,1103,urban,20,winter,high,0.88,15,late
DEL_01120,SUP_006,Astana Glass Works,glass_facade,PRJ_005,Shymkent,2026-02-15,2026-03-21,2026-03-21,34,3340,urban,29,shoulder,low,0.81,0,on_time
DEL_01121,SUP_009,Atyrau Pipe & Steel,pipes,PRJ_003,Karagandy,2025-06-20,2025-07-06,2025-07-06,16,475,urban,6,summer,medium,0.73,0,on_time
DEL_01122,SUP_009,Atyrau Pipe & Steel,pipes,PRJ_004,Shymkent,2026-02-19,2026-03-12,2026-03-12,21,326,urban,6,shoulder,high,0.73,0,on_time
DEL_01123,SUP_008,China Modular Import,prefab_panels,PRJ_009,Astana,2026-01-13,2026-01-16,2026-01-18,3,3202,cross_border,3765,winter,medium,0.48,2,late
DEL_01124,SUP_010,Local Timber Co,timber,PRJ_008,Aktobe,2025-11-12,2025-11-22,2025-11-22,10,2045,intercity,310,shoulder,low,0.94,0,on_time
DEL_01125,SUP_008,China Modular Import,prefab_panels,PRJ_002,Aktobe,2025-04-26,2025-05-22,2025-05-28,26,1533,cross_border,4215,shoulder,medium,0.48,6,late
DEL_01126,SUP_007,EcoBrick Shymkent,cement,PRJ_002,Aktobe,2025-04-12,2025-04-15,2025-04-26,3,2621,urban,43,shoulder,medium,0.9,11,late
DEL_01127,SUP_006,Astana Glass Works,glass_facade,PRJ_007,Almaty,2026-03-06,2026-03-13,2026-03-21,7,4506,urban,42,shoulder,low,0.81,8,late
DEL_01128,SUP_005,Karagandy Insulate,insulation,PRJ_005,Shymkent,2025-08-20,2025-09-07,2025-09-07,18,606,intercity,884,shoulder,medium,0.88,0,on_time
DEL_01129,SUP_004,SteelImport Turkey,steel_beams,PRJ_004,Shymkent,2025-08-16,2025-09-05,2025-09-13,20,2886,cross_border,1562,shoulder,low,0.55,8,late
DEL_01130,SUP_003,Prefab KZ,prefab_panels,PRJ_008,Aktobe,2025-04-14,2025-05-22,2025-05-29,38,4201,intercity,415,shoulder,medium,0.65,7,late
DEL_01131,SUP_004,SteelImport Turkey,glass_facade,PRJ_002,Aktobe,2025-07-03,2025-07-22,2025-07-31,19,409,cross_border,1952,summer,low,0.55,9,late
DEL_01132,SUP_007,EcoBrick Shymkent,bricks,PRJ_005,Shymkent,2025-07-16,2025-08-06,2025-08-06,21,2705,intercity,111,summer,medium,0.9,0,on_time
DEL_01133,SUP_009,Atyrau Pipe & Steel,pipes,PRJ_009,Astana,2026-03-06,2026-03-27,2026-03-27,21,4882,urban,32,shoulder,medium,0.73,0,on_time
DEL_01134,SUP_009,Atyrau Pipe & Steel,rebar,PRJ_002,Aktobe,2025-06-11,2025-07-13,2025-07-13,32,3431,intercity,632,summer,medium,0.73,0,on_time
DEL_01135,SUP_007,EcoBrick Shymkent,bricks,PRJ_003,Karagandy,2025-02-17,2025-03-04,2025-03-07,15,1407,intercity,838,shoulder,low,0.9,3,late
DEL_01136,SUP_001,Almaty Cement Zavod,concrete_mix,PRJ_006,Atyrau,2025-12-21,2026-01-20,2026-01-29,30,4820,urban,58,winter,high,0.92,9,late
DEL_01137,SUP_006,Astana Glass Works,glass_facade,PRJ_006,Atyrau,2025-04-06,2025-04-09,2025-04-09,3,3229,urban,29,shoulder,medium,0.81,0,on_time
DEL_01138,SUP_003,Prefab KZ,prefab_panels,PRJ_005,Shymkent,2025-08-04,2025-09-09,2025-09-18,36,2338,intercity,204,shoulder,low,0.65,9,late
DEL_01139,SUP_005,Karagandy Insulate,insulation,PRJ_010,Almaty,2026-04-12,2026-05-17,2026-05-17,35,4932,intercity,582,shoulder,low,0.88,0,on_time
DEL_01140,SUP_010,Local Timber Co,formwork,PRJ_001,Almaty,2026-06-07,2026-06-16,2026-06-16,9,403,intercity,226,summer,high,0.94,0,on_time
DEL_01141,SUP_006,Astana Glass Works,glass_facade,PRJ_007,Almaty,2026-01-15,2026-02-10,2026-02-21,26,2893,intercity,610,winter,high,0.81,11,late
DEL_01142,SUP_006,Astana Glass Works,glass_facade,PRJ_001,Almaty,2025-07-30,2025-08-03,2025-08-03,4,4050,intercity,695,summer,low,0.81,0,on_time
DEL_01143,SUP_005,Karagandy Insulate,insulation,PRJ_008,Aktobe,2025-01-14,2025-01-23,2025-02-02,9,4055,urban,20,winter,medium,0.88,10,late
DEL_01144,SUP_002,Kazrebar Steel,rebar,PRJ_009,Astana,2025-04-05,2025-05-02,2025-05-02,27,3851,intercity,376,shoulder,medium,0.78,0,on_time
DEL_01145,SUP_001,Almaty Cement Zavod,cement,PRJ_008,Aktobe,2025-03-04,2025-04-05,2025-04-05,32,2026,urban,34,shoulder,high,0.92,0,on_time
DEL_01146,SUP_007,EcoBrick Shymkent,cement,PRJ_001,Almaty,2025-03-28,2025-04-06,2025-04-06,9,3970,intercity,364,shoulder,low,0.9,0,on_time
DEL_01147,SUP_002,Kazrebar Steel,steel_beams,PRJ_006,Atyrau,2025-08-06,2025-09-06,2025-09-06,31,1208,urban,20,shoulder,high,0.78,0,on_time
DEL_01148,SUP_004,SteelImport Turkey,steel_beams,PRJ_003,Karagandy,2025-10-13,2025-11-17,2025-11-26,35,4644,cross_border,4352,shoulder,low,0.55,9,late
DEL_01149,SUP_003,Prefab KZ,prefab_panels,PRJ_002,Aktobe,2026-06-24,2026-07-20,2026-07-26,26,1812,urban,31,summer,high,0.65,6,late
DEL_01150,SUP_002,Kazrebar Steel,rebar,PRJ_009,Astana,2025-01-21,2025-02-27,2025-02-25,37,4563,intercity,689,winter,medium,0.78,-2,early
DEL_01151,SUP_002,Kazrebar Steel,steel_beams,PRJ_010,Almaty,2025-01-11,2025-02-14,2025-02-25,34,362,urban,49,winter,low,0.78,11,late
DEL_01152,SUP_002,Kazrebar Steel,steel_beams,PRJ_001,Almaty,2025-06-05,2025-06-21,2025-06-21,16,2526,intercity,347,summer,medium,0.78,0,on_time
DEL_01153,SUP_010,Local Timber Co,formwork,PRJ_008,Aktobe,2025-12-24,2026-01-10,2026-01-10,17,4014,intercity,274,winter,high,0.94,0,on_time
DEL_01154,SUP_002,Kazrebar Steel,rebar,PRJ_007,Almaty,2026-04-17,2026-05-20,2026-05-20,33,1530,urban,55,shoulder,low,0.78,0,on_time
DEL_01155,SUP_002,Kazrebar Steel,rebar,PRJ_006,Atyrau,2025-08-13,2025-09-04,2025-09-04,22,1758,intercity,830,shoulder,medium,0.78,0,on_time
DEL_01156,SUP_007,EcoBrick Shymkent,cement,PRJ_010,Almaty,2026-05-28,2026-07-03,2026-07-03,36,2627,intercity,858,summer,low,0.9,0,on_time
DEL_01157,SUP_003,Prefab KZ,prefab_panels,PRJ_007,Almaty,2025-01-05,2025-01-14,2025-01-14,9,2676,intercity,363,winter,low,0.65,0,on_time
DEL_01158,SUP_006,Astana Glass Works,glass_facade,PRJ_004,Shymkent,2025-09-18,2025-09-26,2025-10-05,8,1931,intercity,468,shoulder,medium,0.81,9,late
DEL_01159,SUP_009,Atyrau Pipe & Steel,rebar,PRJ_005,Shymkent,2025-04-30,2025-05-06,2025-05-14,6,4325,intercity,614,shoulder,low,0.73,8,late
DEL_01160,SUP_006,Astana Glass Works,glass_facade,PRJ_008,Aktobe,2025-01-28,2025-02-08,2025-02-09,11,3728,intercity,448,winter,medium,0.81,1,late
DEL_01161,SUP_007,EcoBrick Shymkent,bricks,PRJ_009,Astana,2025-03-29,2025-04-11,2025-04-22,13,3172,intercity,650,shoulder,low,0.9,11,late
DEL_01162,SUP_008,China Modular Import,modular_units,PRJ_004,Shymkent,2026-01-06,2026-02-13,2026-02-16,38,988,cross_border,3488,winter,high,0.48,3,late
DEL_01163,SUP_007,EcoBrick Shymkent,cement,PRJ_007,Almaty,2025-07-05,2025-08-11,2025-08-11,37,1183,urban,7,summer,low,0.9,0,on_time
DEL_01164,SUP_006,Astana Glass Works,glass_facade,PRJ_004,Shymkent,2025-10-07,2025-10-25,2025-11-03,18,1967,intercity,447,shoulder,low,0.81,9,late
DEL_01165,SUP_001,Almaty Cement Zavod,concrete_mix,PRJ_002,Aktobe,2025-01-08,2025-01-16,2025-01-29,8,1903,intercity,243,winter,medium,0.92,13,late
DEL_01166,SUP_007,EcoBrick Shymkent,cement,PRJ_002,Aktobe,2025-05-14,2025-06-03,2025-06-03,20,2073,intercity,312,summer,high,0.9,0,on_time
DEL_01167,SUP_002,Kazrebar Steel,rebar,PRJ_004,Shymkent,2025-06-12,2025-06-23,2025-06-23,11,2823,urban,41,summer,low,0.78,0,on_time
DEL_01168,SUP_004,SteelImport Turkey,steel_beams,PRJ_010,Almaty,2026-06-20,2026-07-07,2026-07-15,17,3447,cross_border,1080,summer,medium,0.55,8,late
DEL_01169,SUP_003,Prefab KZ,prefab_panels,PRJ_006,Atyrau,2025-05-12,2025-06-21,2025-07-02,40,2365,urban,7,summer,low,0.65,11,late
DEL_01170,SUP_008,China Modular Import,prefab_panels,PRJ_008,Aktobe,2025-05-04,2025-06-04,2025-06-14,31,3094,cross_border,3278,summer,low,0.48,10,late
DEL_01171,SUP_008,China Modular Import,prefab_panels,PRJ_009,Astana,2025-08-31,2025-09-13,2025-09-24,13,455,cross_border,2299,shoulder,low,0.48,11,late
DEL_01172,SUP_009,Atyrau Pipe & Steel,pipes,PRJ_006,Atyrau,2025-11-04,2025-11-20,2025-11-29,16,2337,urban,41,shoulder,low,0.73,9,late
DEL_01173,SUP_004,SteelImport Turkey,glass_facade,PRJ_002,Aktobe,2025-05-05,2025-05-12,2025-05-20,7,1713,cross_border,1626,shoulder,low,0.55,8,late
DEL_01174,SUP_005,Karagandy Insulate,insulation,PRJ_002,Aktobe,2025-08-15,2025-09-11,2025-09-11,27,2349,urban,12,shoulder,low,0.88,0,on_time
DEL_01175,SUP_002,Kazrebar Steel,rebar,PRJ_008,Aktobe,2025-02-18,2025-03-23,2025-03-23,33,983,urban,43,shoulder,low,0.78,0,on_time
DEL_01176,SUP_010,Local Timber Co,timber,PRJ_005,Shymkent,2026-03-10,2026-03-25,2026-03-25,15,4372,intercity,306,shoulder,medium,0.94,0,on_time
DEL_01177,SUP_010,Local Timber Co,formwork,PRJ_004,Shymkent,2025-03-01,2025-03-09,2025-03-09,8,2659,urban,11,shoulder,low,0.94,0,on_time
DEL_01178,SUP_010,Local Timber Co,formwork,PRJ_001,Almaty,2025-05-28,2025-07-01,2025-06-28,34,3303,urban,34,summer,medium,0.94,-3,early
DEL_01179,SUP_007,EcoBrick Shymkent,bricks,PRJ_008,Aktobe,2026-01-27,2026-03-07,2026-03-07,39,3964,intercity,645,shoulder,high,0.9,0,on_time
DEL_01180,SUP_006,Astana Glass Works,glass_facade,PRJ_006,Atyrau,2026-01-26,2026-02-17,2026-02-20,22,1357,intercity,233,winter,low,0.81,3,late
DEL_01181,SUP_005,Karagandy Insulate,insulation,PRJ_002,Aktobe,2025-03-28,2025-04-16,2025-04-16,19,517,urban,55,shoulder,low,0.88,0,on_time
DEL_01182,SUP_009,Atyrau Pipe & Steel,rebar,PRJ_008,Aktobe,2025-08-16,2025-08-23,2025-08-26,7,4842,intercity,144,summer,low,0.73,3,late
DEL_01183,SUP_006,Astana Glass Works,glass_facade,PRJ_007,Almaty,2025-09-24,2025-10-28,2025-10-28,34,2247,intercity,210,shoulder,medium,0.81,0,on_time
DEL_01184,SUP_001,Almaty Cement Zavod,cement,PRJ_003,Karagandy,2025-11-18,2025-12-07,2025-12-11,19,3084,intercity,172,winter,high,0.92,4,late
DEL_01185,SUP_001,Almaty Cement Zavod,concrete_mix,PRJ_005,Shymkent,2025-06-27,2025-08-05,2025-08-05,39,2892,intercity,256,summer,low,0.92,0,on_time
DEL_01186,SUP_006,Astana Glass Works,glass_facade,PRJ_004,Shymkent,2025-11-17,2025-12-09,2025-12-22,22,1407,intercity,337,winter,medium,0.81,13,late
DEL_01187,SUP_008,China Modular Import,prefab_panels,PRJ_010,Almaty,2025-04-25,2025-05-14,2025-05-14,19,1321,cross_border,2834,shoulder,low,0.48,0,on_time
DEL_01188,SUP_010,Local Timber Co,formwork,PRJ_009,Astana,2026-06-23,2026-07-30,2026-08-15,37,2616,intercity,552,summer,high,0.94,16,late
DEL_01189,SUP_009,Atyrau Pipe & Steel,pipes,PRJ_008,Aktobe,2025-04-26,2025-05-31,2025-05-31,35,2006,intercity,382,shoulder,medium,0.73,0,on_time
DEL_01190,SUP_010,Local Timber Co,formwork,PRJ_006,Atyrau,2026-04-18,2026-04-23,2026-05-04,5,2782,intercity,483,shoulder,high,0.94,11,late
DEL_01191,SUP_006,Astana Glass Works,glass_facade,PRJ_001,Almaty,2025-11-05,2025-12-01,2025-12-11,26,2867,urban,24,winter,high,0.81,10,late
DEL_01192,SUP_007,EcoBrick Shymkent,bricks,PRJ_002,Aktobe,2025-08-02,2025-08-10,2025-08-10,8,3896,urban,54,summer,medium,0.9,0,on_time
DEL_01193,SUP_003,Prefab KZ,prefab_panels,PRJ_006,Atyrau,2026-02-19,2026-03-27,2026-03-27,36,758,intercity,388,shoulder,low,0.65,0,on_time
DEL_01194,SUP_004,SteelImport Turkey,glass_facade,PRJ_007,Almaty,2025-04-10,2025-04-25,2025-05-03,15,1077,cross_border,4339,shoulder,low,0.55,8,late
DEL_01195,SUP_008,China Modular Import,prefab_panels,PRJ_010,Almaty,2026-04-06,2026-04-25,2026-05-07,19,2037,cross_border,1049,shoulder,low,0.48,12,late
DEL_01196,SUP_005,Karagandy Insulate,insulation,PRJ_005,Shymkent,2025-09-26,2025-10-26,2025-10-25,30,4059,intercity,794,shoulder,medium,0.88,-1,early
DEL_01197,SUP_004,SteelImport Turkey,glass_facade,PRJ_009,Astana,2025-01-27,2025-02-27,2025-03-08,31,4010,cross_border,2069,winter,high,0.55,9,late
DEL_01198,SUP_007,EcoBrick Shymkent,bricks,PRJ_001,Almaty,2025-03-20,2025-04-12,2025-04-09,23,1474,urban,43,shoulder,medium,0.9,-3,early
DEL_01199,SUP_008,China Modular Import,prefab_panels,PRJ_008,Aktobe,2026-01-16,2026-02-19,2026-02-25,34,2815,cross_border,1534,winter,low,0.48,6,late
DEL_01200,SUP_004,SteelImport Turkey,glass_facade,PRJ_004,Shymkent,2026-04-16,2026-04-26,2026-05-10,10,1688,cross_border,2351,shoulder,medium,0.55,14,late
DEL_01201,SUP_010,Local Timber Co,formwork,PRJ_003,Karagandy,2026-05-08,2026-05-28,2026-05-28,20,1180,intercity,432,shoulder,low,0.94,0,on_time
DEL_01202,SUP_003,Prefab KZ,prefab_panels,PRJ_007,Almaty,2026-02-08,2026-02-28,2026-02-28,20,2681,intercity,281,winter,low,0.65,0,on_time
DEL_01203,SUP_010,Local Timber Co,formwork,PRJ_005,Shymkent,2025-08-10,2025-09-09,2025-09-09,30,1265,urban,46,shoulder,low,0.94,0,on_time
DEL_01204,SUP_008,China Modular Import,modular_units,PRJ_010,Almaty,2026-03-22,2026-04-09,2026-04-18,18,2661,cross_border,4029,shoulder,low,0.48,9,late
DEL_01205,SUP_010,Local Timber Co,formwork,PRJ_009,Astana,2025-09-11,2025-10-24,2025-10-31,43,704,urban,52,shoulder,high,0.94,7,late
DEL_01206,SUP_002,Kazrebar Steel,rebar,PRJ_001,Almaty,2025-05-23,2025-06-27,2025-06-27,35,275,intercity,644,summer,medium,0.78,0,on_time
DEL_01207,SUP_005,Karagandy Insulate,insulation,PRJ_002,Aktobe,2025-05-05,2025-05-20,2025-05-20,15,4849,intercity,336,shoulder,low,0.88,0,on_time
DEL_01208,SUP_003,Prefab KZ,prefab_panels,PRJ_007,Almaty,2026-02-21,2026-03-23,2026-03-23,30,1226,urban,40,shoulder,low,0.65,0,on_time
DEL_01209,SUP_005,Karagandy Insulate,insulation,PRJ_006,Atyrau,2025-12-17,2026-01-04,2026-01-09,18,2382,urban,56,winter,high,0.88,5,late
DEL_01210,SUP_009,Atyrau Pipe & Steel,pipes,PRJ_004,Shymkent,2026-06-05,2026-07-12,2026-07-12,37,400,urban,12,summer,low,0.73,0,on_time
DEL_01211,SUP_008,China Modular Import,modular_units,PRJ_003,Karagandy,2025-12-04,2026-01-08,2026-01-16,35,2988,cross_border,2907,winter,medium,0.48,8,late
DEL_01212,SUP_010,Local Timber Co,formwork,PRJ_006,Atyrau,2025-06-01,2025-07-12,2025-07-25,41,715,urban,58,summer,high,0.94,13,late
DEL_01213,SUP_008,China Modular Import,prefab_panels,PRJ_001,Almaty,2025-08-20,2025-09-26,2025-09-26,37,3953,cross_border,3893,shoulder,low,0.48,0,on_time
DEL_01214,SUP_007,EcoBrick Shymkent,cement,PRJ_009,Astana,2025-03-19,2025-04-01,2025-04-02,13,4353,intercity,84,shoulder,medium,0.9,1,late
DEL_01215,SUP_006,Astana Glass Works,glass_facade,PRJ_009,Astana,2026-01-11,2026-02-10,2026-02-14,30,4871,intercity,773,winter,high,0.81,4,late
DEL_01216,SUP_002,Kazrebar Steel,steel_beams,PRJ_003,Karagandy,2025-12-18,2025-12-24,2025-12-24,6,3045,intercity,792,winter,medium,0.78,0,on_time
DEL_01217,SUP_010,Local Timber Co,timber,PRJ_005,Shymkent,2026-03-22,2026-04-24,2026-05-04,33,1807,intercity,699,shoulder,low,0.94,10,late
DEL_01218,SUP_004,SteelImport Turkey,glass_facade,PRJ_010,Almaty,2025-09-07,2025-09-26,2025-09-26,19,2317,cross_border,1964,shoulder,low,0.55,0,on_time
DEL_01219,SUP_004,SteelImport Turkey,glass_facade,PRJ_009,Astana,2025-07-14,2025-07-29,2025-08-08,15,3040,cross_border,1210,summer,low,0.55,10,late
DEL_01220,SUP_001,Almaty Cement Zavod,cement,PRJ_001,Almaty,2025-02-05,2025-02-27,2025-03-05,22,2909,intercity,439,winter,medium,0.92,6,late
DEL_01221,SUP_001,Almaty Cement Zavod,concrete_mix,PRJ_006,Atyrau,2026-03-01,2026-03-15,2026-03-23,14,4175,intercity,498,shoulder,high,0.92,8,late
DEL_01222,SUP_010,Local Timber Co,formwork,PRJ_006,Atyrau,2026-05-11,2026-06-03,2026-06-03,23,1657,intercity,325,summer,medium,0.94,0,on_time
DEL_01223,SUP_006,Astana Glass Works,glass_facade,PRJ_008,Aktobe,2025-12-31,2026-01-08,2026-01-08,8,980,urban,24,winter,high,0.81,0,on_time
DEL_01224,SUP_008,China Modular Import,modular_units,PRJ_002,Aktobe,2025-07-09,2025-08-15,2025-08-16,37,2889,cross_border,3568,summer,low,0.48,1,late
DEL_01225,SUP_004,SteelImport Turkey,glass_facade,PRJ_002,Aktobe,2026-04-29,2026-05-10,2026-05-10,11,474,cross_border,850,shoulder,low,0.55,0,on_time
DEL_01226,SUP_001,Almaty Cement Zavod,concrete_mix,PRJ_008,Aktobe,2025-08-18,2025-09-28,2025-09-28,41,4116,intercity,382,shoulder,low,0.92,0,on_time
DEL_01227,SUP_006,Astana Glass Works,glass_facade,PRJ_009,Astana,2025-09-07,2025-09-14,2025-09-14,7,860,intercity,286,shoulder,low,0.81,0,on_time
DEL_01228,SUP_005,Karagandy Insulate,insulation,PRJ_003,Karagandy,2026-01-22,2026-02-18,2026-02-18,27,4547,intercity,346,winter,medium,0.88,0,on_time
DEL_01229,SUP_004,SteelImport Turkey,glass_facade,PRJ_010,Almaty,2025-01-07,2025-01-25,2025-02-02,18,745,cross_border,3729,winter,medium,0.55,8,late
DEL_01230,SUP_002,Kazrebar Steel,rebar,PRJ_006,Atyrau,2026-06-22,2026-07-20,2026-08-05,28,727,intercity,571,summer,high,0.78,16,late
DEL_01231,SUP_009,Atyrau Pipe & Steel,rebar,PRJ_010,Almaty,2026-01-11,2026-01-24,2026-01-24,13,3251,intercity,296,winter,low,0.73,0,on_time
DEL_01232,SUP_001,Almaty Cement Zavod,cement,PRJ_002,Aktobe,2025-11-14,2025-11-18,2025-12-01,4,737,intercity,152,shoulder,medium,0.92,13,late
DEL_01233,SUP_007,EcoBrick Shymkent,bricks,PRJ_001,Almaty,2026-05-25,2026-06-26,2026-06-30,32,2263,intercity,517,summer,medium,0.9,4,late
DEL_01234,SUP_001,Almaty Cement Zavod,cement,PRJ_003,Karagandy,2025-03-02,2025-03-10,2025-03-10,8,255,urban,24,shoulder,high,0.92,0,on_time
DEL_01235,SUP_010,Local Timber Co,formwork,PRJ_005,Shymkent,2025-03-29,2025-04-05,2025-04-05,7,1633,urban,16,shoulder,high,0.94,0,on_time
DEL_01236,SUP_010,Local Timber Co,formwork,PRJ_004,Shymkent,2025-09-23,2025-10-04,2025-10-04,11,1400,intercity,421,shoulder,low,0.94,0,on_time
DEL_01237,SUP_002,Kazrebar Steel,rebar,PRJ_007,Almaty,2025-08-13,2025-08-17,2025-08-17,4,4987,urban,27,summer,low,0.78,0,on_time
DEL_01238,SUP_006,Astana Glass Works,glass_facade,PRJ_008,Aktobe,2025-07-01,2025-07-05,2025-07-05,4,2010,intercity,143,summer,high,0.81,0,on_time
DEL_01239,SUP_002,Kazrebar Steel,steel_beams,PRJ_005,Shymkent,2026-02-07,2026-03-14,2026-03-25,35,2605,intercity,460,shoulder,low,0.78,11,late
DEL_01240,SUP_007,EcoBrick Shymkent,bricks,PRJ_008,Aktobe,2025-09-20,2025-10-02,2025-10-02,12,2350,intercity,295,shoulder,low,0.9,0,on_time
DEL_01241,SUP_002,Kazrebar Steel,steel_beams,PRJ_010,Almaty,2026-02-07,2026-02-28,2026-03-11,21,1277,urban,6,winter,medium,0.78,11,late
DEL_01242,SUP_003,Prefab KZ,prefab_panels,PRJ_003,Karagandy,2026-02-07,2026-02-10,2026-02-06,3,3722,urban,57,winter,low,0.65,-4,early
DEL_01243,SUP_009,Atyrau Pipe & Steel,pipes,PRJ_010,Almaty,2026-06-21,2026-06-24,2026-06-25,3,3439,urban,48,summer,low,0.73,1,late
DEL_01244,SUP_004,SteelImport Turkey,steel_beams,PRJ_010,Almaty,2026-03-22,2026-05-01,2026-05-15,40,338,cross_border,3667,shoulder,medium,0.55,14,late
DEL_01245,SUP_007,EcoBrick Shymkent,cement,PRJ_008,Aktobe,2025-11-19,2025-12-24,2025-12-24,35,560,urban,55,winter,medium,0.9,0,on_time
DEL_01246,SUP_008,China Modular Import,modular_units,PRJ_010,Almaty,2025-01-04,2025-01-19,2025-01-20,15,951,cross_border,2875,winter,medium,0.48,1,late
DEL_01247,SUP_006,Astana Glass Works,glass_facade,PRJ_005,Shymkent,2025-09-12,2025-10-24,2025-10-24,42,2917,intercity,203,shoulder,low,0.81,0,on_time
DEL_01248,SUP_008,China Modular Import,modular_units,PRJ_008,Aktobe,2025-06-23,2025-07-30,2025-08-09,37,3028,cross_border,2124,summer,high,0.48,10,late
DEL_01249,SUP_005,Karagandy Insulate,insulation,PRJ_005,Shymkent,2026-06-16,2026-07-07,2026-07-07,21,1088,intercity,243,summer,low,0.88,0,on_time
DEL_01250,SUP_005,Karagandy Insulate,insulation,PRJ_008,Aktobe,2026-04-06,2026-04-29,2026-04-29,23,520,intercity,270,shoulder,medium,0.88,0,on_time
DEL_01251,SUP_007,EcoBrick Shymkent,cement,PRJ_007,Almaty,2025-01-11,2025-01-15,2025-01-15,4,1574,intercity,98,winter,high,0.9,0,on_time
DEL_01252,SUP_003,Prefab KZ,prefab_panels,PRJ_010,Almaty,2025-08-30,2025-09-22,2025-09-24,23,4801,urban,15,shoulder,high,0.65,2,late
DEL_01253,SUP_005,Karagandy Insulate,insulation,PRJ_002,Aktobe,2025-02-12,2025-03-26,2025-04-01,42,1967,intercity,733,shoulder,low,0.88,6,late
DEL_01254,SUP_008,China Modular Import,prefab_panels,PRJ_008,Aktobe,2026-05-20,2026-05-28,2026-05-30,8,1231,cross_border,1150,shoulder,medium,0.48,2,late
DEL_01255,SUP_009,Atyrau Pipe & Steel,pipes,PRJ_005,Shymkent,2025-01-08,2025-02-12,2025-02-22,35,1141,intercity,532,winter,medium,0.73,10,late
DEL_01256,SUP_007,EcoBrick Shymkent,cement,PRJ_002,Aktobe,2025-05-18,2025-06-28,2025-07-13,41,3885,urban,36,summer,high,0.9,15,late
DEL_01257,SUP_002,Kazrebar Steel,rebar,PRJ_002,Aktobe,2026-02-04,2026-02-13,2026-02-13,9,2336,urban,20,winter,medium,0.78,0,on_time
DEL_01258,SUP_006,Astana Glass Works,glass_facade,PRJ_010,Almaty,2025-02-02,2025-02-26,2025-02-27,24,3068,intercity,99,winter,low,0.81,1,late
DEL_01259,SUP_004,SteelImport Turkey,glass_facade,PRJ_002,Aktobe,2026-03-24,2026-04-13,2026-04-16,20,278,cross_border,2828,shoulder,medium,0.55,3,late
DEL_01260,SUP_009,Atyrau Pipe & Steel,rebar,PRJ_006,Atyrau,2026-03-28,2026-04-14,2026-04-14,17,4886,intercity,72,shoulder,low,0.73,0,on_time
DEL_01261,SUP_007,EcoBrick Shymkent,cement,PRJ_001,Almaty,2025-02-04,2025-03-11,2025-03-11,35,3637,intercity,351,shoulder,medium,0.9,0,on_time
DEL_01262,SUP_008,China Modular Import,modular_units,PRJ_001,Almaty,2025-12-17,2026-01-12,2026-01-13,26,3156,cross_border,1058,winter,medium,0.48,1,late
DEL_01263,SUP_006,Astana Glass Works,glass_facade,PRJ_006,Atyrau,2025-01-17,2025-02-21,2025-02-21,35,4084,urban,26,winter,high,0.81,0,on_time
DEL_01264,SUP_003,Prefab KZ,prefab_panels,PRJ_009,Astana,2026-06-13,2026-06-19,2026-06-19,6,2872,intercity,873,summer,low,0.65,0,on_time
DEL_01265,SUP_001,Almaty Cement Zavod,cement,PRJ_002,Aktobe,2025-07-01,2025-07-09,2025-07-09,8,196,intercity,360,summer,low,0.92,0,on_time
DEL_01266,SUP_005,Karagandy Insulate,insulation,PRJ_008,Aktobe,2025-10-05,2025-11-13,2025-11-13,39,2073,intercity,264,shoulder,low,0.88,0,on_time
DEL_01267,SUP_009,Atyrau Pipe & Steel,rebar,PRJ_006,Atyrau,2025-03-09,2025-03-20,2025-03-20,11,2829,intercity,622,shoulder,high,0.73,0,on_time
DEL_01268,SUP_010,Local Timber Co,formwork,PRJ_002,Aktobe,2025-12-25,2026-01-23,2026-01-23,29,3785,intercity,607,winter,high,0.94,0,on_time
DEL_01269,SUP_005,Karagandy Insulate,insulation,PRJ_008,Aktobe,2025-03-10,2025-03-29,2025-03-29,19,3059,intercity,617,shoulder,low,0.88,0,on_time
DEL_01270,SUP_010,Local Timber Co,timber,PRJ_009,Astana,2026-02-25,2026-03-23,2026-03-20,26,2400,intercity,678,shoulder,high,0.94,-3,early
DEL_01271,SUP_001,Almaty Cement Zavod,cement,PRJ_006,Atyrau,2025-08-07,2025-08-18,2025-08-18,11,699,intercity,716,summer,low,0.92,0,on_time
DEL_01272,SUP_004,SteelImport Turkey,glass_facade,PRJ_003,Karagandy,2025-09-26,2025-10-29,2025-10-29,33,968,cross_border,2967,shoulder,low,0.55,0,on_time
DEL_01273,SUP_006,Astana Glass Works,glass_facade,PRJ_010,Almaty,2025-05-31,2025-06-25,2025-06-25,25,2623,intercity,524,summer,medium,0.81,0,on_time
DEL_01274,SUP_008,China Modular Import,prefab_panels,PRJ_003,Karagandy,2025-09-20,2025-10-22,2025-10-31,32,1891,cross_border,1332,shoulder,medium,0.48,9,late
DEL_01275,SUP_004,SteelImport Turkey,steel_beams,PRJ_010,Almaty,2025-06-28,2025-07-11,2025-07-22,13,2964,cross_border,2519,summer,medium,0.55,11,late
DEL_01276,SUP_003,Prefab KZ,prefab_panels,PRJ_001,Almaty,2025-04-07,2025-05-12,2025-05-15,35,794,intercity,384,shoulder,low,0.65,3,late
DEL_01277,SUP_004,SteelImport Turkey,glass_facade,PRJ_003,Karagandy,2025-05-08,2025-06-21,2025-06-30,44,3355,cross_border,3097,summer,medium,0.55,9,late
DEL_01278,SUP_010,Local Timber Co,timber,PRJ_002,Aktobe,2025-01-11,2025-02-16,2025-02-16,36,3190,urban,9,winter,medium,0.94,0,on_time
DEL_01279,SUP_004,SteelImport Turkey,glass_facade,PRJ_008,Aktobe,2026-05-26,2026-07-08,2026-07-23,43,4877,cross_border,4304,summer,medium,0.55,15,late
DEL_01280,SUP_003,Prefab KZ,prefab_panels,PRJ_010,Almaty,2025-12-14,2025-12-20,2025-12-20,6,766,intercity,701,winter,medium,0.65,0,on_time
DEL_01281,SUP_009,Atyrau Pipe & Steel,rebar,PRJ_006,Atyrau,2025-12-27,2026-01-02,2026-01-04,6,2229,urban,47,winter,high,0.73,2,late
DEL_01282,SUP_007,EcoBrick Shymkent,cement,PRJ_007,Almaty,2025-11-11,2025-12-10,2025-12-18,29,2315,urban,56,winter,medium,0.9,8,late
DEL_01283,SUP_008,China Modular Import,prefab_panels,PRJ_001,Almaty,2025-03-28,2025-04-24,2025-04-28,27,2635,cross_border,1295,shoulder,medium,0.48,4,late
DEL_01284,SUP_010,Local Timber Co,formwork,PRJ_009,Astana,2025-08-08,2025-08-26,2025-09-06,18,4088,urban,55,summer,medium,0.94,11,late
DEL_01285,SUP_006,Astana Glass Works,glass_facade,PRJ_010,Almaty,2025-02-16,2025-03-30,2025-04-05,42,2712,intercity,91,shoulder,medium,0.81,6,late
DEL_01286,SUP_001,Almaty Cement Zavod,concrete_mix,PRJ_005,Shymkent,2026-06-04,2026-06-19,2026-06-23,15,3540,intercity,760,summer,high,0.92,4,late
DEL_01287,SUP_003,Prefab KZ,prefab_panels,PRJ_001,Almaty,2025-03-31,2025-05-14,2025-05-21,44,1468,intercity,431,shoulder,medium,0.65,7,late
DEL_01288,SUP_007,EcoBrick Shymkent,cement,PRJ_007,Almaty,2025-08-24,2025-09-18,2025-09-20,25,3245,urban,57,shoulder,medium,0.9,2,late
DEL_01289,SUP_002,Kazrebar Steel,rebar,PRJ_001,Almaty,2026-01-17,2026-02-04,2026-02-15,18,2673,intercity,498,winter,high,0.78,11,late
DEL_01290,SUP_001,Almaty Cement Zavod,cement,PRJ_007,Almaty,2026-03-20,2026-04-19,2026-04-19,30,4055,intercity,266,shoulder,low,0.92,0,on_time
DEL_01291,SUP_007,EcoBrick Shymkent,bricks,PRJ_001,Almaty,2025-12-20,2026-01-08,2026-01-11,19,3415,intercity,685,winter,medium,0.9,3,late
DEL_01292,SUP_005,Karagandy Insulate,insulation,PRJ_002,Aktobe,2025-11-26,2025-12-02,2025-12-02,6,1130,intercity,113,winter,high,0.88,0,on_time
DEL_01293,SUP_004,SteelImport Turkey,glass_facade,PRJ_001,Almaty,2025-06-26,2025-07-07,2025-07-07,11,2287,cross_border,3661,summer,low,0.55,0,on_time
DEL_01294,SUP_001,Almaty Cement Zavod,cement,PRJ_010,Almaty,2025-06-09,2025-07-08,2025-07-08,29,914,intercity,467,summer,low,0.92,0,on_time
DEL_01295,SUP_006,Astana Glass Works,glass_facade,PRJ_006,Atyrau,2025-04-08,2025-05-03,2025-05-03,25,1966,urban,17,shoulder,low,0.81,0,on_time
DEL_01296,SUP_005,Karagandy Insulate,insulation,PRJ_006,Atyrau,2025-03-25,2025-04-19,2025-04-19,25,4715,intercity,367,shoulder,medium,0.88,0,on_time
DEL_01297,SUP_005,Karagandy Insulate,insulation,PRJ_003,Karagandy,2025-06-05,2025-06-10,2025-06-10,5,364,intercity,68,summer,medium,0.88,0,on_time
DEL_01298,SUP_001,Almaty Cement Zavod,cement,PRJ_008,Aktobe,2026-01-31,2026-02-19,2026-02-20,19,1810,intercity,688,winter,high,0.92,1,late
DEL_01299,SUP_003,Prefab KZ,prefab_panels,PRJ_010,Almaty,2025-08-29,2025-09-28,2025-09-28,30,1164,intercity,873,shoulder,low,0.65,0,on_time
DEL_01300,SUP_004,SteelImport Turkey,steel_beams,PRJ_010,Almaty,2025-11-05,2025-12-06,2025-12-09,31,738,cross_border,3058,winter,medium,0.55,3,late
DEL_01301,SUP_009,Atyrau Pipe & Steel,pipes,PRJ_010,Almaty,2025-02-24,2025-04-05,2025-04-06,40,2293,intercity,487,shoulder,medium,0.73,1,late
DEL_01302,SUP_001,Almaty Cement Zavod,concrete_mix,PRJ_009,Astana,2026-03-09,2026-03-24,2026-03-24,15,2297,intercity,77,shoulder,medium,0.92,0,on_time
DEL_01303,SUP_001,Almaty Cement Zavod,concrete_mix,PRJ_010,Almaty,2025-10-19,2025-11-07,2025-11-11,19,4286,urban,24,shoulder,medium,0.92,4,late
DEL_01304,SUP_008,China Modular Import,prefab_panels,PRJ_010,Almaty,2026-05-29,2026-07-12,2026-07-12,44,4355,cross_border,3783,summer,low,0.48,0,on_time
DEL_01305,SUP_006,Astana Glass Works,glass_facade,PRJ_010,Almaty,2025-10-27,2025-11-21,2025-11-21,25,2957,intercity,151,shoulder,medium,0.81,0,on_time
DEL_01306,SUP_002,Kazrebar Steel,rebar,PRJ_006,Atyrau,2025-11-06,2025-11-20,2025-11-18,14,4285,intercity,819,shoulder,low,0.78,-2,early
DEL_01307,SUP_008,China Modular Import,modular_units,PRJ_005,Shymkent,2025-02-21,2025-02-24,2025-03-06,3,299,cross_border,2457,winter,low,0.48,10,late
DEL_01308,SUP_010,Local Timber Co,formwork,PRJ_004,Shymkent,2025-07-26,2025-09-02,2025-09-09,38,585,intercity,117,shoulder,low,0.94,7,late
DEL_01309,SUP_003,Prefab KZ,prefab_panels,PRJ_010,Almaty,2025-01-04,2025-01-18,2025-01-18,14,3778,urban,22,winter,high,0.65,0,on_time
DEL_01310,SUP_005,Karagandy Insulate,insulation,PRJ_007,Almaty,2025-11-09,2025-12-16,2025-12-16,37,3994,intercity,781,winter,low,0.88,0,on_time
DEL_01311,SUP_003,Prefab KZ,prefab_panels,PRJ_003,Karagandy,2025-12-11,2025-12-17,2025-12-29,6,250,intercity,66,winter,high,0.65,12,late
DEL_01312,SUP_004,SteelImport Turkey,steel_beams,PRJ_007,Almaty,2026-05-06,2026-06-11,2026-06-11,36,1261,cross_border,1817,summer,medium,0.55,0,on_time
DEL_01313,SUP_008,China Modular Import,prefab_panels,PRJ_002,Aktobe,2025-07-23,2025-08-28,2025-09-07,36,131,cross_border,1452,summer,low,0.48,10,late
DEL_01314,SUP_005,Karagandy Insulate,insulation,PRJ_002,Aktobe,2025-07-01,2025-07-30,2025-07-30,29,1924,intercity,488,summer,medium,0.88,0,on_time
DEL_01315,SUP_008,China Modular Import,modular_units,PRJ_001,Almaty,2026-03-05,2026-03-18,2026-03-22,13,4783,cross_border,4108,shoulder,medium,0.48,4,late
DEL_01316,SUP_010,Local Timber Co,formwork,PRJ_004,Shymkent,2025-06-23,2025-07-29,2025-07-29,36,4299,intercity,591,summer,medium,0.94,0,on_time
DEL_01317,SUP_001,Almaty Cement Zavod,concrete_mix,PRJ_003,Karagandy,2025-10-01,2025-11-10,2025-11-10,40,1466,urban,6,shoulder,low,0.92,0,on_time
DEL_01318,SUP_010,Local Timber Co,timber,PRJ_010,Almaty,2025-12-19,2026-01-07,2026-01-07,19,1832,urban,43,winter,high,0.94,0,on_time
DEL_01319,SUP_006,Astana Glass Works,glass_facade,PRJ_005,Shymkent,2026-02-24,2026-03-06,2026-03-06,10,2036,urban,10,shoulder,medium,0.81,0,on_time
DEL_01320,SUP_002,Kazrebar Steel,steel_beams,PRJ_006,Atyrau,2025-07-20,2025-08-19,2025-08-19,30,3195,urban,11,summer,low,0.78,0,on_time
DEL_01321,SUP_004,SteelImport Turkey,steel_beams,PRJ_007,Almaty,2026-05-03,2026-05-31,2026-05-28,28,966,cross_border,1247,shoulder,low,0.55,-3,early
DEL_01322,SUP_003,Prefab KZ,prefab_panels,PRJ_007,Almaty,2026-03-11,2026-03-14,2026-03-14,3,2024,urban,56,shoulder,low,0.65,0,on_time
DEL_01323,SUP_002,Kazrebar Steel,steel_beams,PRJ_001,Almaty,2026-01-30,2026-02-12,2026-02-16,13,3841,intercity,481,winter,low,0.78,4,late
DEL_01324,SUP_008,China Modular Import,prefab_panels,PRJ_005,Shymkent,2025-07-26,2025-08-26,2025-08-30,31,143,cross_border,1005,summer,high,0.48,4,late
DEL_01325,SUP_008,China Modular Import,prefab_panels,PRJ_006,Atyrau,2025-08-04,2025-08-10,2025-08-23,6,2249,cross_border,3833,summer,high,0.48,13,late
DEL_01326,SUP_002,Kazrebar Steel,rebar,PRJ_005,Shymkent,2025-01-26,2025-03-05,2025-03-05,38,971,intercity,766,shoulder,medium,0.78,0,on_time
DEL_01327,SUP_003,Prefab KZ,prefab_panels,PRJ_007,Almaty,2026-01-19,2026-03-03,2026-03-03,43,380,intercity,407,shoulder,low,0.65,0,on_time
DEL_01328,SUP_009,Atyrau Pipe & Steel,pipes,PRJ_010,Almaty,2025-09-09,2025-10-06,2025-10-06,27,3200,urban,54,shoulder,low,0.73,0,on_time
DEL_01329,SUP_010,Local Timber Co,formwork,PRJ_005,Shymkent,2025-07-30,2025-08-18,2025-08-18,19,3764,urban,25,summer,medium,0.94,0,on_time
DEL_01330,SUP_002,Kazrebar Steel,rebar,PRJ_002,Aktobe,2025-10-15,2025-10-21,2025-10-28,6,2924,intercity,574,shoulder,medium,0.78,7,late
DEL_01331,SUP_006,Astana Glass Works,glass_facade,PRJ_003,Karagandy,2025-02-02,2025-02-22,2025-02-22,20,1660,urban,55,winter,low,0.81,0,on_time
DEL_01332,SUP_002,Kazrebar Steel,rebar,PRJ_010,Almaty,2026-03-15,2026-03-19,2026-03-22,4,759,intercity,611,shoulder,low,0.78,3,late
DEL_01333,SUP_009,Atyrau Pipe & Steel,pipes,PRJ_009,Astana,2025-10-10,2025-10-20,2025-10-22,10,1779,urban,56,shoulder,medium,0.73,2,late
DEL_01334,SUP_003,Prefab KZ,prefab_panels,PRJ_006,Atyrau,2026-04-13,2026-04-26,2026-05-09,13,2523,intercity,706,shoulder,high,0.65,13,late
DEL_01335,SUP_001,Almaty Cement Zavod,cement,PRJ_007,Almaty,2026-04-30,2026-05-17,2026-05-17,17,1651,intercity,514,shoulder,medium,0.92,0,on_time
DEL_01336,SUP_010,Local Timber Co,timber,PRJ_003,Karagandy,2025-07-06,2025-07-17,2025-07-17,11,2999,intercity,481,summer,medium,0.94,0,on_time
DEL_01337,SUP_010,Local Timber Co,formwork,PRJ_006,Atyrau,2025-06-22,2025-07-30,2025-08-14,38,1640,urban,52,summer,high,0.94,15,late
DEL_01338,SUP_005,Karagandy Insulate,insulation,PRJ_004,Shymkent,2025-08-01,2025-08-27,2025-08-27,26,4457,intercity,150,summer,low,0.88,0,on_time
DEL_01339,SUP_006,Astana Glass Works,glass_facade,PRJ_006,Atyrau,2026-01-23,2026-01-27,2026-01-27,4,3325,urban,13,winter,low,0.81,0,on_time
DEL_01340,SUP_005,Karagandy Insulate,insulation,PRJ_006,Atyrau,2026-02-10,2026-02-16,2026-02-20,6,667,intercity,479,winter,high,0.88,4,late
DEL_01341,SUP_003,Prefab KZ,prefab_panels,PRJ_001,Almaty,2025-05-28,2025-06-30,2025-06-30,33,1535,intercity,579,summer,low,0.65,0,on_time
DEL_01342,SUP_006,Astana Glass Works,glass_facade,PRJ_005,Shymkent,2025-06-16,2025-06-27,2025-06-27,11,4851,intercity,607,summer,medium,0.81,0,on_time
DEL_01343,SUP_001,Almaty Cement Zavod,concrete_mix,PRJ_010,Almaty,2025-06-30,2025-08-06,2025-08-13,37,345,intercity,631,summer,medium,0.92,7,late
DEL_01344,SUP_005,Karagandy Insulate,insulation,PRJ_002,Aktobe,2025-07-01,2025-07-14,2025-07-11,13,60,intercity,527,summer,high,0.88,-3,early
DEL_01345,SUP_001,Almaty Cement Zavod,cement,PRJ_007,Almaty,2025-12-02,2026-01-07,2026-01-07,36,2915,intercity,789,winter,low,0.92,0,on_time
DEL_01346,SUP_004,SteelImport Turkey,glass_facade,PRJ_007,Almaty,2026-05-17,2026-05-24,2026-06-05,7,2098,cross_border,2091,shoulder,low,0.55,12,late
DEL_01347,SUP_003,Prefab KZ,prefab_panels,PRJ_007,Almaty,2025-01-07,2025-01-24,2025-02-02,17,4073,intercity,889,winter,high,0.65,9,late
DEL_01348,SUP_007,EcoBrick Shymkent,bricks,PRJ_006,Atyrau,2025-06-30,2025-07-19,2025-07-19,19,4805,urban,21,summer,low,0.9,0,on_time
DEL_01349,SUP_005,Karagandy Insulate,insulation,PRJ_001,Almaty,2025-06-17,2025-07-20,2025-07-20,33,2827,urban,14,summer,medium,0.88,0,on_time
DEL_01350,SUP_003,Prefab KZ,prefab_panels,PRJ_005,Shymkent,2025-01-20,2025-02-21,2025-03-02,32,1601,urban,21,winter,high,0.65,9,late
DEL_01351,SUP_005,Karagandy Insulate,insulation,PRJ_008,Aktobe,2025-02-12,2025-03-08,2025-03-08,24,4676,urban,10,shoulder,low,0.88,0,on_time
DEL_01352,SUP_006,Astana Glass Works,glass_facade,PRJ_008,Aktobe,2025-09-19,2025-10-03,2025-10-03,14,1430,intercity,202,shoulder,low,0.81,0,on_time
DEL_01353,SUP_006,Astana Glass Works,glass_facade,PRJ_003,Karagandy,2025-01-01,2025-01-09,2025-01-24,8,1563,intercity,196,winter,high,0.81,15,late
DEL_01354,SUP_008,China Modular Import,modular_units,PRJ_008,Aktobe,2026-05-03,2026-05-10,2026-05-27,7,3525,cross_border,2782,shoulder,high,0.48,17,late
DEL_01355,SUP_006,Astana Glass Works,glass_facade,PRJ_004,Shymkent,2025-10-17,2025-11-29,2025-12-09,43,2361,intercity,345,shoulder,medium,0.81,10,late
DEL_01356,SUP_008,China Modular Import,modular_units,PRJ_004,Shymkent,2025-08-20,2025-10-02,2025-09-30,43,3454,cross_border,3410,shoulder,low,0.48,-2,early
DEL_01357,SUP_009,Atyrau Pipe & Steel,rebar,PRJ_009,Astana,2026-03-30,2026-04-20,2026-04-20,21,3983,urban,14,shoulder,medium,0.73,0,on_time
DEL_01358,SUP_009,Atyrau Pipe & Steel,rebar,PRJ_005,Shymkent,2026-05-30,2026-07-06,2026-07-06,37,4622,urban,20,summer,low,0.73,0,on_time
DEL_01359,SUP_002,Kazrebar Steel,rebar,PRJ_003,Karagandy,2025-02-27,2025-03-29,2025-04-07,30,3730,intercity,423,shoulder,medium,0.78,9,late
DEL_01360,SUP_003,Prefab KZ,prefab_panels,PRJ_006,Atyrau,2025-11-01,2025-11-11,2025-11-17,10,337,intercity,659,shoulder,low,0.65,6,late
DEL_01361,SUP_010,Local Timber Co,timber,PRJ_007,Almaty,2025-10-05,2025-11-10,2025-11-10,36,820,intercity,756,shoulder,low,0.94,0,on_time
DEL_01362,SUP_008,China Modular Import,prefab_panels,PRJ_002,Aktobe,2025-03-22,2025-04-16,2025-04-12,25,4852,cross_border,4014,shoulder,medium,0.48,-4,early
DEL_01363,SUP_010,Local Timber Co,timber,PRJ_004,Shymkent,2025-05-06,2025-05-27,2025-05-27,21,485,intercity,414,shoulder,medium,0.94,0,on_time
DEL_01364,SUP_003,Prefab KZ,prefab_panels,PRJ_008,Aktobe,2025-06-26,2025-07-06,2025-07-15,10,1637,intercity,298,summer,low,0.65,9,late
DEL_01365,SUP_005,Karagandy Insulate,insulation,PRJ_009,Astana,2025-08-25,2025-08-28,2025-09-03,3,100,intercity,851,summer,low,0.88,6,late
DEL_01366,SUP_001,Almaty Cement Zavod,concrete_mix,PRJ_003,Karagandy,2025-06-26,2025-07-02,2025-07-02,6,1517,urban,25,summer,low,0.92,0,on_time
DEL_01367,SUP_007,EcoBrick Shymkent,bricks,PRJ_003,Karagandy,2025-07-26,2025-09-05,2025-09-05,41,1326,urban,53,shoulder,medium,0.9,0,on_time
DEL_01368,SUP_003,Prefab KZ,prefab_panels,PRJ_004,Shymkent,2026-02-02,2026-02-23,2026-02-23,21,3424,urban,42,winter,low,0.65,0,on_time
DEL_01369,SUP_004,SteelImport Turkey,glass_facade,PRJ_002,Aktobe,2025-12-29,2026-01-22,2026-01-23,24,3622,cross_border,3632,winter,low,0.55,1,late
DEL_01370,SUP_007,EcoBrick Shymkent,bricks,PRJ_005,Shymkent,2026-02-28,2026-04-09,2026-04-09,40,1763,urban,13,shoulder,low,0.9,0,on_time
DEL_01371,SUP_001,Almaty Cement Zavod,concrete_mix,PRJ_005,Shymkent,2025-06-21,2025-08-01,2025-08-01,41,14,urban,45,summer,low,0.92,0,on_time
DEL_01372,SUP_002,Kazrebar Steel,steel_beams,PRJ_010,Almaty,2026-03-29,2026-05-09,2026-05-11,41,4159,intercity,809,shoulder,medium,0.78,2,late
DEL_01373,SUP_009,Atyrau Pipe & Steel,pipes,PRJ_002,Aktobe,2025-05-11,2025-05-23,2025-05-23,12,3664,intercity,134,shoulder,low,0.73,0,on_time
DEL_01374,SUP_006,Astana Glass Works,glass_facade,PRJ_009,Astana,2025-06-19,2025-07-17,2025-07-17,28,232,urban,20,summer,low,0.81,0,on_time
DEL_01375,SUP_010,Local Timber Co,timber,PRJ_004,Shymkent,2025-05-12,2025-06-06,2025-06-06,25,3940,intercity,630,summer,low,0.94,0,on_time
DEL_01376,SUP_001,Almaty Cement Zavod,cement,PRJ_010,Almaty,2025-08-01,2025-08-08,2025-08-08,7,4047,intercity,588,summer,medium,0.92,0,on_time
DEL_01377,SUP_003,Prefab KZ,prefab_panels,PRJ_005,Shymkent,2025-10-02,2025-10-25,2025-10-31,23,291,intercity,537,shoulder,low,0.65,6,late
DEL_01378,SUP_004,SteelImport Turkey,glass_facade,PRJ_001,Almaty,2025-09-24,2025-10-14,2025-10-23,20,198,cross_border,864,shoulder,medium,0.55,9,late
DEL_01379,SUP_007,EcoBrick Shymkent,cement,PRJ_001,Almaty,2025-05-24,2025-05-29,2025-05-29,5,3591,intercity,734,shoulder,medium,0.9,0,on_time
DEL_01380,SUP_008,China Modular Import,modular_units,PRJ_005,Shymkent,2026-01-27,2026-03-06,2026-03-13,38,2642,cross_border,1073,shoulder,low,0.48,7,late
DEL_01381,SUP_010,Local Timber Co,formwork,PRJ_005,Shymkent,2025-06-30,2025-08-01,2025-08-08,32,1803,intercity,633,summer,medium,0.94,7,late
DEL_01382,SUP_008,China Modular Import,prefab_panels,PRJ_010,Almaty,2025-06-11,2025-06-29,2025-07-07,18,3929,cross_border,1671,summer,low,0.48,8,late
DEL_01383,SUP_010,Local Timber Co,timber,PRJ_009,Astana,2025-07-30,2025-09-04,2025-09-04,36,4489,intercity,92,shoulder,high,0.94,0,on_time
DEL_01384,SUP_004,SteelImport Turkey,steel_beams,PRJ_007,Almaty,2025-04-05,2025-04-20,2025-04-20,15,2059,cross_border,1717,shoulder,low,0.55,0,on_time
DEL_01385,SUP_006,Astana Glass Works,glass_facade,PRJ_009,Astana,2025-03-01,2025-04-13,2025-04-13,43,1511,urban,6,shoulder,low,0.81,0,on_time
DEL_01386,SUP_003,Prefab KZ,prefab_panels,PRJ_003,Karagandy,2025-10-07,2025-11-12,2025-11-23,36,2202,urban,44,shoulder,medium,0.65,11,late
DEL_01387,SUP_002,Kazrebar Steel,rebar,PRJ_002,Aktobe,2025-03-25,2025-04-28,2025-04-28,34,4919,intercity,98,shoulder,medium,0.78,0,on_time
DEL_01388,SUP_008,China Modular Import,prefab_panels,PRJ_008,Aktobe,2026-05-31,2026-06-28,2026-07-04,28,2500,cross_border,1485,summer,high,0.48,6,late
DEL_01389,SUP_006,Astana Glass Works,glass_facade,PRJ_002,Aktobe,2025-04-10,2025-04-25,2025-04-25,15,1744,intercity,770,shoulder,low,0.81,0,on_time
DEL_01390,SUP_005,Karagandy Insulate,insulation,PRJ_008,Aktobe,2026-04-09,2026-04-29,2026-04-29,20,1232,intercity,889,shoulder,medium,0.88,0,on_time
DEL_01391,SUP_010,Local Timber Co,formwork,PRJ_004,Shymkent,2026-04-15,2026-05-06,2026-05-07,21,142,intercity,418,shoulder,medium,0.94,1,late
DEL_01392,SUP_005,Karagandy Insulate,insulation,PRJ_005,Shymkent,2025-12-04,2025-12-31,2025-12-31,27,4244,intercity,658,winter,medium,0.88,0,on_time
DEL_01393,SUP_004,SteelImport Turkey,glass_facade,PRJ_002,Aktobe,2025-08-14,2025-09-23,2025-09-28,40,1098,cross_border,2746,shoulder,low,0.55,5,late
DEL_01394,SUP_006,Astana Glass Works,glass_facade,PRJ_001,Almaty,2026-01-21,2026-02-02,2026-02-02,12,4444,urban,30,winter,medium,0.81,0,on_time
DEL_01395,SUP_007,EcoBrick Shymkent,cement,PRJ_007,Almaty,2025-01-05,2025-01-27,2025-02-01,22,3585,intercity,505,winter,high,0.9,5,late
DEL_01396,SUP_005,Karagandy Insulate,insulation,PRJ_008,Aktobe,2025-09-13,2025-10-26,2025-10-26,43,1964,urban,59,shoulder,medium,0.88,0,on_time
DEL_01397,SUP_001,Almaty Cement Zavod,concrete_mix,PRJ_007,Almaty,2025-07-14,2025-07-29,2025-07-29,15,1164,urban,50,summer,medium,0.92,0,on_time
DEL_01398,SUP_005,Karagandy Insulate,insulation,PRJ_006,Atyrau,2026-01-03,2026-02-06,2026-02-06,34,2665,intercity,165,winter,high,0.88,0,on_time
DEL_01399,SUP_006,Astana Glass Works,glass_facade,PRJ_009,Astana,2025-04-15,2025-05-20,2025-05-20,35,137,urban,42,shoulder,medium,0.81,0,on_time
DEL_01400,SUP_005,Karagandy Insulate,insulation,PRJ_001,Almaty,2026-06-18,2026-07-17,2026-07-17,29,4455,urban,17,summer,low,0.88,0,on_time
DEL_01401,SUP_008,China Modular Import,modular_units,PRJ_006,Atyrau,2025-07-20,2025-08-02,2025-08-03,13,4050,cross_border,2888,summer,medium,0.48,1,late
DEL_01402,SUP_001,Almaty Cement Zavod,concrete_mix,PRJ_009,Astana,2025-08-15,2025-09-19,2025-09-19,35,3011,urban,10,shoulder,low,0.92,0,on_time
DEL_01403,SUP_006,Astana Glass Works,glass_facade,PRJ_007,Almaty,2026-04-08,2026-05-20,2026-05-17,42,2109,intercity,536,shoulder,low,0.81,-3,early
DEL_01404,SUP_004,SteelImport Turkey,glass_facade,PRJ_010,Almaty,2026-01-14,2026-02-19,2026-02-22,36,89,cross_border,4276,winter,medium,0.55,3,late
DEL_01405,SUP_003,Prefab KZ,prefab_panels,PRJ_002,Aktobe,2025-04-19,2025-04-26,2025-04-26,7,3786,intercity,899,shoulder,low,0.65,0,on_time
DEL_01406,SUP_001,Almaty Cement Zavod,cement,PRJ_002,Aktobe,2026-01-03,2026-01-27,2026-01-25,24,1717,urban,38,winter,low,0.92,-2,early
DEL_01407,SUP_008,China Modular Import,modular_units,PRJ_002,Aktobe,2025-12-23,2026-01-02,2026-01-06,10,2326,cross_border,2933,winter,medium,0.48,4,late
DEL_01408,SUP_002,Kazrebar Steel,steel_beams,PRJ_008,Aktobe,2025-08-16,2025-09-05,2025-09-05,20,3135,intercity,63,shoulder,low,0.78,0,on_time
DEL_01409,SUP_008,China Modular Import,prefab_panels,PRJ_006,Atyrau,2026-06-22,2026-07-04,2026-07-05,12,1526,cross_border,4177,summer,high,0.48,1,late
DEL_01410,SUP_006,Astana Glass Works,glass_facade,PRJ_004,Shymkent,2025-01-02,2025-02-15,2025-02-16,44,1149,intercity,517,winter,high,0.81,1,late
DEL_01411,SUP_001,Almaty Cement Zavod,concrete_mix,PRJ_003,Karagandy,2025-10-15,2025-11-06,2025-11-06,22,996,intercity,723,shoulder,low,0.92,0,on_time
DEL_01412,SUP_009,Atyrau Pipe & Steel,pipes,PRJ_005,Shymkent,2025-04-05,2025-05-16,2025-05-13,41,3527,intercity,842,shoulder,medium,0.73,-3,early
DEL_01413,SUP_008,China Modular Import,prefab_panels,PRJ_006,Atyrau,2026-04-11,2026-04-18,2026-04-30,7,1186,cross_border,1538,shoulder,low,0.48,12,late
DEL_01414,SUP_004,SteelImport Turkey,glass_facade,PRJ_001,Almaty,2026-02-19,2026-03-22,2026-03-29,31,2174,cross_border,2271,shoulder,low,0.55,7,late
DEL_01415,SUP_008,China Modular Import,prefab_panels,PRJ_009,Astana,2026-04-29,2026-05-09,2026-05-22,10,1314,cross_border,991,shoulder,medium,0.48,13,late
DEL_01416,SUP_009,Atyrau Pipe & Steel,pipes,PRJ_002,Aktobe,2025-03-11,2025-03-25,2025-03-25,14,1433,intercity,261,shoulder,low,0.73,0,on_time
DEL_01417,SUP_010,Local Timber Co,formwork,PRJ_005,Shymkent,2026-03-15,2026-04-24,2026-04-24,40,3483,intercity,349,shoulder,medium,0.94,0,on_time
DEL_01418,SUP_002,Kazrebar Steel,rebar,PRJ_008,Aktobe,2025-01-29,2025-03-11,2025-03-11,41,4576,intercity,772,shoulder,medium,0.78,0,on_time
DEL_01419,SUP_001,Almaty Cement Zavod,cement,PRJ_001,Almaty,2025-10-16,2025-11-20,2025-11-20,35,822,intercity,717,shoulder,low,0.92,0,on_time
DEL_01420,SUP_005,Karagandy Insulate,insulation,PRJ_002,Aktobe,2026-01-13,2026-01-18,2026-02-03,5,852,intercity,559,winter,high,0.88,16,late
DEL_01421,SUP_001,Almaty Cement Zavod,concrete_mix,PRJ_005,Shymkent,2025-06-16,2025-07-26,2025-07-26,40,3265,intercity,868,summer,low,0.92,0,on_time
DEL_01422,SUP_002,Kazrebar Steel,steel_beams,PRJ_010,Almaty,2025-02-05,2025-03-14,2025-03-14,37,1091,intercity,267,shoulder,low,0.78,0,on_time
DEL_01423,SUP_008,China Modular Import,prefab_panels,PRJ_006,Atyrau,2025-08-06,2025-09-18,2025-09-25,43,3387,cross_border,1719,shoulder,low,0.48,7,late
DEL_01424,SUP_003,Prefab KZ,prefab_panels,PRJ_009,Astana,2026-04-01,2026-04-16,2026-04-16,15,991,urban,37,shoulder,medium,0.65,0,on_time
DEL_01425,SUP_003,Prefab KZ,prefab_panels,PRJ_003,Karagandy,2026-05-17,2026-05-23,2026-06-03,6,4025,intercity,546,shoulder,low,0.65,11,late
DEL_01426,SUP_002,Kazrebar Steel,steel_beams,PRJ_005,Shymkent,2025-07-01,2025-08-12,2025-08-12,42,4198,intercity,661,summer,medium,0.78,0,on_time
DEL_01427,SUP_002,Kazrebar Steel,steel_beams,PRJ_009,Astana,2026-05-21,2026-06-06,2026-06-06,16,2577,intercity,537,summer,low,0.78,0,on_time
DEL_01428,SUP_007,EcoBrick Shymkent,cement,PRJ_006,Atyrau,2026-01-01,2026-01-21,2026-01-21,20,4367,intercity,106,winter,low,0.9,0,on_time
DEL_01429,SUP_005,Karagandy Insulate,insulation,PRJ_005,Shymkent,2025-10-02,2025-11-06,2025-11-06,35,3203,intercity,273,shoulder,medium,0.88,0,on_time
DEL_01430,SUP_002,Kazrebar Steel,steel_beams,PRJ_006,Atyrau,2025-11-24,2025-11-29,2025-12-05,5,4275,intercity,577,shoulder,medium,0.78,6,late
DEL_01431,SUP_003,Prefab KZ,prefab_panels,PRJ_004,Shymkent,2025-09-13,2025-09-19,2025-09-19,6,1860,intercity,246,shoulder,medium,0.65,0,on_time
DEL_01432,SUP_008,China Modular Import,modular_units,PRJ_005,Shymkent,2025-12-27,2026-01-03,2026-01-20,7,2973,cross_border,4331,winter,high,0.48,17,late
DEL_01433,SUP_003,Prefab KZ,prefab_panels,PRJ_009,Astana,2025-04-16,2025-04-26,2025-04-28,10,3390,urban,53,shoulder,low,0.65,2,late
DEL_01434,SUP_005,Karagandy Insulate,insulation,PRJ_010,Almaty,2025-01-05,2025-02-09,2025-02-21,35,874,intercity,430,winter,medium,0.88,12,late
DEL_01435,SUP_007,EcoBrick Shymkent,cement,PRJ_003,Karagandy,2026-01-29,2026-02-03,2026-02-03,5,832,intercity,570,winter,medium,0.9,0,on_time
DEL_01436,SUP_003,Prefab KZ,prefab_panels,PRJ_007,Almaty,2025-01-23,2025-02-21,2025-03-04,29,3603,urban,41,winter,medium,0.65,11,late
DEL_01437,SUP_007,EcoBrick Shymkent,cement,PRJ_009,Astana,2026-04-19,2026-05-25,2026-05-25,36,1612,intercity,594,shoulder,low,0.9,0,on_time
DEL_01438,SUP_004,SteelImport Turkey,steel_beams,PRJ_001,Almaty,2025-05-05,2025-05-29,2025-06-08,24,1685,cross_border,2444,shoulder,medium,0.55,10,late
DEL_01439,SUP_009,Atyrau Pipe & Steel,rebar,PRJ_009,Astana,2026-01-12,2026-01-20,2026-01-20,8,2768,intercity,194,winter,low,0.73,0,on_time
DEL_01440,SUP_010,Local Timber Co,timber,PRJ_008,Aktobe,2025-08-18,2025-08-30,2025-08-31,12,3987,intercity,307,summer,low,0.94,1,late
DEL_01441,SUP_002,Kazrebar Steel,steel_beams,PRJ_008,Aktobe,2026-04-20,2026-05-05,2026-05-05,15,2875,intercity,857,shoulder,low,0.78,0,on_time
DEL_01442,SUP_007,EcoBrick Shymkent,bricks,PRJ_005,Shymkent,2025-08-20,2025-09-20,2025-09-20,31,2813,intercity,496,shoulder,medium,0.9,0,on_time
DEL_01443,SUP_006,Astana Glass Works,glass_facade,PRJ_003,Karagandy,2026-03-24,2026-04-25,2026-04-26,32,355,intercity,308,shoulder,high,0.81,1,late
DEL_01444,SUP_008,China Modular Import,prefab_panels,PRJ_001,Almaty,2026-02-24,2026-03-25,2026-03-25,29,587,cross_border,2538,shoulder,medium,0.48,0,on_time
DEL_01445,SUP_009,Atyrau Pipe & Steel,rebar,PRJ_008,Aktobe,2026-02-27,2026-03-19,2026-03-19,20,914,urban,23,shoulder,medium,0.73,0,on_time
DEL_01446,SUP_008,China Modular Import,modular_units,PRJ_006,Atyrau,2025-12-15,2026-01-05,2026-01-18,21,888,cross_border,3872,winter,medium,0.48,13,late
DEL_01447,SUP_004,SteelImport Turkey,glass_facade,PRJ_007,Almaty,2025-06-09,2025-06-16,2025-06-17,7,875,cross_border,3636,summer,low,0.55,1,late
DEL_01448,SUP_005,Karagandy Insulate,insulation,PRJ_003,Karagandy,2026-01-19,2026-01-23,2026-02-07,4,1636,urban,29,winter,high,0.88,15,late
DEL_01449,SUP_008,China Modular Import,prefab_panels,PRJ_009,Astana,2025-09-17,2025-10-11,2025-10-24,24,2393,cross_border,1948,shoulder,high,0.48,13,late
DEL_01450,SUP_005,Karagandy Insulate,insulation,PRJ_004,Shymkent,2025-07-15,2025-08-23,2025-08-23,39,2920,intercity,618,summer,high,0.88,0,on_time
DEL_01451,SUP_001,Almaty Cement Zavod,concrete_mix,PRJ_009,Astana,2026-04-02,2026-05-07,2026-05-17,35,225,intercity,477,shoulder,low,0.92,10,late
DEL_01452,SUP_004,SteelImport Turkey,steel_beams,PRJ_003,Karagandy,2026-06-24,2026-07-25,2026-07-25,31,3227,cross_border,3912,summer,low,0.55,0,on_time
DEL_01453,SUP_008,China Modular Import,prefab_panels,PRJ_007,Almaty,2026-05-18,2026-06-03,2026-06-17,16,4118,cross_border,1485,summer,medium,0.48,14,late
DEL_01454,SUP_001,Almaty Cement Zavod,concrete_mix,PRJ_002,Aktobe,2025-06-08,2025-07-04,2025-07-02,26,1518,intercity,548,summer,medium,0.92,-2,early
DEL_01455,SUP_002,Kazrebar Steel,rebar,PRJ_009,Astana,2025-11-13,2025-12-16,2025-12-16,33,1035,urban,13,winter,medium,0.78,0,on_time
DEL_01456,SUP_005,Karagandy Insulate,insulation,PRJ_009,Astana,2025-09-09,2025-10-14,2025-10-14,35,3578,urban,39,shoulder,high,0.88,0,on_time
DEL_01457,SUP_008,China Modular Import,prefab_panels,PRJ_002,Aktobe,2025-02-07,2025-02-11,2025-02-28,4,4634,cross_border,823,winter,high,0.48,17,late
DEL_01458,SUP_010,Local Timber Co,timber,PRJ_002,Aktobe,2025-07-19,2025-08-14,2025-08-29,26,4020,urban,15,summer,high,0.94,15,late
DEL_01459,SUP_003,Prefab KZ,prefab_panels,PRJ_001,Almaty,2025-11-18,2025-11-27,2025-12-04,9,1153,intercity,502,shoulder,low,0.65,7,late
DEL_01460,SUP_007,EcoBrick Shymkent,cement,PRJ_007,Almaty,2025-07-29,2025-08-19,2025-08-27,21,3723,urban,37,summer,low,0.9,8,late
DEL_01461,SUP_001,Almaty Cement Zavod,concrete_mix,PRJ_002,Aktobe,2025-05-24,2025-06-25,2025-06-25,32,3731,intercity,889,summer,low,0.92,0,on_time
DEL_01462,SUP_003,Prefab KZ,prefab_panels,PRJ_002,Aktobe,2025-12-17,2026-01-14,2026-01-14,28,2307,intercity,839,winter,medium,0.65,0,on_time
DEL_01463,SUP_001,Almaty Cement Zavod,cement,PRJ_004,Shymkent,2025-04-14,2025-05-15,2025-05-20,31,4725,urban,9,shoulder,medium,0.92,5,late
DEL_01464,SUP_008,China Modular Import,prefab_panels,PRJ_008,Aktobe,2025-08-15,2025-09-13,2025-09-13,29,4028,cross_border,3661,shoulder,low,0.48,0,on_time
DEL_01465,SUP_007,EcoBrick Shymkent,cement,PRJ_004,Shymkent,2025-01-30,2025-03-06,2025-03-06,35,1245,intercity,257,shoulder,low,0.9,0,on_time
DEL_01466,SUP_008,China Modular Import,modular_units,PRJ_009,Astana,2025-04-30,2025-05-14,2025-05-25,14,2672,cross_border,1195,shoulder,medium,0.48,11,late
DEL_01467,SUP_004,SteelImport Turkey,steel_beams,PRJ_008,Aktobe,2026-03-27,2026-04-11,2026-04-19,15,478,cross_border,2286,shoulder,low,0.55,8,late
DEL_01468,SUP_001,Almaty Cement Zavod,cement,PRJ_007,Almaty,2026-02-23,2026-04-07,2026-04-07,43,4092,intercity,183,shoulder,low,0.92,0,on_time
DEL_01469,SUP_003,Prefab KZ,prefab_panels,PRJ_006,Atyrau,2025-01-28,2025-02-09,2025-02-09,12,3899,intercity,341,winter,low,0.65,0,on_time
DEL_01470,SUP_009,Atyrau Pipe & Steel,pipes,PRJ_008,Aktobe,2026-04-11,2026-04-29,2026-05-09,18,311,urban,54,shoulder,medium,0.73,10,late
DEL_01471,SUP_008,China Modular Import,prefab_panels,PRJ_001,Almaty,2025-05-11,2025-06-14,2025-06-14,34,1781,cross_border,2516,summer,medium,0.48,0,on_time
DEL_01472,SUP_003,Prefab KZ,prefab_panels,PRJ_004,Shymkent,2026-02-16,2026-03-09,2026-03-14,21,2390,urban,6,shoulder,low,0.65,5,late
DEL_01473,SUP_010,Local Timber Co,timber,PRJ_003,Karagandy,2025-02-05,2025-03-11,2025-03-11,34,2019,urban,42,shoulder,high,0.94,0,on_time
DEL_01474,SUP_006,Astana Glass Works,glass_facade,PRJ_004,Shymkent,2025-12-21,2026-02-02,2026-02-02,43,3934,intercity,159,winter,medium,0.81,0,on_time
DEL_01475,SUP_009,Atyrau Pipe & Steel,rebar,PRJ_001,Almaty,2025-05-14,2025-06-08,2025-06-13,25,1914,intercity,662,summer,low,0.73,5,late
DEL_01476,SUP_006,Astana Glass Works,glass_facade,PRJ_007,Almaty,2026-05-12,2026-05-27,2026-05-27,15,517,urban,54,shoulder,medium,0.81,0,on_time
DEL_01477,SUP_006,Astana Glass Works,glass_facade,PRJ_009,Astana,2025-07-30,2025-09-08,2025-09-08,40,522,intercity,586,shoulder,low,0.81,0,on_time
DEL_01478,SUP_007,EcoBrick Shymkent,bricks,PRJ_010,Almaty,2026-06-10,2026-07-02,2026-07-02,22,4799,intercity,847,summer,high,0.9,0,on_time
DEL_01479,SUP_005,Karagandy Insulate,insulation,PRJ_005,Shymkent,2025-05-20,2025-05-31,2025-05-31,11,1824,urban,59,shoulder,medium,0.88,0,on_time
DEL_01480,SUP_009,Atyrau Pipe & Steel,pipes,PRJ_001,Almaty,2026-05-27,2026-06-24,2026-07-04,28,4816,intercity,365,summer,low,0.73,10,late
DEL_01481,SUP_004,SteelImport Turkey,glass_facade,PRJ_008,Aktobe,2025-10-17,2025-11-18,2025-11-26,32,2029,cross_border,2698,shoulder,high,0.55,8,late
DEL_01482,SUP_001,Almaty Cement Zavod,concrete_mix,PRJ_003,Karagandy,2026-04-24,2026-05-29,2026-05-29,35,4709,intercity,419,shoulder,low,0.92,0,on_time
DEL_01483,SUP_003,Prefab KZ,prefab_panels,PRJ_005,Shymkent,2025-10-14,2025-11-24,2025-11-29,41,3560,urban,36,shoulder,low,0.65,5,late
DEL_01484,SUP_009,Atyrau Pipe & Steel,rebar,PRJ_004,Shymkent,2025-03-05,2025-03-26,2025-03-26,21,2998,urban,59,shoulder,medium,0.73,0,on_time
DEL_01485,SUP_006,Astana Glass Works,glass_facade,PRJ_006,Atyrau,2025-04-08,2025-04-28,2025-04-28,20,820,intercity,535,shoulder,medium,0.81,0,on_time
DEL_01486,SUP_010,Local Timber Co,timber,PRJ_009,Astana,2025-11-06,2025-11-10,2025-11-10,4,3713,intercity,873,shoulder,low,0.94,0,on_time
DEL_01487,SUP_006,Astana Glass Works,glass_facade,PRJ_007,Almaty,2026-02-26,2026-03-15,2026-03-27,17,3561,intercity,535,shoulder,medium,0.81,12,late
DEL_01488,SUP_010,Local Timber Co,timber,PRJ_006,Atyrau,2026-01-03,2026-01-27,2026-01-27,24,3434,intercity,174,winter,medium,0.94,0,on_time
DEL_01489,SUP_007,EcoBrick Shymkent,cement,PRJ_009,Astana,2026-02-19,2026-03-17,2026-03-17,26,625,intercity,498,shoulder,medium,0.9,0,on_time
DEL_01490,SUP_010,Local Timber Co,timber,PRJ_004,Shymkent,2025-08-20,2025-09-03,2025-09-03,14,4317,intercity,505,shoulder,high,0.94,0,on_time
DEL_01491,SUP_005,Karagandy Insulate,insulation,PRJ_005,Shymkent,2025-03-31,2025-04-26,2025-05-01,26,4553,intercity,870,shoulder,medium,0.88,5,late
DEL_01492,SUP_007,EcoBrick Shymkent,cement,PRJ_009,Astana,2026-02-21,2026-04-02,2026-04-02,40,1274,intercity,370,shoulder,low,0.9,0,on_time
DEL_01493,SUP_003,Prefab KZ,prefab_panels,PRJ_009,Astana,2025-07-24,2025-08-13,2025-08-13,20,1085,urban,55,summer,low,0.65,0,on_time
DEL_01494,SUP_005,Karagandy Insulate,insulation,PRJ_001,Almaty,2025-01-26,2025-02-15,2025-02-19,20,1655,intercity,253,winter,low,0.88,4,late
DEL_01495,SUP_009,Atyrau Pipe & Steel,pipes,PRJ_005,Shymkent,2025-06-05,2025-06-25,2025-06-27,20,3100,urban,46,summer,high,0.73,2,late
DEL_01496,SUP_010,Local Timber Co,timber,PRJ_004,Shymkent,2026-04-11,2026-04-17,2026-04-17,6,3767,intercity,251,shoulder,medium,0.94,0,on_time
DEL_01497,SUP_008,China Modular Import,prefab_panels,PRJ_007,Almaty,2026-01-18,2026-01-25,2026-02-04,7,4336,cross_border,4495,winter,high,0.48,10,late
DEL_01498,SUP_005,Karagandy Insulate,insulation,PRJ_006,Atyrau,2025-12-28,2026-01-23,2026-01-23,26,1879,urban,57,winter,low,0.88,0,on_time
DEL_01499,SUP_003,Prefab KZ,prefab_panels,PRJ_001,Almaty,2026-01-12,2026-02-12,2026-02-12,31,4296,urban,55,winter,low,0.65,0,on_time
DEL_01500,SUP_009,Atyrau Pipe & Steel,pipes,PRJ_010,Almaty,2026-04-14,2026-04-26,2026-04-26,12,482,intercity,261,shoulder,low,0.73,0,on_time
DEL_01501,SUP_004,SteelImport Turkey,glass_facade,PRJ_006,Atyrau,2025-12-31,2026-01-07,2026-01-17,7,4761,cross_border,1861,winter,medium,0.55,10,late
DEL_01502,SUP_004,SteelImport Turkey,steel_beams,PRJ_005,Shymkent,2026-06-06,2026-07-07,2026-07-16,31,799,cross_border,1110,summer,medium,0.55,9,late
DEL_01503,SUP_010,Local Timber Co,timber,PRJ_004,Shymkent,2025-03-24,2025-04-10,2025-04-10,17,3952,urban,15,shoulder,low,0.94,0,on_time
DEL_01504,SUP_006,Astana Glass Works,glass_facade,PRJ_002,Aktobe,2025-05-08,2025-06-20,2025-07-04,43,317,intercity,841,summer,high,0.81,14,late
DEL_01505,SUP_002,Kazrebar Steel,steel_beams,PRJ_004,Shymkent,2025-02-25,2025-03-12,2025-03-14,15,3613,intercity,81,shoulder,medium,0.78,2,late
DEL_01506,SUP_001,Almaty Cement Zavod,cement,PRJ_002,Aktobe,2025-10-04,2025-11-05,2025-11-08,32,77,urban,23,shoulder,medium,0.92,3,late
DEL_01507,SUP_001,Almaty Cement Zavod,concrete_mix,PRJ_010,Almaty,2025-04-25,2025-06-03,2025-06-03,39,950,urban,22,summer,medium,0.92,0,on_time
DEL_01508,SUP_009,Atyrau Pipe & Steel,pipes,PRJ_006,Atyrau,2026-03-23,2026-04-30,2026-04-30,38,3329,urban,37,shoulder,medium,0.73,0,on_time
DEL_01509,SUP_001,Almaty Cement Zavod,cement,PRJ_008,Aktobe,2026-05-13,2026-06-18,2026-06-18,36,2545,intercity,547,summer,low,0.92,0,on_time
DEL_01510,SUP_003,Prefab KZ,prefab_panels,PRJ_010,Almaty,2026-04-02,2026-04-30,2026-05-10,28,1607,urban,51,shoulder,high,0.65,10,late
DEL_01511,SUP_004,SteelImport Turkey,steel_beams,PRJ_010,Almaty,2025-07-14,2025-08-07,2025-08-12,24,3899,cross_border,2901,summer,low,0.55,5,late
DEL_01512,SUP_007,EcoBrick Shymkent,bricks,PRJ_006,Atyrau,2025-06-13,2025-07-13,2025-07-15,30,4435,intercity,74,summer,low,0.9,2,late
DEL_01513,SUP_008,China Modular Import,prefab_panels,PRJ_002,Aktobe,2026-04-05,2026-05-06,2026-05-08,31,4895,cross_border,2127,shoulder,low,0.48,2,late
DEL_01514,SUP_007,EcoBrick Shymkent,cement,PRJ_009,Astana,2026-06-09,2026-06-17,2026-06-21,8,4691,intercity,710,summer,low,0.9,4,late
DEL_01515,SUP_001,Almaty Cement Zavod,cement,PRJ_009,Astana,2026-06-01,2026-06-19,2026-06-24,18,3846,intercity,705,summer,medium,0.92,5,late
DEL_01516,SUP_005,Karagandy Insulate,insulation,PRJ_002,Aktobe,2025-02-22,2025-03-11,2025-03-11,17,1243,urban,18,shoulder,medium,0.88,0,on_time
DEL_01517,SUP_001,Almaty Cement Zavod,cement,PRJ_010,Almaty,2025-10-28,2025-11-02,2025-11-02,5,2962,intercity,681,shoulder,low,0.92,0,on_time
DEL_01518,SUP_008,China Modular Import,modular_units,PRJ_007,Almaty,2025-03-16,2025-03-23,2025-04-06,7,4110,cross_border,1090,shoulder,medium,0.48,14,late
DEL_01519,SUP_002,Kazrebar Steel,rebar,PRJ_010,Almaty,2025-05-08,2025-06-15,2025-06-15,38,1649,urban,31,summer,low,0.78,0,on_time
DEL_01520,SUP_003,Prefab KZ,prefab_panels,PRJ_008,Aktobe,2025-04-18,2025-05-19,2025-05-19,31,283,urban,31,shoulder,low,0.65,0,on_time
DEL_01521,SUP_003,Prefab KZ,prefab_panels,PRJ_008,Aktobe,2025-10-30,2025-12-01,2025-12-11,32,2810,intercity,108,winter,low,0.65,10,late
DEL_01522,SUP_007,EcoBrick Shymkent,cement,PRJ_003,Karagandy,2025-01-27,2025-02-15,2025-02-21,19,321,urban,15,winter,high,0.9,6,late
DEL_01523,SUP_009,Atyrau Pipe & Steel,rebar,PRJ_008,Aktobe,2025-03-14,2025-04-07,2025-04-07,24,2346,intercity,784,shoulder,low,0.73,0,on_time
DEL_01524,SUP_006,Astana Glass Works,glass_facade,PRJ_007,Almaty,2025-02-11,2025-03-15,2025-03-17,32,1150,urban,52,shoulder,high,0.81,2,late
DEL_01525,SUP_003,Prefab KZ,prefab_panels,PRJ_009,Astana,2025-05-30,2025-06-17,2025-06-17,18,2452,urban,41,summer,high,0.65,0,on_time
DEL_01526,SUP_007,EcoBrick Shymkent,cement,PRJ_010,Almaty,2026-02-01,2026-02-16,2026-02-16,15,854,intercity,433,winter,high,0.9,0,on_time
DEL_01527,SUP_008,China Modular Import,prefab_panels,PRJ_006,Atyrau,2025-09-20,2025-10-03,2025-10-04,13,243,cross_border,2924,shoulder,low,0.48,1,late
DEL_01528,SUP_006,Astana Glass Works,glass_facade,PRJ_010,Almaty,2025-10-30,2025-11-20,2025-11-19,21,3465,urban,14,shoulder,low,0.81,-1,early
DEL_01529,SUP_009,Atyrau Pipe & Steel,rebar,PRJ_007,Almaty,2025-07-09,2025-07-30,2025-08-01,21,3463,intercity,485,summer,low,0.73,2,late
DEL_01530,SUP_005,Karagandy Insulate,insulation,PRJ_001,Almaty,2025-08-05,2025-09-11,2025-09-11,37,4782,intercity,570,shoulder,low,0.88,0,on_time
DEL_01531,SUP_002,Kazrebar Steel,rebar,PRJ_006,Atyrau,2025-01-20,2025-01-27,2025-01-27,7,1376,intercity,489,winter,low,0.78,0,on_time
DEL_01532,SUP_002,Kazrebar Steel,rebar,PRJ_004,Shymkent,2025-05-18,2025-05-29,2025-05-29,11,3683,intercity,493,shoulder,low,0.78,0,on_time
DEL_01533,SUP_004,SteelImport Turkey,glass_facade,PRJ_001,Almaty,2025-01-29,2025-02-25,2025-03-08,27,795,cross_border,949,winter,low,0.55,11,late
DEL_01534,SUP_009,Atyrau Pipe & Steel,pipes,PRJ_005,Shymkent,2026-05-14,2026-05-30,2026-05-30,16,666,urban,16,shoulder,low,0.73,0,on_time
DEL_01535,SUP_004,SteelImport Turkey,steel_beams,PRJ_007,Almaty,2026-01-02,2026-02-12,2026-02-25,41,1100,cross_border,1502,winter,medium,0.55,13,late
DEL_01536,SUP_002,Kazrebar Steel,steel_beams,PRJ_005,Shymkent,2026-03-17,2026-03-25,2026-03-27,8,685,intercity,112,shoulder,high,0.78,2,late
DEL_01537,SUP_006,Astana Glass Works,glass_facade,PRJ_001,Almaty,2025-06-05,2025-06-21,2025-06-21,16,3918,urban,40,summer,medium,0.81,0,on_time
DEL_01538,SUP_003,Prefab KZ,prefab_panels,PRJ_004,Shymkent,2025-03-17,2025-04-18,2025-04-18,32,3806,urban,43,shoulder,low,0.65,0,on_time
DEL_01539,SUP_008,China Modular Import,modular_units,PRJ_005,Shymkent,2026-03-19,2026-04-27,2026-05-10,39,1865,cross_border,4165,shoulder,medium,0.48,13,late
DEL_01540,SUP_010,Local Timber Co,formwork,PRJ_008,Aktobe,2026-06-19,2026-07-16,2026-07-16,27,3075,urban,21,summer,low,0.94,0,on_time
DEL_01541,SUP_006,Astana Glass Works,glass_facade,PRJ_004,Shymkent,2025-06-21,2025-07-15,2025-07-15,24,387,urban,7,summer,medium,0.81,0,on_time
DEL_01542,SUP_001,Almaty Cement Zavod,concrete_mix,PRJ_003,Karagandy,2026-02-09,2026-03-10,2026-03-10,29,4645,intercity,708,shoulder,high,0.92,0,on_time
DEL_01543,SUP_002,Kazrebar Steel,steel_beams,PRJ_007,Almaty,2026-05-16,2026-05-24,2026-06-03,8,3553,urban,24,shoulder,low,0.78,10,late
DEL_01544,SUP_009,Atyrau Pipe & Steel,pipes,PRJ_002,Aktobe,2025-04-04,2025-04-08,2025-04-15,4,2155,intercity,772,shoulder,medium,0.73,7,late
DEL_01545,SUP_003,Prefab KZ,prefab_panels,PRJ_003,Karagandy,2026-02-12,2026-03-24,2026-03-22,40,1412,urban,51,shoulder,low,0.65,-2,early
DEL_01546,SUP_005,Karagandy Insulate,insulation,PRJ_001,Almaty,2025-08-15,2025-09-20,2025-09-20,36,2720,urban,28,shoulder,medium,0.88,0,on_time
DEL_01547,SUP_008,China Modular Import,prefab_panels,PRJ_004,Shymkent,2025-02-17,2025-03-18,2025-03-17,29,4491,cross_border,878,shoulder,low,0.48,-1,early
DEL_01548,SUP_007,EcoBrick Shymkent,bricks,PRJ_002,Aktobe,2025-09-24,2025-10-25,2025-10-25,31,4399,intercity,575,shoulder,high,0.9,0,on_time
DEL_01549,SUP_005,Karagandy Insulate,insulation,PRJ_008,Aktobe,2025-07-13,2025-07-24,2025-07-25,11,417,intercity,324,summer,low,0.88,1,late
DEL_01550,SUP_003,Prefab KZ,prefab_panels,PRJ_001,Almaty,2025-07-25,2025-07-29,2025-07-29,4,3992,urban,58,summer,medium,0.65,0,on_time
DEL_01551,SUP_005,Karagandy Insulate,insulation,PRJ_007,Almaty,2025-07-25,2025-08-02,2025-08-02,8,2601,intercity,295,summer,high,0.88,0,on_time
DEL_01552,SUP_005,Karagandy Insulate,insulation,PRJ_003,Karagandy,2025-01-06,2025-02-08,2025-02-08,33,150,urban,42,winter,low,0.88,0,on_time
DEL_01553,SUP_009,Atyrau Pipe & Steel,rebar,PRJ_010,Almaty,2025-01-09,2025-01-31,2025-02-13,22,2356,intercity,433,winter,medium,0.73,13,late
DEL_01554,SUP_008,China Modular Import,modular_units,PRJ_009,Astana,2026-04-24,2026-05-06,2026-05-06,12,3009,cross_border,2601,shoulder,low,0.48,0,on_time
DEL_01555,SUP_004,SteelImport Turkey,glass_facade,PRJ_003,Karagandy,2025-06-15,2025-07-29,2025-07-31,44,2488,cross_border,1426,summer,low,0.55,2,late
DEL_01556,SUP_010,Local Timber Co,formwork,PRJ_005,Shymkent,2025-08-13,2025-08-25,2025-08-24,12,2594,intercity,399,summer,high,0.94,-1,early
DEL_01557,SUP_009,Atyrau Pipe & Steel,rebar,PRJ_008,Aktobe,2026-03-30,2026-04-05,2026-04-13,6,1055,intercity,707,shoulder,medium,0.73,8,late
DEL_01558,SUP_001,Almaty Cement Zavod,concrete_mix,PRJ_008,Aktobe,2025-01-29,2025-02-05,2025-02-05,7,829,urban,33,winter,high,0.92,0,on_time
DEL_01559,SUP_010,Local Timber Co,formwork,PRJ_007,Almaty,2025-01-27,2025-02-13,2025-02-13,17,3237,intercity,597,winter,high,0.94,0,on_time
DEL_01560,SUP_004,SteelImport Turkey,steel_beams,PRJ_003,Karagandy,2025-05-19,2025-06-18,2025-07-01,30,4687,cross_border,929,summer,medium,0.55,13,late
DEL_01561,SUP_008,China Modular Import,modular_units,PRJ_005,Shymkent,2026-01-17,2026-01-28,2026-02-08,11,4132,cross_border,1820,winter,medium,0.48,11,late
DEL_01562,SUP_006,Astana Glass Works,glass_facade,PRJ_002,Aktobe,2025-08-27,2025-09-17,2025-09-17,21,809,urban,15,shoulder,low,0.81,0,on_time
DEL_01563,SUP_005,Karagandy Insulate,insulation,PRJ_008,Aktobe,2025-11-17,2025-11-29,2025-11-29,12,4160,intercity,653,shoulder,high,0.88,0,on_time
DEL_01564,SUP_001,Almaty Cement Zavod,concrete_mix,PRJ_004,Shymkent,2026-05-06,2026-05-18,2026-05-18,12,2479,intercity,526,shoulder,medium,0.92,0,on_time
DEL_01565,SUP_009,Atyrau Pipe & Steel,rebar,PRJ_010,Almaty,2026-04-13,2026-04-22,2026-05-01,9,2119,intercity,546,shoulder,low,0.73,9,late
DEL_01566,SUP_003,Prefab KZ,prefab_panels,PRJ_003,Karagandy,2025-06-22,2025-08-01,2025-08-01,40,1376,intercity,410,summer,low,0.65,0,on_time
DEL_01567,SUP_008,China Modular Import,modular_units,PRJ_008,Aktobe,2025-02-18,2025-02-27,2025-02-27,9,3188,cross_border,1271,winter,medium,0.48,0,on_time
DEL_01568,SUP_002,Kazrebar Steel,steel_beams,PRJ_002,Aktobe,2025-06-30,2025-07-29,2025-07-29,29,28,urban,48,summer,low,0.78,0,on_time
DEL_01569,SUP_003,Prefab KZ,prefab_panels,PRJ_003,Karagandy,2026-03-27,2026-05-01,2026-05-05,35,2966,intercity,181,shoulder,low,0.65,4,late
DEL_01570,SUP_003,Prefab KZ,prefab_panels,PRJ_009,Astana,2026-03-01,2026-03-25,2026-03-31,24,1054,intercity,850,shoulder,medium,0.65,6,late
DEL_01571,SUP_010,Local Timber Co,formwork,PRJ_002,Aktobe,2025-06-22,2025-07-10,2025-07-11,18,2440,intercity,86,summer,low,0.94,1,late
DEL_01572,SUP_008,China Modular Import,modular_units,PRJ_002,Aktobe,2026-02-22,2026-03-13,2026-03-23,19,391,cross_border,4174,shoulder,high,0.48,10,late
DEL_01573,SUP_001,Almaty Cement Zavod,cement,PRJ_002,Aktobe,2025-11-25,2025-12-03,2025-12-08,8,4171,urban,37,winter,medium,0.92,5,late
DEL_01574,SUP_006,Astana Glass Works,glass_facade,PRJ_005,Shymkent,2026-02-09,2026-03-06,2026-03-09,25,2539,intercity,532,shoulder,medium,0.81,3,late
DEL_01575,SUP_007,EcoBrick Shymkent,cement,PRJ_002,Aktobe,2025-08-02,2025-09-15,2025-09-15,44,1513,intercity,410,shoulder,low,0.9,0,on_time
DEL_01576,SUP_008,China Modular Import,modular_units,PRJ_009,Astana,2026-01-15,2026-02-13,2026-02-16,29,3194,cross_border,2488,winter,high,0.48,3,late
DEL_01577,SUP_002,Kazrebar Steel,rebar,PRJ_005,Shymkent,2026-02-24,2026-03-19,2026-03-19,23,4142,urban,5,shoulder,high,0.78,0,on_time
DEL_01578,SUP_004,SteelImport Turkey,glass_facade,PRJ_005,Shymkent,2026-05-27,2026-06-17,2026-06-17,21,4812,cross_border,3996,summer,medium,0.55,0,on_time
DEL_01579,SUP_010,Local Timber Co,timber,PRJ_004,Shymkent,2025-05-26,2025-06-10,2025-06-18,15,1322,intercity,626,summer,medium,0.94,8,late
DEL_01580,SUP_002,Kazrebar Steel,rebar,PRJ_006,Atyrau,2026-04-02,2026-05-16,2026-05-25,44,3909,intercity,402,shoulder,medium,0.78,9,late
DEL_01581,SUP_008,China Modular Import,prefab_panels,PRJ_010,Almaty,2025-09-29,2025-10-03,2025-10-09,4,2318,cross_border,2379,shoulder,medium,0.48,6,late
DEL_01582,SUP_008,China Modular Import,modular_units,PRJ_001,Almaty,2025-11-28,2026-01-07,2026-01-20,40,4350,cross_border,1152,winter,medium,0.48,13,late
DEL_01583,SUP_009,Atyrau Pipe & Steel,rebar,PRJ_005,Shymkent,2026-01-24,2026-02-03,2026-02-07,10,1545,intercity,101,winter,medium,0.73,4,late
DEL_01584,SUP_005,Karagandy Insulate,insulation,PRJ_001,Almaty,2026-02-11,2026-02-16,2026-02-16,5,3503,intercity,641,winter,low,0.88,0,on_time
DEL_01585,SUP_009,Atyrau Pipe & Steel,rebar,PRJ_003,Karagandy,2026-06-05,2026-07-01,2026-07-01,26,4408,intercity,814,summer,medium,0.73,0,on_time
DEL_01586,SUP_004,SteelImport Turkey,steel_beams,PRJ_008,Aktobe,2025-02-06,2025-03-05,2025-03-19,27,1007,cross_border,3854,shoulder,low,0.55,14,late
DEL_01587,SUP_010,Local Timber Co,formwork,PRJ_003,Karagandy,2025-03-27,2025-04-05,2025-04-05,9,4300,urban,39,shoulder,low,0.94,0,on_time
DEL_01588,SUP_010,Local Timber Co,formwork,PRJ_005,Shymkent,2025-12-28,2026-02-01,2026-02-01,35,3646,intercity,313,winter,medium,0.94,0,on_time
DEL_01589,SUP_005,Karagandy Insulate,insulation,PRJ_010,Almaty,2025-09-13,2025-10-05,2025-10-05,22,60,urban,8,shoulder,low,0.88,0,on_time
DEL_01590,SUP_008,China Modular Import,modular_units,PRJ_001,Almaty,2025-11-30,2025-12-12,2025-12-20,12,2442,cross_border,1547,winter,medium,0.48,8,late
DEL_01591,SUP_003,Prefab KZ,prefab_panels,PRJ_006,Atyrau,2025-01-14,2025-02-23,2025-02-22,40,2655,urban,5,winter,high,0.65,-1,early
DEL_01592,SUP_010,Local Timber Co,formwork,PRJ_001,Almaty,2026-01-13,2026-02-02,2026-02-02,20,764,urban,40,winter,medium,0.94,0,on_time
DEL_01593,SUP_002,Kazrebar Steel,rebar,PRJ_008,Aktobe,2026-06-22,2026-07-21,2026-07-21,29,3349,intercity,207,summer,medium,0.78,0,on_time
DEL_01594,SUP_002,Kazrebar Steel,rebar,PRJ_007,Almaty,2025-03-31,2025-04-23,2025-04-23,23,2758,intercity,803,shoulder,medium,0.78,0,on_time
DEL_01595,SUP_007,EcoBrick Shymkent,bricks,PRJ_007,Almaty,2026-01-18,2026-02-15,2026-03-01,28,4422,intercity,226,winter,high,0.9,14,late
DEL_01596,SUP_010,Local Timber Co,timber,PRJ_010,Almaty,2025-01-03,2025-01-26,2025-01-26,23,1193,intercity,600,winter,low,0.94,0,on_time
DEL_01597,SUP_001,Almaty Cement Zavod,concrete_mix,PRJ_001,Almaty,2025-06-25,2025-07-08,2025-07-08,13,3339,intercity,120,summer,low,0.92,0,on_time
DEL_01598,SUP_002,Kazrebar Steel,steel_beams,PRJ_003,Karagandy,2025-12-05,2025-12-11,2025-12-18,6,3024,urban,56,winter,medium,0.78,7,late
DEL_01599,SUP_009,Atyrau Pipe & Steel,pipes,PRJ_006,Atyrau,2026-04-28,2026-06-08,2026-06-08,41,4568,intercity,73,summer,high,0.73,0,on_time
DEL_01600,SUP_007,EcoBrick Shymkent,cement,PRJ_005,Shymkent,2025-09-02,2025-09-26,2025-09-22,24,639,intercity,351,shoulder,low,0.9,-4,early
DEL_01601,SUP_004,SteelImport Turkey,steel_beams,PRJ_003,Karagandy,2025-07-18,2025-08-20,2025-08-26,33,2733,cross_border,1684,summer,low,0.55,6,late
DEL_01602,SUP_004,SteelImport Turkey,glass_facade,PRJ_008,Aktobe,2025-10-15,2025-11-06,2025-11-06,22,3750,cross_border,4482,shoulder,medium,0.55,0,on_time
DEL_01603,SUP_004,SteelImport Turkey,glass_facade,PRJ_006,Atyrau,2026-03-25,2026-04-11,2026-04-14,17,1125,cross_border,3885,shoulder,low,0.55,3,late
DEL_01604,SUP_007,EcoBrick Shymkent,cement,PRJ_007,Almaty,2025-08-06,2025-08-09,2025-08-18,3,3549,intercity,376,summer,low,0.9,9,late
DEL_01605,SUP_007,EcoBrick Shymkent,bricks,PRJ_006,Atyrau,2026-03-13,2026-04-19,2026-04-19,37,1578,intercity,857,shoulder,low,0.9,0,on_time
DEL_01606,SUP_009,Atyrau Pipe & Steel,rebar,PRJ_003,Karagandy,2026-03-06,2026-03-14,2026-03-14,8,4903,intercity,167,shoulder,medium,0.73,0,on_time
DEL_01607,SUP_001,Almaty Cement Zavod,concrete_mix,PRJ_002,Aktobe,2025-07-14,2025-07-31,2025-07-31,17,4759,urban,54,summer,low,0.92,0,on_time
DEL_01608,SUP_004,SteelImport Turkey,steel_beams,PRJ_003,Karagandy,2025-06-01,2025-07-15,2025-07-15,44,152,cross_border,3444,summer,medium,0.55,0,on_time
DEL_01609,SUP_005,Karagandy Insulate,insulation,PRJ_001,Almaty,2025-11-24,2025-12-10,2025-12-10,16,3672,intercity,347,winter,medium,0.88,0,on_time
DEL_01610,SUP_009,Atyrau Pipe & Steel,pipes,PRJ_008,Aktobe,2025-12-05,2026-01-05,2026-01-17,31,4758,intercity,430,winter,high,0.73,12,late
DEL_01611,SUP_008,China Modular Import,modular_units,PRJ_002,Aktobe,2026-06-20,2026-07-07,2026-07-07,17,3742,cross_border,2494,summer,medium,0.48,0,on_time
DEL_01612,SUP_005,Karagandy Insulate,insulation,PRJ_008,Aktobe,2025-06-04,2025-07-02,2025-07-02,28,4436,urban,31,summer,medium,0.88,0,on_time
DEL_01613,SUP_009,Atyrau Pipe & Steel,pipes,PRJ_005,Shymkent,2025-07-13,2025-08-16,2025-08-20,34,933,intercity,600,summer,low,0.73,4,late
DEL_01614,SUP_004,SteelImport Turkey,glass_facade,PRJ_004,Shymkent,2025-03-18,2025-04-23,2025-04-23,36,4520,cross_border,2736,shoulder,low,0.55,0,on_time
DEL_01615,SUP_005,Karagandy Insulate,insulation,PRJ_004,Shymkent,2025-02-14,2025-03-07,2025-03-10,21,3831,intercity,695,shoulder,medium,0.88,3,late
DEL_01616,SUP_005,Karagandy Insulate,insulation,PRJ_003,Karagandy,2025-01-25,2025-02-17,2025-02-20,23,4731,urban,6,winter,medium,0.88,3,late
DEL_01617,SUP_008,China Modular Import,modular_units,PRJ_003,Karagandy,2026-04-17,2026-05-11,2026-05-11,24,3875,cross_border,3802,shoulder,low,0.48,0,on_time
DEL_01618,SUP_001,Almaty Cement Zavod,cement,PRJ_001,Almaty,2025-02-26,2025-04-11,2025-04-11,44,3358,urban,18,shoulder,low,0.92,0,on_time
DEL_01619,SUP_006,Astana Glass Works,glass_facade,PRJ_003,Karagandy,2025-05-07,2025-06-04,2025-06-10,28,951,urban,29,summer,low,0.81,6,late
DEL_01620,SUP_007,EcoBrick Shymkent,cement,PRJ_010,Almaty,2025-12-27,2026-02-01,2026-02-06,36,4025,urban,55,winter,medium,0.9,5,late
DEL_01621,SUP_006,Astana Glass Works,glass_facade,PRJ_001,Almaty,2026-05-11,2026-05-31,2026-06-06,20,1389,intercity,578,shoulder,low,0.81,6,late
DEL_01622,SUP_010,Local Timber Co,timber,PRJ_002,Aktobe,2025-08-12,2025-08-25,2025-08-25,13,3820,urban,26,summer,low,0.94,0,on_time
DEL_01623,SUP_003,Prefab KZ,prefab_panels,PRJ_001,Almaty,2026-02-10,2026-03-22,2026-03-22,40,279,urban,32,shoulder,high,0.65,0,on_time
DEL_01624,SUP_006,Astana Glass Works,glass_facade,PRJ_006,Atyrau,2026-05-20,2026-06-01,2026-06-01,12,1620,urban,24,summer,low,0.81,0,on_time
DEL_01625,SUP_006,Astana Glass Works,glass_facade,PRJ_007,Almaty,2026-02-08,2026-03-20,2026-03-20,40,2562,intercity,349,shoulder,low,0.81,0,on_time
DEL_01626,SUP_005,Karagandy Insulate,insulation,PRJ_008,Aktobe,2025-03-15,2025-03-24,2025-03-24,9,2532,urban,49,shoulder,medium,0.88,0,on_time
DEL_01627,SUP_010,Local Timber Co,formwork,PRJ_004,Shymkent,2025-02-07,2025-03-10,2025-03-10,31,2177,intercity,326,shoulder,low,0.94,0,on_time
DEL_01628,SUP_007,EcoBrick Shymkent,cement,PRJ_004,Shymkent,2025-11-26,2025-12-21,2025-12-21,25,709,intercity,483,winter,low,0.9,0,on_time
DEL_01629,SUP_010,Local Timber Co,formwork,PRJ_008,Aktobe,2025-10-29,2025-11-09,2025-11-10,11,3689,intercity,868,shoulder,medium,0.94,1,late
DEL_01630,SUP_003,Prefab KZ,prefab_panels,PRJ_008,Aktobe,2025-07-22,2025-08-27,2025-08-30,36,4761,urban,16,summer,high,0.65,3,late
DEL_01631,SUP_007,EcoBrick Shymkent,cement,PRJ_008,Aktobe,2026-01-23,2026-02-01,2026-02-10,9,1371,urban,50,winter,high,0.9,9,late
DEL_01632,SUP_010,Local Timber Co,timber,PRJ_002,Aktobe,2025-10-02,2025-10-21,2025-10-21,19,1624,intercity,796,shoulder,medium,0.94,0,on_time
DEL_01633,SUP_002,Kazrebar Steel,steel_beams,PRJ_002,Aktobe,2025-12-06,2026-01-07,2026-01-15,32,1470,urban,13,winter,medium,0.78,8,late
DEL_01634,SUP_003,Prefab KZ,prefab_panels,PRJ_004,Shymkent,2025-07-10,2025-08-02,2025-08-04,23,3701,urban,39,summer,high,0.65,2,late
DEL_01635,SUP_002,Kazrebar Steel,steel_beams,PRJ_005,Shymkent,2026-04-26,2026-05-16,2026-05-25,20,1430,intercity,571,shoulder,medium,0.78,9,late
DEL_01636,SUP_004,SteelImport Turkey,steel_beams,PRJ_001,Almaty,2026-03-03,2026-03-25,2026-04-05,22,4914,cross_border,3363,shoulder,low,0.55,11,late
DEL_01637,SUP_004,SteelImport Turkey,steel_beams,PRJ_004,Shymkent,2025-06-27,2025-07-30,2025-07-30,33,1720,cross_border,2974,summer,low,0.55,0,on_time
DEL_01638,SUP_003,Prefab KZ,prefab_panels,PRJ_002,Aktobe,2026-01-17,2026-02-28,2026-03-05,42,3207,intercity,747,winter,high,0.65,5,late
DEL_01639,SUP_009,Atyrau Pipe & Steel,rebar,PRJ_006,Atyrau,2025-02-11,2025-02-21,2025-03-04,10,2091,urban,9,winter,medium,0.73,11,late
DEL_01640,SUP_008,China Modular Import,prefab_panels,PRJ_009,Astana,2026-01-08,2026-02-12,2026-02-24,35,4733,cross_border,2916,winter,high,0.48,12,late
DEL_01641,SUP_004,SteelImport Turkey,glass_facade,PRJ_001,Almaty,2025-02-26,2025-03-18,2025-03-21,20,2241,cross_border,4110,shoulder,medium,0.55,3,late
DEL_01642,SUP_009,Atyrau Pipe & Steel,rebar,PRJ_009,Astana,2025-08-30,2025-09-24,2025-10-05,25,622,intercity,147,shoulder,medium,0.73,11,late
DEL_01643,SUP_010,Local Timber Co,timber,PRJ_001,Almaty,2025-01-10,2025-02-08,2025-02-08,29,361,urban,48,winter,low,0.94,0,on_time
DEL_01644,SUP_009,Atyrau Pipe & Steel,pipes,PRJ_007,Almaty,2025-05-30,2025-06-15,2025-06-15,16,934,intercity,705,summer,low,0.73,0,on_time
DEL_01645,SUP_010,Local Timber Co,formwork,PRJ_004,Shymkent,2025-08-08,2025-08-29,2025-08-29,21,1909,intercity,339,summer,low,0.94,0,on_time
DEL_01646,SUP_007,EcoBrick Shymkent,cement,PRJ_001,Almaty,2025-12-07,2026-01-02,2026-01-06,26,588,urban,39,winter,low,0.9,4,late
DEL_01647,SUP_005,Karagandy Insulate,insulation,PRJ_007,Almaty,2025-06-06,2025-06-14,2025-06-17,8,3405,urban,45,summer,low,0.88,3,late
DEL_01648,SUP_003,Prefab KZ,prefab_panels,PRJ_006,Atyrau,2025-10-17,2025-11-15,2025-11-15,29,1363,intercity,277,shoulder,medium,0.65,0,on_time
DEL_01649,SUP_006,Astana Glass Works,glass_facade,PRJ_002,Aktobe,2025-12-09,2025-12-13,2025-12-13,4,2279,urban,27,winter,low,0.81,0,on_time
DEL_01650,SUP_001,Almaty Cement Zavod,cement,PRJ_007,Almaty,2026-05-17,2026-06-25,2026-06-25,39,2147,intercity,118,summer,low,0.92,0,on_time
DEL_01651,SUP_009,Atyrau Pipe & Steel,pipes,PRJ_004,Shymkent,2026-01-25,2026-02-11,2026-02-17,17,74,intercity,110,winter,low,0.73,6,late
DEL_01652,SUP_008,China Modular Import,modular_units,PRJ_004,Shymkent,2026-04-18,2026-05-18,2026-05-31,30,382,cross_border,2650,shoulder,high,0.48,13,late
DEL_01653,SUP_004,SteelImport Turkey,glass_facade,PRJ_009,Astana,2026-05-03,2026-05-20,2026-05-29,17,3372,cross_border,1710,shoulder,high,0.55,9,late
DEL_01654,SUP_006,Astana Glass Works,glass_facade,PRJ_003,Karagandy,2025-02-21,2025-03-17,2025-03-17,24,2811,intercity,782,shoulder,medium,0.81,0,on_time
DEL_01655,SUP_005,Karagandy Insulate,insulation,PRJ_006,Atyrau,2025-12-18,2026-01-07,2026-01-16,20,2093,urban,52,winter,low,0.88,9,late
DEL_01656,SUP_010,Local Timber Co,formwork,PRJ_008,Aktobe,2026-04-04,2026-04-07,2026-04-07,3,2093,urban,43,shoulder,low,0.94,0,on_time
DEL_01657,SUP_004,SteelImport Turkey,steel_beams,PRJ_004,Shymkent,2026-01-25,2026-03-05,2026-03-04,39,724,cross_border,2676,shoulder,low,0.55,-1,early
DEL_01658,SUP_008,China Modular Import,modular_units,PRJ_005,Shymkent,2025-04-06,2025-05-17,2025-05-23,41,4718,cross_border,1310,shoulder,medium,0.48,6,late
DEL_01659,SUP_007,EcoBrick Shymkent,cement,PRJ_005,Shymkent,2025-10-14,2025-11-23,2025-12-03,40,3145,urban,41,shoulder,high,0.9,10,late
DEL_01660,SUP_002,Kazrebar Steel,rebar,PRJ_003,Karagandy,2025-10-23,2025-11-01,2025-11-01,9,2765,intercity,627,shoulder,medium,0.78,0,on_time
DEL_01661,SUP_003,Prefab KZ,prefab_panels,PRJ_009,Astana,2025-12-06,2025-12-15,2025-12-20,9,733,intercity,473,winter,low,0.65,5,late
DEL_01662,SUP_006,Astana Glass Works,glass_facade,PRJ_002,Aktobe,2025-12-03,2025-12-25,2026-01-03,22,76,intercity,436,winter,medium,0.81,9,late
DEL_01663,SUP_009,Atyrau Pipe & Steel,pipes,PRJ_007,Almaty,2025-12-09,2025-12-26,2025-12-26,17,949,intercity,478,winter,medium,0.73,0,on_time
DEL_01664,SUP_009,Atyrau Pipe & Steel,rebar,PRJ_002,Aktobe,2026-04-01,2026-05-06,2026-05-06,35,91,intercity,580,shoulder,low,0.73,0,on_time
DEL_01665,SUP_002,Kazrebar Steel,steel_beams,PRJ_004,Shymkent,2026-04-05,2026-04-24,2026-04-24,19,727,urban,15,shoulder,low,0.78,0,on_time
DEL_01666,SUP_007,EcoBrick Shymkent,bricks,PRJ_003,Karagandy,2025-12-12,2025-12-29,2026-01-09,17,2581,urban,42,winter,medium,0.9,11,late
DEL_01667,SUP_008,China Modular Import,modular_units,PRJ_002,Aktobe,2025-12-01,2026-01-09,2026-01-18,39,4002,cross_border,4299,winter,low,0.48,9,late
DEL_01668,SUP_006,Astana Glass Works,glass_facade,PRJ_005,Shymkent,2026-05-26,2026-06-04,2026-06-04,9,1176,urban,41,summer,high,0.81,0,on_time
DEL_01669,SUP_002,Kazrebar Steel,rebar,PRJ_008,Aktobe,2025-12-01,2025-12-20,2025-12-20,19,1519,intercity,456,winter,low,0.78,0,on_time
DEL_01670,SUP_010,Local Timber Co,timber,PRJ_001,Almaty,2025-06-15,2025-07-10,2025-07-10,25,4947,urban,48,summer,high,0.94,0,on_time
DEL_01671,SUP_008,China Modular Import,prefab_panels,PRJ_003,Karagandy,2025-10-20,2025-11-13,2025-11-20,24,70,cross_border,4127,shoulder,low,0.48,7,late
DEL_01672,SUP_007,EcoBrick Shymkent,bricks,PRJ_003,Karagandy,2025-04-13,2025-04-23,2025-04-23,10,124,intercity,313,shoulder,low,0.9,0,on_time
DEL_01673,SUP_005,Karagandy Insulate,insulation,PRJ_001,Almaty,2026-02-23,2026-04-08,2026-04-08,44,3674,intercity,481,shoulder,low,0.88,0,on_time
DEL_01674,SUP_008,China Modular Import,modular_units,PRJ_008,Aktobe,2025-11-16,2025-12-03,2025-12-14,17,966,cross_border,1938,winter,low,0.48,11,late
DEL_01675,SUP_004,SteelImport Turkey,steel_beams,PRJ_003,Karagandy,2025-10-22,2025-11-09,2025-11-09,18,2964,cross_border,3462,shoulder,medium,0.55,0,on_time
DEL_01676,SUP_004,SteelImport Turkey,glass_facade,PRJ_003,Karagandy,2025-08-03,2025-09-04,2025-09-19,32,3248,cross_border,3487,shoulder,medium,0.55,15,late
DEL_01677,SUP_007,EcoBrick Shymkent,cement,PRJ_009,Astana,2026-01-04,2026-01-10,2026-01-10,6,2751,intercity,846,winter,medium,0.9,0,on_time
DEL_01678,SUP_010,Local Timber Co,formwork,PRJ_001,Almaty,2026-04-23,2026-05-22,2026-05-20,29,4901,urban,55,shoulder,low,0.94,-2,early
DEL_01679,SUP_003,Prefab KZ,prefab_panels,PRJ_008,Aktobe,2025-01-16,2025-02-25,2025-02-26,40,4266,intercity,310,winter,medium,0.65,1,late
DEL_01680,SUP_002,Kazrebar Steel,rebar,PRJ_002,Aktobe,2026-06-11,2026-07-24,2026-07-24,43,4440,intercity,856,summer,low,0.78,0,on_time
DEL_01681,SUP_005,Karagandy Insulate,insulation,PRJ_008,Aktobe,2026-04-01,2026-04-17,2026-04-21,16,3338,intercity,731,shoulder,low,0.88,4,late
DEL_01682,SUP_005,Karagandy Insulate,insulation,PRJ_007,Almaty,2025-10-13,2025-11-19,2025-11-19,37,4183,intercity,294,shoulder,medium,0.88,0,on_time
DEL_01683,SUP_008,China Modular Import,modular_units,PRJ_010,Almaty,2026-04-19,2026-04-28,2026-04-30,9,4042,cross_border,2286,shoulder,medium,0.48,2,late
DEL_01684,SUP_008,China Modular Import,prefab_panels,PRJ_009,Astana,2025-03-09,2025-04-17,2025-04-21,39,590,cross_border,3919,shoulder,medium,0.48,4,late
DEL_01685,SUP_003,Prefab KZ,prefab_panels,PRJ_003,Karagandy,2026-02-13,2026-02-24,2026-02-27,11,1870,intercity,241,winter,low,0.65,3,late
DEL_01686,SUP_007,EcoBrick Shymkent,bricks,PRJ_007,Almaty,2025-05-01,2025-05-27,2025-06-08,26,3798,intercity,457,shoulder,medium,0.9,12,late
DEL_01687,SUP_009,Atyrau Pipe & Steel,pipes,PRJ_006,Atyrau,2026-05-01,2026-05-31,2026-05-27,30,4898,urban,41,shoulder,low,0.73,-4,early
DEL_01688,SUP_003,Prefab KZ,prefab_panels,PRJ_007,Almaty,2025-09-21,2025-10-31,2025-11-11,40,1164,intercity,160,shoulder,low,0.65,11,late
DEL_01689,SUP_006,Astana Glass Works,glass_facade,PRJ_003,Karagandy,2026-05-08,2026-06-10,2026-06-06,33,3100,urban,13,summer,medium,0.81,-4,early
DEL_01690,SUP_008,China Modular Import,modular_units,PRJ_006,Atyrau,2025-06-25,2025-08-02,2025-08-03,38,731,cross_border,4290,summer,low,0.48,1,late
DEL_01691,SUP_008,China Modular Import,prefab_panels,PRJ_006,Atyrau,2025-09-19,2025-10-23,2025-10-28,34,4865,cross_border,1375,shoulder,low,0.48,5,late
DEL_01692,SUP_005,Karagandy Insulate,insulation,PRJ_009,Astana,2025-10-25,2025-11-18,2025-11-18,24,2212,urban,56,shoulder,low,0.88,0,on_time
DEL_01693,SUP_001,Almaty Cement Zavod,concrete_mix,PRJ_007,Almaty,2026-01-24,2026-02-02,2026-02-07,9,2693,urban,36,winter,medium,0.92,5,late
DEL_01694,SUP_010,Local Timber Co,timber,PRJ_003,Karagandy,2025-03-06,2025-03-31,2025-04-05,25,2512,intercity,617,shoulder,medium,0.94,5,late
DEL_01695,SUP_006,Astana Glass Works,glass_facade,PRJ_004,Shymkent,2025-08-21,2025-09-10,2025-09-10,20,1838,intercity,242,shoulder,low,0.81,0,on_time
DEL_01696,SUP_006,Astana Glass Works,glass_facade,PRJ_001,Almaty,2025-07-23,2025-09-04,2025-09-08,43,1516,intercity,453,shoulder,low,0.81,4,late
DEL_01697,SUP_007,EcoBrick Shymkent,cement,PRJ_005,Shymkent,2025-05-19,2025-06-12,2025-06-20,24,985,urban,19,summer,high,0.9,8,late
DEL_01698,SUP_001,Almaty Cement Zavod,cement,PRJ_008,Aktobe,2025-07-09,2025-07-28,2025-07-28,19,544,intercity,97,summer,high,0.92,0,on_time
DEL_01699,SUP_003,Prefab KZ,prefab_panels,PRJ_008,Aktobe,2025-11-25,2025-12-16,2025-12-29,21,807,intercity,190,winter,medium,0.65,13,late
DEL_01700,SUP_003,Prefab KZ,prefab_panels,PRJ_002,Aktobe,2025-02-20,2025-03-20,2025-03-20,28,1653,intercity,594,shoulder,low,0.65,0,on_time
DEL_01701,SUP_005,Karagandy Insulate,insulation,PRJ_006,Atyrau,2026-03-07,2026-04-11,2026-04-11,35,3917,intercity,791,shoulder,low,0.88,0,on_time
DEL_01702,SUP_008,China Modular Import,modular_units,PRJ_008,Aktobe,2026-06-01,2026-07-10,2026-07-24,39,4560,cross_border,3198,summer,low,0.48,14,late
DEL_01703,SUP_002,Kazrebar Steel,steel_beams,PRJ_008,Aktobe,2025-03-26,2025-03-29,2025-04-02,3,4241,intercity,543,shoulder,high,0.78,4,late
DEL_01704,SUP_006,Astana Glass Works,glass_facade,PRJ_007,Almaty,2026-05-12,2026-05-23,2026-05-23,11,800,urban,46,shoulder,medium,0.81,0,on_time
DEL_01705,SUP_009,Atyrau Pipe & Steel,rebar,PRJ_004,Shymkent,2025-05-29,2025-06-22,2025-06-22,24,1519,intercity,714,summer,medium,0.73,0,on_time
DEL_01706,SUP_010,Local Timber Co,formwork,PRJ_006,Atyrau,2025-09-01,2025-09-25,2025-09-25,24,3687,urban,50,shoulder,low,0.94,0,on_time
DEL_01707,SUP_008,China Modular Import,modular_units,PRJ_009,Astana,2025-08-26,2025-09-07,2025-09-07,12,3611,cross_border,3266,shoulder,low,0.48,0,on_time
DEL_01708,SUP_006,Astana Glass Works,glass_facade,PRJ_001,Almaty,2025-09-22,2025-10-22,2025-10-22,30,3573,intercity,523,shoulder,low,0.81,0,on_time
DEL_01709,SUP_009,Atyrau Pipe & Steel,pipes,PRJ_002,Aktobe,2025-12-27,2026-01-12,2026-01-15,16,1779,urban,59,winter,high,0.73,3,late
DEL_01710,SUP_007,EcoBrick Shymkent,bricks,PRJ_003,Karagandy,2025-01-02,2025-01-24,2025-01-24,22,4741,urban,11,winter,low,0.9,0,on_time
DEL_01711,SUP_006,Astana Glass Works,glass_facade,PRJ_004,Shymkent,2025-12-20,2026-01-15,2026-01-15,26,2229,intercity,227,winter,low,0.81,0,on_time
DEL_01712,SUP_003,Prefab KZ,prefab_panels,PRJ_005,Shymkent,2025-07-05,2025-08-14,2025-08-16,40,302,urban,33,summer,medium,0.65,2,late
DEL_01713,SUP_002,Kazrebar Steel,rebar,PRJ_001,Almaty,2025-01-19,2025-02-18,2025-02-14,30,4809,urban,33,winter,medium,0.78,-4,early
DEL_01714,SUP_002,Kazrebar Steel,rebar,PRJ_002,Aktobe,2025-03-07,2025-03-29,2025-03-31,22,4625,intercity,309,shoulder,medium,0.78,2,late
DEL_01715,SUP_006,Astana Glass Works,glass_facade,PRJ_003,Karagandy,2026-05-20,2026-05-31,2026-05-31,11,4491,intercity,118,shoulder,medium,0.81,0,on_time
DEL_01716,SUP_008,China Modular Import,modular_units,PRJ_006,Atyrau,2025-02-05,2025-03-02,2025-03-13,25,1079,cross_border,1720,shoulder,medium,0.48,11,late
DEL_01717,SUP_009,Atyrau Pipe & Steel,rebar,PRJ_003,Karagandy,2025-08-19,2025-08-28,2025-08-28,9,3319,urban,18,summer,low,0.73,0,on_time
DEL_01718,SUP_005,Karagandy Insulate,insulation,PRJ_006,Atyrau,2025-12-21,2025-12-30,2026-01-08,9,4102,urban,6,winter,medium,0.88,9,late
DEL_01719,SUP_003,Prefab KZ,prefab_panels,PRJ_003,Karagandy,2025-02-21,2025-03-25,2025-03-25,32,703,intercity,153,shoulder,low,0.65,0,on_time
DEL_01720,SUP_007,EcoBrick Shymkent,bricks,PRJ_005,Shymkent,2026-05-18,2026-06-17,2026-06-17,30,1226,intercity,143,summer,high,0.9,0,on_time
DEL_01721,SUP_010,Local Timber Co,formwork,PRJ_007,Almaty,2025-06-19,2025-06-28,2025-07-01,9,1036,urban,56,summer,high,0.94,3,late
DEL_01722,SUP_007,EcoBrick Shymkent,cement,PRJ_009,Astana,2026-04-01,2026-05-08,2026-05-08,37,1263,intercity,885,shoulder,low,0.9,0,on_time
DEL_01723,SUP_010,Local Timber Co,timber,PRJ_002,Aktobe,2025-11-10,2025-12-07,2025-12-16,27,2616,urban,32,winter,low,0.94,9,late
DEL_01724,SUP_004,SteelImport Turkey,glass_facade,PRJ_005,Shymkent,2025-08-28,2025-10-04,2025-10-11,37,2797,cross_border,3780,shoulder,medium,0.55,7,late
DEL_01725,SUP_002,Kazrebar Steel,rebar,PRJ_002,Aktobe,2025-12-08,2025-12-24,2025-12-24,16,2755,intercity,173,winter,medium,0.78,0,on_time
DEL_01726,SUP_003,Prefab KZ,prefab_panels,PRJ_001,Almaty,2025-05-25,2025-06-16,2025-06-16,22,87,urban,53,summer,low,0.65,0,on_time
DEL_01727,SUP_006,Astana Glass Works,glass_facade,PRJ_002,Aktobe,2025-07-31,2025-09-02,2025-09-02,33,3001,intercity,483,shoulder,low,0.81,0,on_time
DEL_01728,SUP_009,Atyrau Pipe & Steel,pipes,PRJ_007,Almaty,2026-02-25,2026-03-01,2026-02-25,4,975,intercity,692,shoulder,low,0.73,-4,early
DEL_01729,SUP_003,Prefab KZ,prefab_panels,PRJ_007,Almaty,2026-01-29,2026-03-09,2026-03-09,39,3187,urban,31,shoulder,high,0.65,0,on_time
DEL_01730,SUP_006,Astana Glass Works,glass_facade,PRJ_002,Aktobe,2025-11-23,2025-12-02,2025-12-02,9,4642,intercity,241,winter,high,0.81,0,on_time
DEL_01731,SUP_009,Atyrau Pipe & Steel,rebar,PRJ_006,Atyrau,2026-01-23,2026-01-29,2026-02-08,6,4765,urban,41,winter,low,0.73,10,late
DEL_01732,SUP_008,China Modular Import,modular_units,PRJ_008,Aktobe,2025-06-08,2025-07-19,2025-07-28,41,3216,cross_border,1511,summer,low,0.48,9,late
DEL_01733,SUP_006,Astana Glass Works,glass_facade,PRJ_007,Almaty,2026-06-21,2026-07-29,2026-07-29,38,3717,intercity,194,summer,low,0.81,0,on_time
DEL_01734,SUP_008,China Modular Import,modular_units,PRJ_002,Aktobe,2025-01-27,2025-02-11,2025-02-11,15,3220,cross_border,1803,winter,low,0.48,0,on_time
DEL_01735,SUP_003,Prefab KZ,prefab_panels,PRJ_008,Aktobe,2025-09-28,2025-10-10,2025-10-19,12,905,intercity,87,shoulder,high,0.65,9,late
DEL_01736,SUP_005,Karagandy Insulate,insulation,PRJ_006,Atyrau,2025-10-03,2025-10-23,2025-10-23,20,3092,intercity,95,shoulder,medium,0.88,0,on_time
DEL_01737,SUP_010,Local Timber Co,timber,PRJ_003,Karagandy,2025-05-13,2025-06-25,2025-06-25,43,929,intercity,264,summer,low,0.94,0,on_time
DEL_01738,SUP_006,Astana Glass Works,glass_facade,PRJ_003,Karagandy,2025-11-02,2025-12-12,2025-12-12,40,460,urban,53,winter,medium,0.81,0,on_time
DEL_01739,SUP_003,Prefab KZ,prefab_panels,PRJ_008,Aktobe,2026-01-03,2026-01-23,2026-01-19,20,3876,urban,13,winter,low,0.65,-4,early
DEL_01740,SUP_005,Karagandy Insulate,insulation,PRJ_004,Shymkent,2025-07-28,2025-08-16,2025-08-24,19,2284,intercity,211,summer,low,0.88,8,late
DEL_01741,SUP_007,EcoBrick Shymkent,bricks,PRJ_004,Shymkent,2025-09-07,2025-10-16,2025-10-16,39,1618,intercity,773,shoulder,low,0.9,0,on_time
DEL_01742,SUP_006,Astana Glass Works,glass_facade,PRJ_005,Shymkent,2026-02-16,2026-03-20,2026-03-20,32,604,intercity,293,shoulder,medium,0.81,0,on_time
DEL_01743,SUP_005,Karagandy Insulate,insulation,PRJ_003,Karagandy,2025-02-24,2025-03-23,2025-03-23,27,1219,intercity,354,shoulder,medium,0.88,0,on_time
DEL_01744,SUP_006,Astana Glass Works,glass_facade,PRJ_010,Almaty,2026-02-28,2026-03-09,2026-03-06,9,1565,intercity,702,shoulder,low,0.81,-3,early
DEL_01745,SUP_006,Astana Glass Works,glass_facade,PRJ_003,Karagandy,2025-06-04,2025-07-18,2025-07-28,44,4193,intercity,626,summer,high,0.81,10,late
DEL_01746,SUP_009,Atyrau Pipe & Steel,rebar,PRJ_006,Atyrau,2025-12-09,2026-01-21,2026-01-21,43,2212,intercity,490,winter,low,0.73,0,on_time
DEL_01747,SUP_001,Almaty Cement Zavod,concrete_mix,PRJ_007,Almaty,2025-11-05,2025-11-10,2025-11-10,5,2761,urban,38,shoulder,medium,0.92,0,on_time
DEL_01748,SUP_007,EcoBrick Shymkent,cement,PRJ_002,Aktobe,2026-06-20,2026-06-27,2026-06-27,7,1299,urban,20,summer,medium,0.9,0,on_time
DEL_01749,SUP_007,EcoBrick Shymkent,bricks,PRJ_005,Shymkent,2025-04-29,2025-05-27,2025-05-27,28,2381,intercity,491,shoulder,low,0.9,0,on_time
DEL_01750,SUP_003,Prefab KZ,prefab_panels,PRJ_003,Karagandy,2025-08-25,2025-10-02,2025-10-02,38,1207,urban,26,shoulder,medium,0.65,0,on_time
DEL_01751,SUP_009,Atyrau Pipe & Steel,rebar,PRJ_002,Aktobe,2025-05-23,2025-06-10,2025-06-10,18,1186,intercity,687,summer,low,0.73,0,on_time
DEL_01752,SUP_008,China Modular Import,prefab_panels,PRJ_008,Aktobe,2026-04-22,2026-05-15,2026-05-12,23,3496,cross_border,4057,shoulder,low,0.48,-3,early
DEL_01753,SUP_004,SteelImport Turkey,glass_facade,PRJ_001,Almaty,2025-06-23,2025-07-12,2025-07-24,19,4357,cross_border,3010,summer,low,0.55,12,late
DEL_01754,SUP_007,EcoBrick Shymkent,cement,PRJ_005,Shymkent,2025-03-28,2025-04-06,2025-04-06,9,399,intercity,241,shoulder,medium,0.9,0,on_time
DEL_01755,SUP_010,Local Timber Co,timber,PRJ_004,Shymkent,2026-01-10,2026-01-18,2026-01-18,8,3379,urban,55,winter,low,0.94,0,on_time
DEL_01756,SUP_005,Karagandy Insulate,insulation,PRJ_005,Shymkent,2025-07-30,2025-08-08,2025-08-15,9,4200,intercity,415,summer,high,0.88,7,late
DEL_01757,SUP_007,EcoBrick Shymkent,cement,PRJ_003,Karagandy,2025-07-28,2025-08-01,2025-08-01,4,2499,intercity,319,summer,low,0.9,0,on_time
DEL_01758,SUP_006,Astana Glass Works,glass_facade,PRJ_003,Karagandy,2025-08-18,2025-09-02,2025-09-02,15,1641,urban,46,shoulder,medium,0.81,0,on_time
DEL_01759,SUP_003,Prefab KZ,prefab_panels,PRJ_009,Astana,2025-05-06,2025-06-09,2025-06-11,34,4456,intercity,497,summer,low,0.65,2,late
DEL_01760,SUP_008,China Modular Import,prefab_panels,PRJ_009,Astana,2025-11-25,2025-12-23,2025-12-25,28,2369,cross_border,1199,winter,low,0.48,2,late
DEL_01761,SUP_003,Prefab KZ,prefab_panels,PRJ_003,Karagandy,2026-04-26,2026-05-13,2026-05-12,17,4099,urban,21,shoulder,low,0.65,-1,early
DEL_01762,SUP_007,EcoBrick Shymkent,cement,PRJ_010,Almaty,2026-03-27,2026-04-25,2026-05-06,29,4383,urban,40,shoulder,low,0.9,11,late
DEL_01763,SUP_008,China Modular Import,prefab_panels,PRJ_010,Almaty,2025-04-10,2025-05-15,2025-05-26,35,317,cross_border,937,shoulder,high,0.48,11,late
DEL_01764,SUP_002,Kazrebar Steel,rebar,PRJ_009,Astana,2025-04-16,2025-04-25,2025-04-25,9,1224,urban,38,shoulder,low,0.78,0,on_time
DEL_01765,SUP_009,Atyrau Pipe & Steel,rebar,PRJ_001,Almaty,2025-10-25,2025-11-08,2025-11-09,14,21,intercity,277,shoulder,high,0.73,1,late
DEL_01766,SUP_001,Almaty Cement Zavod,concrete_mix,PRJ_008,Aktobe,2026-03-23,2026-03-31,2026-03-31,8,4721,intercity,67,shoulder,low,0.92,0,on_time
DEL_01767,SUP_003,Prefab KZ,prefab_panels,PRJ_003,Karagandy,2025-01-09,2025-02-10,2025-02-10,32,4638,intercity,668,winter,high,0.65,0,on_time
DEL_01768,SUP_005,Karagandy Insulate,insulation,PRJ_005,Shymkent,2025-08-19,2025-09-30,2025-09-30,42,337,intercity,111,shoulder,medium,0.88,0,on_time
DEL_01769,SUP_002,Kazrebar Steel,steel_beams,PRJ_009,Astana,2025-06-07,2025-07-14,2025-07-14,37,2467,urban,29,summer,medium,0.78,0,on_time
DEL_01770,SUP_005,Karagandy Insulate,insulation,PRJ_006,Atyrau,2025-03-17,2025-03-22,2025-03-27,5,4529,urban,34,shoulder,low,0.88,5,late
DEL_01771,SUP_005,Karagandy Insulate,insulation,PRJ_001,Almaty,2026-01-23,2026-02-01,2026-02-01,9,3327,intercity,411,winter,medium,0.88,0,on_time
DEL_01772,SUP_002,Kazrebar Steel,steel_beams,PRJ_005,Shymkent,2025-07-08,2025-07-15,2025-07-15,7,532,urban,59,summer,medium,0.78,0,on_time
DEL_01773,SUP_002,Kazrebar Steel,steel_beams,PRJ_004,Shymkent,2025-10-18,2025-11-27,2025-11-27,40,4118,urban,39,shoulder,low,0.78,0,on_time
DEL_01774,SUP_010,Local Timber Co,formwork,PRJ_002,Aktobe,2026-04-07,2026-05-06,2026-05-06,29,630,intercity,532,shoulder,medium,0.94,0,on_time
DEL_01775,SUP_002,Kazrebar Steel,rebar,PRJ_010,Almaty,2025-10-05,2025-10-15,2025-10-23,10,4130,intercity,101,shoulder,low,0.78,8,late
DEL_01776,SUP_004,SteelImport Turkey,glass_facade,PRJ_009,Astana,2025-01-04,2025-02-11,2025-02-09,38,4819,cross_border,3575,winter,medium,0.55,-2,early
DEL_01777,SUP_002,Kazrebar Steel,rebar,PRJ_008,Aktobe,2025-10-03,2025-10-25,2025-10-25,22,1430,intercity,360,shoulder,low,0.78,0,on_time
DEL_01778,SUP_010,Local Timber Co,timber,PRJ_009,Astana,2025-09-11,2025-10-01,2025-10-01,20,181,intercity,804,shoulder,low,0.94,0,on_time
DEL_01779,SUP_004,SteelImport Turkey,glass_facade,PRJ_002,Aktobe,2025-03-24,2025-03-30,2025-04-01,6,2339,cross_border,3127,shoulder,low,0.55,2,late
DEL_01780,SUP_007,EcoBrick Shymkent,bricks,PRJ_008,Aktobe,2026-06-20,2026-06-25,2026-06-26,5,2506,intercity,179,summer,low,0.9,1,late
DEL_01781,SUP_010,Local Timber Co,timber,PRJ_003,Karagandy,2025-05-07,2025-06-20,2025-06-20,44,550,intercity,194,summer,low,0.94,0,on_time
DEL_01782,SUP_006,Astana Glass Works,glass_facade,PRJ_001,Almaty,2025-05-26,2025-06-24,2025-06-27,29,4892,urban,15,summer,medium,0.81,3,late
DEL_01783,SUP_008,China Modular Import,prefab_panels,PRJ_001,Almaty,2025-07-11,2025-08-10,2025-08-19,30,59,cross_border,2650,summer,high,0.48,9,late
DEL_01784,SUP_004,SteelImport Turkey,steel_beams,PRJ_010,Almaty,2026-03-24,2026-04-02,2026-04-07,9,2107,cross_border,2774,shoulder,low,0.55,5,late
DEL_01785,SUP_010,Local Timber Co,timber,PRJ_006,Atyrau,2026-04-27,2026-04-30,2026-04-30,3,3293,intercity,111,shoulder,low,0.94,0,on_time
DEL_01786,SUP_004,SteelImport Turkey,steel_beams,PRJ_009,Astana,2025-04-27,2025-05-07,2025-05-16,10,3279,cross_border,3054,shoulder,medium,0.55,9,late
DEL_01787,SUP_006,Astana Glass Works,glass_facade,PRJ_009,Astana,2025-12-27,2026-01-15,2026-01-15,19,4344,urban,41,winter,medium,0.81,0,on_time
DEL_01788,SUP_006,Astana Glass Works,glass_facade,PRJ_001,Almaty,2025-04-08,2025-04-14,2025-04-14,6,1599,intercity,668,shoulder,medium,0.81,0,on_time
DEL_01789,SUP_008,China Modular Import,modular_units,PRJ_003,Karagandy,2025-12-27,2026-01-03,2026-01-07,7,1672,cross_border,1826,winter,low,0.48,4,late
DEL_01790,SUP_004,SteelImport Turkey,glass_facade,PRJ_010,Almaty,2025-02-12,2025-02-21,2025-03-10,9,2542,cross_border,3183,winter,high,0.55,17,late
DEL_01791,SUP_009,Atyrau Pipe & Steel,pipes,PRJ_002,Aktobe,2025-05-15,2025-06-18,2025-06-17,34,1736,urban,32,summer,medium,0.73,-1,early
DEL_01792,SUP_005,Karagandy Insulate,insulation,PRJ_005,Shymkent,2026-01-12,2026-01-22,2026-01-28,10,1701,intercity,200,winter,low,0.88,6,late
DEL_01793,SUP_007,EcoBrick Shymkent,bricks,PRJ_001,Almaty,2025-10-03,2025-11-11,2025-11-11,39,3002,intercity,177,shoulder,medium,0.9,0,on_time
DEL_01794,SUP_007,EcoBrick Shymkent,cement,PRJ_009,Astana,2026-01-04,2026-01-16,2026-01-25,12,1675,intercity,856,winter,high,0.9,9,late
DEL_01795,SUP_006,Astana Glass Works,glass_facade,PRJ_003,Karagandy,2025-06-17,2025-06-21,2025-06-21,4,954,intercity,308,summer,high,0.81,0,on_time
DEL_01796,SUP_010,Local Timber Co,timber,PRJ_010,Almaty,2026-05-30,2026-06-25,2026-07-02,26,1384,intercity,704,summer,medium,0.94,7,late
DEL_01797,SUP_001,Almaty Cement Zavod,concrete_mix,PRJ_003,Karagandy,2026-03-08,2026-03-29,2026-03-29,21,3293,urban,50,shoulder,medium,0.92,0,on_time
DEL_01798,SUP_009,Atyrau Pipe & Steel,pipes,PRJ_001,Almaty,2026-04-26,2026-05-07,2026-05-14,11,1594,urban,39,shoulder,low,0.73,7,late
DEL_01799,SUP_008,China Modular Import,modular_units,PRJ_005,Shymkent,2026-01-03,2026-01-25,2026-02-05,22,1617,cross_border,3678,winter,low,0.48,11,late
DEL_01800,SUP_010,Local Timber Co,timber,PRJ_005,Shymkent,2026-02-15,2026-03-15,2026-03-15,28,1105,urban,7,shoulder,medium,0.94,0,on_time
DEL_01801,SUP_007,EcoBrick Shymkent,bricks,PRJ_006,Atyrau,2025-02-27,2025-04-09,2025-04-09,41,2554,urban,59,shoulder,low,0.9,0,on_time
DEL_01802,SUP_005,Karagandy Insulate,insulation,PRJ_005,Shymkent,2025-06-10,2025-06-26,2025-06-26,16,574,intercity,379,summer,high,0.88,0,on_time
DEL_01803,SUP_003,Prefab KZ,prefab_panels,PRJ_001,Almaty,2026-04-10,2026-04-17,2026-04-17,7,304,urban,12,shoulder,low,0.65,0,on_time
DEL_01804,SUP_007,EcoBrick Shymkent,cement,PRJ_003,Karagandy,2026-02-27,2026-03-11,2026-03-11,12,3926,intercity,286,shoulder,high,0.9,0,on_time
DEL_01805,SUP_008,China Modular Import,prefab_panels,PRJ_009,Astana,2025-04-08,2025-05-04,2025-05-06,26,3037,cross_border,1843,shoulder,low,0.48,2,late
DEL_01806,SUP_002,Kazrebar Steel,steel_beams,PRJ_001,Almaty,2025-01-30,2025-02-14,2025-02-18,15,58,intercity,378,winter,medium,0.78,4,late
DEL_01807,SUP_007,EcoBrick Shymkent,cement,PRJ_007,Almaty,2025-12-18,2025-12-22,2025-12-22,4,3390,intercity,90,winter,high,0.9,0,on_time
DEL_01808,SUP_009,Atyrau Pipe & Steel,rebar,PRJ_010,Almaty,2026-02-06,2026-02-16,2026-02-26,10,131,intercity,205,winter,medium,0.73,10,late
DEL_01809,SUP_004,SteelImport Turkey,glass_facade,PRJ_003,Karagandy,2025-08-21,2025-09-18,2025-09-18,28,3645,cross_border,3934,shoulder,low,0.55,0,on_time
DEL_01810,SUP_008,China Modular Import,prefab_panels,PRJ_009,Astana,2025-10-13,2025-11-17,2025-11-19,35,2434,cross_border,1166,shoulder,high,0.48,2,late
DEL_01811,SUP_004,SteelImport Turkey,steel_beams,PRJ_007,Almaty,2026-05-04,2026-05-15,2026-05-22,11,2351,cross_border,1483,shoulder,low,0.55,7,late
DEL_01812,SUP_001,Almaty Cement Zavod,cement,PRJ_005,Shymkent,2025-11-16,2025-11-26,2025-11-29,10,681,intercity,157,shoulder,medium,0.92,3,late
DEL_01813,SUP_008,China Modular Import,modular_units,PRJ_003,Karagandy,2025-12-12,2025-12-24,2026-01-07,12,1361,cross_border,1155,winter,medium,0.48,14,late
DEL_01814,SUP_006,Astana Glass Works,glass_facade,PRJ_007,Almaty,2025-07-28,2025-09-02,2025-09-02,36,161,intercity,193,shoulder,low,0.81,0,on_time
DEL_01815,SUP_010,Local Timber Co,timber,PRJ_005,Shymkent,2025-04-27,2025-05-07,2025-05-07,10,2184,intercity,867,shoulder,low,0.94,0,on_time
DEL_01816,SUP_006,Astana Glass Works,glass_facade,PRJ_009,Astana,2025-03-29,2025-04-21,2025-04-21,23,1639,urban,52,shoulder,low,0.81,0,on_time
DEL_01817,SUP_003,Prefab KZ,prefab_panels,PRJ_002,Aktobe,2025-05-23,2025-06-11,2025-06-16,19,994,intercity,399,summer,high,0.65,5,late
DEL_01818,SUP_009,Atyrau Pipe & Steel,rebar,PRJ_001,Almaty,2025-03-15,2025-04-04,2025-04-04,20,2677,intercity,370,shoulder,low,0.73,0,on_time
DEL_01819,SUP_005,Karagandy Insulate,insulation,PRJ_002,Aktobe,2025-02-08,2025-03-16,2025-03-16,36,282,intercity,464,shoulder,low,0.88,0,on_time
DEL_01820,SUP_007,EcoBrick Shymkent,bricks,PRJ_003,Karagandy,2026-01-01,2026-01-12,2026-01-20,11,3257,urban,9,winter,low,0.9,8,late
DEL_01821,SUP_009,Atyrau Pipe & Steel,pipes,PRJ_008,Aktobe,2025-01-28,2025-03-11,2025-03-11,42,2603,intercity,302,shoulder,low,0.73,0,on_time
DEL_01822,SUP_008,China Modular Import,prefab_panels,PRJ_010,Almaty,2025-07-31,2025-08-17,2025-08-21,17,3040,cross_border,3813,summer,low,0.48,4,late
DEL_01823,SUP_009,Atyrau Pipe & Steel,rebar,PRJ_004,Shymkent,2026-05-28,2026-06-06,2026-06-06,9,949,intercity,893,summer,medium,0.73,0,on_time
DEL_01824,SUP_010,Local Timber Co,timber,PRJ_003,Karagandy,2025-12-01,2025-12-30,2025-12-30,29,4595,urban,28,winter,low,0.94,0,on_time
DEL_01825,SUP_009,Atyrau Pipe & Steel,pipes,PRJ_004,Shymkent,2025-12-20,2026-01-15,2026-01-15,26,3321,urban,6,winter,low,0.73,0,on_time
DEL_01826,SUP_005,Karagandy Insulate,insulation,PRJ_003,Karagandy,2025-06-03,2025-07-10,2025-07-20,37,650,urban,47,summer,medium,0.88,10,late
DEL_01827,SUP_009,Atyrau Pipe & Steel,rebar,PRJ_004,Shymkent,2025-11-15,2025-11-22,2025-11-22,7,3053,intercity,542,shoulder,medium,0.73,0,on_time
DEL_01828,SUP_006,Astana Glass Works,glass_facade,PRJ_003,Karagandy,2026-06-11,2026-06-24,2026-06-24,13,538,urban,38,summer,medium,0.81,0,on_time
DEL_01829,SUP_002,Kazrebar Steel,steel_beams,PRJ_005,Shymkent,2025-02-10,2025-02-28,2025-02-28,18,369,intercity,149,winter,medium,0.78,0,on_time
DEL_01830,SUP_010,Local Timber Co,timber,PRJ_003,Karagandy,2026-04-24,2026-06-03,2026-06-05,40,3210,urban,51,summer,low,0.94,2,late
DEL_01831,SUP_009,Atyrau Pipe & Steel,rebar,PRJ_010,Almaty,2026-06-18,2026-07-03,2026-07-05,15,1516,urban,19,summer,medium,0.73,2,late
DEL_01832,SUP_010,Local Timber Co,formwork,PRJ_010,Almaty,2026-04-12,2026-04-19,2026-04-15,7,3206,intercity,893,shoulder,medium,0.94,-4,early
DEL_01833,SUP_001,Almaty Cement Zavod,cement,PRJ_008,Aktobe,2025-09-26,2025-10-14,2025-10-14,18,2116,intercity,680,shoulder,low,0.92,0,on_time
DEL_01834,SUP_010,Local Timber Co,formwork,PRJ_002,Aktobe,2025-06-28,2025-07-03,2025-07-03,5,4142,intercity,215,summer,medium,0.94,0,on_time
DEL_01835,SUP_005,Karagandy Insulate,insulation,PRJ_001,Almaty,2026-06-16,2026-07-30,2026-07-30,44,1122,urban,52,summer,low,0.88,0,on_time
DEL_01836,SUP_007,EcoBrick Shymkent,cement,PRJ_006,Atyrau,2026-05-27,2026-07-09,2026-07-06,43,2955,intercity,718,summer,medium,0.9,-3,early
DEL_01837,SUP_007,EcoBrick Shymkent,cement,PRJ_007,Almaty,2026-04-29,2026-05-07,2026-05-07,8,1627,intercity,452,shoulder,medium,0.9,0,on_time
DEL_01838,SUP_006,Astana Glass Works,glass_facade,PRJ_007,Almaty,2026-06-08,2026-07-06,2026-07-06,28,1121,urban,58,summer,low,0.81,0,on_time
DEL_01839,SUP_006,Astana Glass Works,glass_facade,PRJ_001,Almaty,2025-12-30,2026-02-11,2026-02-11,43,4600,urban,38,winter,medium,0.81,0,on_time
DEL_01840,SUP_003,Prefab KZ,prefab_panels,PRJ_007,Almaty,2026-06-15,2026-07-24,2026-07-24,39,4968,urban,49,summer,low,0.65,0,on_time
DEL_01841,SUP_004,SteelImport Turkey,glass_facade,PRJ_007,Almaty,2025-10-26,2025-12-08,2025-12-21,43,3586,cross_border,4472,winter,low,0.55,13,late
DEL_01842,SUP_006,Astana Glass Works,glass_facade,PRJ_004,Shymkent,2025-02-22,2025-04-03,2025-04-17,40,2294,intercity,198,shoulder,high,0.81,14,late
DEL_01843,SUP_008,China Modular Import,prefab_panels,PRJ_003,Karagandy,2025-01-25,2025-01-28,2025-02-09,3,1574,cross_border,1916,winter,low,0.48,12,late
DEL_01844,SUP_008,China Modular Import,prefab_panels,PRJ_005,Shymkent,2025-08-30,2025-09-08,2025-09-20,9,4389,cross_border,1361,shoulder,medium,0.48,12,late
DEL_01845,SUP_001,Almaty Cement Zavod,concrete_mix,PRJ_005,Shymkent,2025-10-21,2025-11-26,2025-11-26,36,1915,urban,6,shoulder,low,0.92,0,on_time
DEL_01846,SUP_006,Astana Glass Works,glass_facade,PRJ_010,Almaty,2025-06-20,2025-07-13,2025-07-13,23,3054,intercity,161,summer,medium,0.81,0,on_time
DEL_01847,SUP_002,Kazrebar Steel,rebar,PRJ_010,Almaty,2026-02-27,2026-03-25,2026-03-25,26,2740,intercity,500,shoulder,medium,0.78,0,on_time
DEL_01848,SUP_009,Atyrau Pipe & Steel,rebar,PRJ_010,Almaty,2025-11-07,2025-11-18,2025-11-18,11,4977,urban,21,shoulder,low,0.73,0,on_time
DEL_01849,SUP_003,Prefab KZ,prefab_panels,PRJ_006,Atyrau,2026-03-23,2026-03-28,2026-03-29,5,4866,urban,16,shoulder,medium,0.65,1,late
DEL_01850,SUP_002,Kazrebar Steel,steel_beams,PRJ_006,Atyrau,2026-01-27,2026-02-12,2026-02-13,16,2766,urban,12,winter,high,0.78,1,late
DEL_01851,SUP_003,Prefab KZ,prefab_panels,PRJ_010,Almaty,2025-04-13,2025-04-21,2025-04-22,8,4354,urban,23,shoulder,low,0.65,1,late
DEL_01852,SUP_003,Prefab KZ,prefab_panels,PRJ_004,Shymkent,2025-11-09,2025-11-16,2025-11-16,7,3867,intercity,163,shoulder,low,0.65,0,on_time
DEL_01853,SUP_010,Local Timber Co,formwork,PRJ_006,Atyrau,2025-03-27,2025-04-30,2025-04-30,34,1356,intercity,357,shoulder,low,0.94,0,on_time
DEL_01854,SUP_002,Kazrebar Steel,rebar,PRJ_007,Almaty,2026-05-13,2026-05-26,2026-05-26,13,2629,intercity,134,shoulder,low,0.78,0,on_time
DEL_01855,SUP_007,EcoBrick Shymkent,cement,PRJ_001,Almaty,2026-04-03,2026-04-14,2026-04-14,11,3909,intercity,719,shoulder,low,0.9,0,on_time
DEL_01856,SUP_007,EcoBrick Shymkent,bricks,PRJ_005,Shymkent,2025-08-01,2025-08-22,2025-08-22,21,4041,intercity,760,summer,medium,0.9,0,on_time
DEL_01857,SUP_004,SteelImport Turkey,glass_facade,PRJ_001,Almaty,2025-12-09,2026-01-22,2026-02-04,44,2770,cross_border,3013,winter,medium,0.55,13,late
DEL_01858,SUP_008,China Modular Import,modular_units,PRJ_003,Karagandy,2026-04-10,2026-05-11,2026-05-19,31,2621,cross_border,1423,shoulder,medium,0.48,8,late
DEL_01859,SUP_006,Astana Glass Works,glass_facade,PRJ_009,Astana,2026-02-28,2026-03-06,2026-03-17,6,281,urban,14,shoulder,low,0.81,11,late
DEL_01860,SUP_005,Karagandy Insulate,insulation,PRJ_007,Almaty,2025-09-04,2025-09-15,2025-09-15,11,108,urban,33,shoulder,medium,0.88,0,on_time
DEL_01861,SUP_007,EcoBrick Shymkent,bricks,PRJ_004,Shymkent,2026-04-17,2026-05-04,2026-05-04,17,1982,urban,54,shoulder,medium,0.9,0,on_time
DEL_01862,SUP_008,China Modular Import,modular_units,PRJ_008,Aktobe,2025-07-19,2025-08-01,2025-08-05,13,2005,cross_border,3918,summer,low,0.48,4,late
DEL_01863,SUP_003,Prefab KZ,prefab_panels,PRJ_010,Almaty,2025-10-04,2025-11-06,2025-11-15,33,1253,urban,19,shoulder,medium,0.65,9,late
DEL_01864,SUP_002,Kazrebar Steel,rebar,PRJ_007,Almaty,2026-05-17,2026-06-07,2026-06-07,21,3191,intercity,280,summer,low,0.78,0,on_time
DEL_01865,SUP_003,Prefab KZ,prefab_panels,PRJ_001,Almaty,2026-02-19,2026-03-10,2026-03-14,19,139,urban,22,shoulder,medium,0.65,4,late
DEL_01866,SUP_006,Astana Glass Works,glass_facade,PRJ_007,Almaty,2025-11-17,2025-12-07,2025-12-07,20,2092,urban,6,winter,medium,0.81,0,on_time
DEL_01867,SUP_001,Almaty Cement Zavod,concrete_mix,PRJ_008,Aktobe,2026-05-17,2026-06-18,2026-06-18,32,4834,intercity,493,summer,medium,0.92,0,on_time
DEL_01868,SUP_009,Atyrau Pipe & Steel,rebar,PRJ_001,Almaty,2026-03-12,2026-03-24,2026-04-04,12,3391,intercity,629,shoulder,medium,0.73,11,late
DEL_01869,SUP_002,Kazrebar Steel,rebar,PRJ_007,Almaty,2025-12-22,2026-01-09,2026-01-18,18,4201,urban,27,winter,low,0.78,9,late
DEL_01870,SUP_004,SteelImport Turkey,glass_facade,PRJ_004,Shymkent,2026-03-03,2026-04-15,2026-04-29,43,574,cross_border,2176,shoulder,medium,0.55,14,late
DEL_01871,SUP_010,Local Timber Co,formwork,PRJ_001,Almaty,2026-01-24,2026-01-27,2026-02-02,3,4385,intercity,376,winter,high,0.94,6,late
DEL_01872,SUP_004,SteelImport Turkey,steel_beams,PRJ_009,Astana,2025-09-23,2025-10-20,2025-10-21,27,2854,cross_border,1794,shoulder,low,0.55,1,late
DEL_01873,SUP_002,Kazrebar Steel,steel_beams,PRJ_010,Almaty,2025-06-20,2025-07-05,2025-07-05,15,4169,intercity,145,summer,medium,0.78,0,on_time
DEL_01874,SUP_005,Karagandy Insulate,insulation,PRJ_002,Aktobe,2025-03-26,2025-04-23,2025-04-23,28,1019,intercity,378,shoulder,low,0.88,0,on_time
DEL_01875,SUP_004,SteelImport Turkey,steel_beams,PRJ_005,Shymkent,2025-09-08,2025-10-18,2025-10-26,40,4802,cross_border,2096,shoulder,low,0.55,8,late
DEL_01876,SUP_003,Prefab KZ,prefab_panels,PRJ_002,Aktobe,2026-02-26,2026-03-04,2026-03-10,6,2523,intercity,768,shoulder,low,0.65,6,late
DEL_01877,SUP_001,Almaty Cement Zavod,concrete_mix,PRJ_006,Atyrau,2026-06-20,2026-07-14,2026-07-14,24,2105,intercity,817,summer,high,0.92,0,on_time
DEL_01878,SUP_009,Atyrau Pipe & Steel,pipes,PRJ_005,Shymkent,2025-04-27,2025-05-07,2025-05-07,10,1729,intercity,386,shoulder,low,0.73,0,on_time
DEL_01879,SUP_007,EcoBrick Shymkent,bricks,PRJ_001,Almaty,2026-01-08,2026-02-03,2026-02-12,26,2252,intercity,856,winter,high,0.9,9,late
DEL_01880,SUP_010,Local Timber Co,timber,PRJ_008,Aktobe,2025-07-17,2025-08-05,2025-08-05,19,2503,urban,42,summer,low,0.94,0,on_time
DEL_01881,SUP_007,EcoBrick Shymkent,cement,PRJ_001,Almaty,2025-06-10,2025-07-06,2025-07-06,26,3779,urban,5,summer,medium,0.9,0,on_time
DEL_01882,SUP_007,EcoBrick Shymkent,cement,PRJ_008,Aktobe,2025-12-27,2025-12-30,2026-01-08,3,4242,urban,33,winter,high,0.9,9,late
DEL_01883,SUP_010,Local Timber Co,formwork,PRJ_001,Almaty,2025-11-11,2025-12-21,2025-12-31,40,3466,intercity,428,winter,high,0.94,10,late
DEL_01884,SUP_010,Local Timber Co,formwork,PRJ_008,Aktobe,2026-02-20,2026-03-13,2026-03-13,21,3951,intercity,495,shoulder,low,0.94,0,on_time
DEL_01885,SUP_009,Atyrau Pipe & Steel,pipes,PRJ_001,Almaty,2026-04-23,2026-06-04,2026-06-04,42,3942,intercity,820,summer,high,0.73,0,on_time
DEL_01886,SUP_009,Atyrau Pipe & Steel,pipes,PRJ_004,Shymkent,2025-12-06,2026-01-12,2026-01-12,37,2977,urban,17,winter,low,0.73,0,on_time
DEL_01887,SUP_003,Prefab KZ,prefab_panels,PRJ_007,Almaty,2026-04-19,2026-05-07,2026-05-07,18,362,intercity,534,shoulder,low,0.65,0,on_time
DEL_01888,SUP_003,Prefab KZ,prefab_panels,PRJ_003,Karagandy,2026-03-09,2026-04-15,2026-04-25,37,4094,urban,50,shoulder,low,0.65,10,late
DEL_01889,SUP_002,Kazrebar Steel,rebar,PRJ_005,Shymkent,2026-05-25,2026-06-29,2026-06-29,35,1572,intercity,863,summer,low,0.78,0,on_time
DEL_01890,SUP_008,China Modular Import,prefab_panels,PRJ_010,Almaty,2026-02-22,2026-03-12,2026-03-27,18,535,cross_border,1306,shoulder,medium,0.48,15,late
DEL_01891,SUP_008,China Modular Import,prefab_panels,PRJ_001,Almaty,2025-01-13,2025-02-08,2025-02-14,26,3893,cross_border,4499,winter,low,0.48,6,late
DEL_01892,SUP_005,Karagandy Insulate,insulation,PRJ_001,Almaty,2025-05-14,2025-05-31,2025-06-04,17,205,intercity,869,shoulder,medium,0.88,4,late
DEL_01893,SUP_009,Atyrau Pipe & Steel,pipes,PRJ_005,Shymkent,2026-04-17,2026-05-17,2026-05-27,30,3938,intercity,389,shoulder,high,0.73,10,late
DEL_01894,SUP_008,China Modular Import,modular_units,PRJ_008,Aktobe,2026-03-06,2026-04-02,2026-04-06,27,4104,cross_border,2197,shoulder,low,0.48,4,late
DEL_01895,SUP_008,China Modular Import,modular_units,PRJ_001,Almaty,2025-05-15,2025-05-27,2025-06-01,12,2612,cross_border,2203,shoulder,medium,0.48,5,late
DEL_01896,SUP_010,Local Timber Co,formwork,PRJ_006,Atyrau,2026-01-30,2026-02-02,2026-02-02,3,3709,urban,46,winter,low,0.94,0,on_time
DEL_01897,SUP_006,Astana Glass Works,glass_facade,PRJ_007,Almaty,2026-01-06,2026-02-06,2026-02-06,31,2565,urban,55,winter,medium,0.81,0,on_time
DEL_01898,SUP_009,Atyrau Pipe & Steel,pipes,PRJ_008,Aktobe,2025-10-18,2025-11-26,2025-12-12,39,733,intercity,292,shoulder,high,0.73,16,late
DEL_01899,SUP_001,Almaty Cement Zavod,concrete_mix,PRJ_004,Shymkent,2025-07-24,2025-08-31,2025-08-31,38,1989,intercity,758,summer,low,0.92,0,on_time
DEL_01900,SUP_004,SteelImport Turkey,steel_beams,PRJ_003,Karagandy,2025-03-08,2025-04-18,2025-04-18,41,2855,cross_border,1366,shoulder,low,0.55,0,on_time
DEL_01901,SUP_004,SteelImport Turkey,glass_facade,PRJ_005,Shymkent,2025-06-06,2025-07-04,2025-07-16,28,2313,cross_border,2513,summer,medium,0.55,12,late
DEL_01902,SUP_008,China Modular Import,prefab_panels,PRJ_007,Almaty,2026-02-11,2026-03-06,2026-03-13,23,2651,cross_border,3690,shoulder,low,0.48,7,late
DEL_01903,SUP_004,SteelImport Turkey,glass_facade,PRJ_005,Shymkent,2025-07-27,2025-08-23,2025-08-25,27,4271,cross_border,1755,summer,low,0.55,2,late
DEL_01904,SUP_008,China Modular Import,prefab_panels,PRJ_004,Shymkent,2026-02-09,2026-02-12,2026-02-19,3,1494,cross_border,2079,winter,low,0.48,7,late
DEL_01905,SUP_006,Astana Glass Works,glass_facade,PRJ_004,Shymkent,2026-05-20,2026-07-03,2026-07-13,44,4625,urban,41,summer,medium,0.81,10,late
DEL_01906,SUP_006,Astana Glass Works,glass_facade,PRJ_006,Atyrau,2026-06-07,2026-06-13,2026-06-28,6,1376,urban,31,summer,high,0.81,15,late
DEL_01907,SUP_008,China Modular Import,modular_units,PRJ_003,Karagandy,2025-04-04,2025-04-23,2025-05-07,19,2271,cross_border,3938,shoulder,low,0.48,14,late
DEL_01908,SUP_003,Prefab KZ,prefab_panels,PRJ_002,Aktobe,2025-08-06,2025-08-12,2025-08-24,6,2385,intercity,514,summer,medium,0.65,12,late
DEL_01909,SUP_002,Kazrebar Steel,rebar,PRJ_003,Karagandy,2025-08-05,2025-08-22,2025-08-22,17,1698,intercity,473,summer,low,0.78,0,on_time
DEL_01910,SUP_010,Local Timber Co,timber,PRJ_003,Karagandy,2025-07-03,2025-08-11,2025-08-11,39,2853,intercity,771,summer,medium,0.94,0,on_time
DEL_01911,SUP_005,Karagandy Insulate,insulation,PRJ_006,Atyrau,2025-09-12,2025-10-25,2025-10-25,43,2536,urban,51,shoulder,low,0.88,0,on_time
DEL_01912,SUP_001,Almaty Cement Zavod,concrete_mix,PRJ_005,Shymkent,2025-11-04,2025-12-12,2025-12-12,38,2808,urban,51,winter,medium,0.92,0,on_time
DEL_01913,SUP_003,Prefab KZ,prefab_panels,PRJ_005,Shymkent,2025-08-29,2025-09-13,2025-09-13,15,3410,urban,55,shoulder,medium,0.65,0,on_time
DEL_01914,SUP_009,Atyrau Pipe & Steel,rebar,PRJ_008,Aktobe,2026-06-13,2026-07-25,2026-08-06,42,3216,intercity,584,summer,medium,0.73,12,late
DEL_01915,SUP_004,SteelImport Turkey,glass_facade,PRJ_006,Atyrau,2025-11-22,2025-12-26,2026-01-09,34,4284,cross_border,3660,winter,high,0.55,14,late
DEL_01916,SUP_007,EcoBrick Shymkent,cement,PRJ_006,Atyrau,2026-06-08,2026-06-20,2026-06-29,12,410,intercity,520,summer,low,0.9,9,late
DEL_01917,SUP_005,Karagandy Insulate,insulation,PRJ_008,Aktobe,2026-03-29,2026-04-18,2026-04-18,20,1013,urban,36,shoulder,low,0.88,0,on_time
DEL_01918,SUP_005,Karagandy Insulate,insulation,PRJ_009,Astana,2026-02-03,2026-03-16,2026-03-16,41,2545,urban,50,shoulder,medium,0.88,0,on_time
DEL_01919,SUP_010,Local Timber Co,timber,PRJ_008,Aktobe,2025-10-10,2025-10-20,2025-10-20,10,2994,urban,13,shoulder,medium,0.94,0,on_time
DEL_01920,SUP_010,Local Timber Co,formwork,PRJ_005,Shymkent,2026-01-28,2026-02-07,2026-02-22,10,1122,urban,53,winter,high,0.94,15,late
DEL_01921,SUP_003,Prefab KZ,prefab_panels,PRJ_008,Aktobe,2025-11-24,2025-12-18,2025-12-18,24,1627,urban,55,winter,medium,0.65,0,on_time
DEL_01922,SUP_002,Kazrebar Steel,steel_beams,PRJ_009,Astana,2026-02-01,2026-03-17,2026-03-17,44,194,intercity,509,shoulder,high,0.78,0,on_time
DEL_01923,SUP_005,Karagandy Insulate,insulation,PRJ_007,Almaty,2026-06-10,2026-07-15,2026-07-15,35,3022,urban,5,summer,low,0.88,0,on_time
DEL_01924,SUP_003,Prefab KZ,prefab_panels,PRJ_004,Shymkent,2026-03-06,2026-04-03,2026-04-09,28,3178,urban,16,shoulder,high,0.65,6,late
DEL_01925,SUP_010,Local Timber Co,timber,PRJ_004,Shymkent,2025-01-31,2025-02-11,2025-02-11,11,3398,intercity,849,winter,medium,0.94,0,on_time
DEL_01926,SUP_006,Astana Glass Works,glass_facade,PRJ_001,Almaty,2025-08-10,2025-08-24,2025-08-24,14,2791,intercity,144,summer,low,0.81,0,on_time
DEL_01927,SUP_001,Almaty Cement Zavod,cement,PRJ_010,Almaty,2026-03-08,2026-04-19,2026-04-19,42,2074,urban,49,shoulder,medium,0.92,0,on_time
DEL_01928,SUP_003,Prefab KZ,prefab_panels,PRJ_007,Almaty,2025-09-27,2025-10-08,2025-10-08,11,3107,urban,27,shoulder,medium,0.65,0,on_time
DEL_01929,SUP_004,SteelImport Turkey,glass_facade,PRJ_003,Karagandy,2025-10-18,2025-11-18,2025-11-18,31,1027,cross_border,3764,shoulder,high,0.55,0,on_time
DEL_01930,SUP_005,Karagandy Insulate,insulation,PRJ_010,Almaty,2026-01-23,2026-03-02,2026-03-02,38,959,urban,42,shoulder,low,0.88,0,on_time
DEL_01931,SUP_002,Kazrebar Steel,steel_beams,PRJ_008,Aktobe,2025-04-22,2025-05-24,2025-05-31,32,1027,intercity,191,shoulder,low,0.78,7,late
DEL_01932,SUP_004,SteelImport Turkey,steel_beams,PRJ_009,Astana,2025-09-23,2025-10-13,2025-10-13,20,4375,cross_border,1819,shoulder,low,0.55,0,on_time
DEL_01933,SUP_005,Karagandy Insulate,insulation,PRJ_002,Aktobe,2025-04-03,2025-04-21,2025-04-21,18,4786,urban,11,shoulder,medium,0.88,0,on_time
DEL_01934,SUP_006,Astana Glass Works,glass_facade,PRJ_003,Karagandy,2025-07-20,2025-08-31,2025-08-31,42,4938,intercity,284,summer,low,0.81,0,on_time
DEL_01935,SUP_007,EcoBrick Shymkent,bricks,PRJ_007,Almaty,2025-04-07,2025-04-20,2025-04-20,13,1691,intercity,833,shoulder,low,0.9,0,on_time
DEL_01936,SUP_008,China Modular Import,modular_units,PRJ_007,Almaty,2025-12-04,2025-12-29,2026-01-11,25,4849,cross_border,4247,winter,high,0.48,13,late
DEL_01937,SUP_005,Karagandy Insulate,insulation,PRJ_008,Aktobe,2025-12-10,2025-12-18,2025-12-19,8,3097,urban,22,winter,low,0.88,1,late
DEL_01938,SUP_009,Atyrau Pipe & Steel,rebar,PRJ_007,Almaty,2025-01-19,2025-02-26,2025-03-12,38,2143,urban,8,winter,high,0.73,14,late
DEL_01939,SUP_002,Kazrebar Steel,steel_beams,PRJ_008,Aktobe,2025-06-13,2025-07-10,2025-07-08,27,4432,urban,28,summer,low,0.78,-2,early
DEL_01940,SUP_009,Atyrau Pipe & Steel,pipes,PRJ_001,Almaty,2026-04-11,2026-04-25,2026-04-25,14,3035,intercity,557,shoulder,low,0.73,0,on_time
DEL_01941,SUP_008,China Modular Import,modular_units,PRJ_002,Aktobe,2025-10-10,2025-11-22,2025-11-29,43,1008,cross_border,2082,shoulder,low,0.48,7,late
DEL_01942,SUP_010,Local Timber Co,timber,PRJ_006,Atyrau,2025-08-23,2025-09-05,2025-09-05,13,4588,intercity,795,shoulder,high,0.94,0,on_time
DEL_01943,SUP_009,Atyrau Pipe & Steel,pipes,PRJ_009,Astana,2025-07-04,2025-08-11,2025-08-13,38,3082,urban,55,summer,low,0.73,2,late
DEL_01944,SUP_002,Kazrebar Steel,steel_beams,PRJ_001,Almaty,2025-09-23,2025-11-04,2025-11-02,42,3210,intercity,694,shoulder,low,0.78,-2,early
DEL_01945,SUP_008,China Modular Import,modular_units,PRJ_005,Shymkent,2025-08-08,2025-09-20,2025-10-01,43,2231,cross_border,991,shoulder,medium,0.48,11,late
DEL_01946,SUP_006,Astana Glass Works,glass_facade,PRJ_009,Astana,2025-12-30,2026-02-01,2026-02-01,33,669,urban,37,winter,low,0.81,0,on_time
DEL_01947,SUP_003,Prefab KZ,prefab_panels,PRJ_002,Aktobe,2025-12-31,2026-01-14,2026-01-29,14,4123,intercity,680,winter,high,0.65,15,late
DEL_01948,SUP_007,EcoBrick Shymkent,cement,PRJ_004,Shymkent,2025-05-07,2025-06-08,2025-06-10,32,4987,urban,12,summer,medium,0.9,2,late
DEL_01949,SUP_006,Astana Glass Works,glass_facade,PRJ_008,Aktobe,2026-04-09,2026-04-23,2026-04-23,14,3474,intercity,473,shoulder,high,0.81,0,on_time
DEL_01950,SUP_005,Karagandy Insulate,insulation,PRJ_003,Karagandy,2026-05-24,2026-07-07,2026-07-07,44,1325,intercity,654,summer,low,0.88,0,on_time
DEL_01951,SUP_007,EcoBrick Shymkent,cement,PRJ_004,Shymkent,2026-01-23,2026-02-23,2026-02-24,31,3755,intercity,797,winter,high,0.9,1,late
DEL_01952,SUP_007,EcoBrick Shymkent,cement,PRJ_004,Shymkent,2026-05-16,2026-06-17,2026-06-17,32,636,urban,54,summer,low,0.9,0,on_time
DEL_01953,SUP_009,Atyrau Pipe & Steel,rebar,PRJ_007,Almaty,2026-01-16,2026-02-13,2026-02-13,28,2178,intercity,62,winter,high,0.73,0,on_time
DEL_01954,SUP_001,Almaty Cement Zavod,concrete_mix,PRJ_006,Atyrau,2025-08-06,2025-09-09,2025-09-09,34,1342,urban,39,shoulder,medium,0.92,0,on_time
DEL_01955,SUP_009,Atyrau Pipe & Steel,pipes,PRJ_008,Aktobe,2025-11-26,2026-01-09,2026-01-19,44,1008,urban,41,winter,high,0.73,10,late
DEL_01956,SUP_007,EcoBrick Shymkent,bricks,PRJ_009,Astana,2026-05-21,2026-06-02,2026-06-02,12,309,urban,22,summer,low,0.9,0,on_time
DEL_01957,SUP_008,China Modular Import,modular_units,PRJ_005,Shymkent,2025-09-13,2025-10-21,2025-10-29,38,1067,cross_border,3335,shoulder,medium,0.48,8,late
DEL_01958,SUP_009,Atyrau Pipe & Steel,pipes,PRJ_003,Karagandy,2025-05-06,2025-05-30,2025-06-08,24,4920,intercity,201,shoulder,low,0.73,9,late
DEL_01959,SUP_008,China Modular Import,prefab_panels,PRJ_008,Aktobe,2025-09-24,2025-11-03,2025-11-03,40,1399,cross_border,4021,shoulder,medium,0.48,0,on_time
DEL_01960,SUP_002,Kazrebar Steel,rebar,PRJ_006,Atyrau,2025-09-13,2025-09-18,2025-09-18,5,862,urban,55,shoulder,low,0.78,0,on_time
DEL_01961,SUP_007,EcoBrick Shymkent,cement,PRJ_007,Almaty,2025-12-21,2026-01-25,2026-01-25,35,4620,urban,40,winter,high,0.9,0,on_time
DEL_01962,SUP_002,Kazrebar Steel,steel_beams,PRJ_007,Almaty,2025-12-08,2026-01-21,2026-01-25,44,3100,intercity,304,winter,low,0.78,4,late
DEL_01963,SUP_009,Atyrau Pipe & Steel,rebar,PRJ_003,Karagandy,2025-06-12,2025-07-09,2025-07-09,27,3326,intercity,127,summer,medium,0.73,0,on_time
DEL_01964,SUP_009,Atyrau Pipe & Steel,rebar,PRJ_003,Karagandy,2025-12-14,2025-12-23,2025-12-23,9,2918,urban,19,winter,medium,0.73,0,on_time
DEL_01965,SUP_002,Kazrebar Steel,steel_beams,PRJ_004,Shymkent,2025-07-14,2025-08-11,2025-08-11,28,4592,intercity,749,summer,medium,0.78,0,on_time
DEL_01966,SUP_007,EcoBrick Shymkent,cement,PRJ_009,Astana,2025-03-24,2025-03-29,2025-03-28,5,4014,intercity,482,shoulder,low,0.9,-1,early
DEL_01967,SUP_003,Prefab KZ,prefab_panels,PRJ_008,Aktobe,2025-01-29,2025-02-02,2025-02-09,4,4199,intercity,517,winter,high,0.65,7,late
DEL_01968,SUP_005,Karagandy Insulate,insulation,PRJ_002,Aktobe,2025-12-26,2026-01-10,2026-01-10,15,4990,intercity,841,winter,high,0.88,0,on_time
DEL_01969,SUP_001,Almaty Cement Zavod,concrete_mix,PRJ_001,Almaty,2025-12-26,2026-01-07,2026-01-22,12,1212,urban,12,winter,high,0.92,15,late
DEL_01970,SUP_002,Kazrebar Steel,rebar,PRJ_002,Aktobe,2025-09-19,2025-09-27,2025-10-07,8,3889,intercity,780,shoulder,low,0.78,10,late
DEL_01971,SUP_004,SteelImport Turkey,steel_beams,PRJ_004,Shymkent,2025-09-12,2025-10-03,2025-10-03,21,711,cross_border,3717,shoulder,low,0.55,0,on_time
DEL_01972,SUP_003,Prefab KZ,prefab_panels,PRJ_004,Shymkent,2025-12-15,2025-12-23,2025-12-23,8,1303,intercity,427,winter,high,0.65,0,on_time
DEL_01973,SUP_002,Kazrebar Steel,rebar,PRJ_007,Almaty,2025-12-06,2025-12-17,2025-12-17,11,3712,urban,38,winter,high,0.78,0,on_time
DEL_01974,SUP_004,SteelImport Turkey,glass_facade,PRJ_002,Aktobe,2026-05-16,2026-06-28,2026-07-04,43,3683,cross_border,3941,summer,low,0.55,6,late
DEL_01975,SUP_008,China Modular Import,modular_units,PRJ_008,Aktobe,2025-01-07,2025-01-24,2025-01-30,17,234,cross_border,2066,winter,medium,0.48,6,late
DEL_01976,SUP_004,SteelImport Turkey,steel_beams,PRJ_007,Almaty,2026-01-20,2026-02-15,2026-02-16,26,4909,cross_border,1333,winter,medium,0.55,1,late
DEL_01977,SUP_004,SteelImport Turkey,glass_facade,PRJ_009,Astana,2026-06-17,2026-06-24,2026-07-05,7,2343,cross_border,3617,summer,medium,0.55,11,late
DEL_01978,SUP_007,EcoBrick Shymkent,bricks,PRJ_009,Astana,2025-01-25,2025-03-04,2025-03-04,38,2975,intercity,826,shoulder,medium,0.9,0,on_time
DEL_01979,SUP_006,Astana Glass Works,glass_facade,PRJ_002,Aktobe,2025-06-21,2025-07-12,2025-07-12,21,1095,intercity,149,summer,medium,0.81,0,on_time
DEL_01980,SUP_002,Kazrebar Steel,rebar,PRJ_010,Almaty,2025-02-10,2025-02-25,2025-03-06,15,4166,intercity,810,winter,medium,0.78,9,late
DEL_01981,SUP_005,Karagandy Insulate,insulation,PRJ_009,Astana,2025-11-27,2026-01-05,2026-01-15,39,1265,urban,9,winter,medium,0.88,10,late
DEL_01982,SUP_006,Astana Glass Works,glass_facade,PRJ_007,Almaty,2025-07-15,2025-08-06,2025-08-05,22,4730,intercity,490,summer,low,0.81,-1,early
DEL_01983,SUP_009,Atyrau Pipe & Steel,pipes,PRJ_002,Aktobe,2025-01-08,2025-01-20,2025-01-20,12,2700,intercity,223,winter,medium,0.73,0,on_time
DEL_01984,SUP_004,SteelImport Turkey,steel_beams,PRJ_009,Astana,2025-11-08,2025-11-30,2025-11-30,22,1527,cross_border,1272,shoulder,medium,0.55,0,on_time
DEL_01985,SUP_008,China Modular Import,modular_units,PRJ_010,Almaty,2025-09-10,2025-10-13,2025-10-26,33,529,cross_border,2189,shoulder,low,0.48,13,late
DEL_01986,SUP_008,China Modular Import,prefab_panels,PRJ_009,Astana,2025-09-03,2025-10-14,2025-10-25,41,1496,cross_border,3636,shoulder,low,0.48,11,late
DEL_01987,SUP_008,China Modular Import,prefab_panels,PRJ_002,Aktobe,2025-12-25,2026-01-31,2026-02-10,37,2566,cross_border,1330,winter,high,0.48,10,late
DEL_01988,SUP_006,Astana Glass Works,glass_facade,PRJ_001,Almaty,2025-01-10,2025-02-07,2025-02-07,28,3231,urban,15,winter,medium,0.81,0,on_time
DEL_01989,SUP_007,EcoBrick Shymkent,cement,PRJ_002,Aktobe,2026-04-16,2026-05-14,2026-05-14,28,3298,intercity,215,shoulder,low,0.9,0,on_time
DEL_01990,SUP_010,Local Timber Co,formwork,PRJ_010,Almaty,2025-01-19,2025-02-23,2025-02-23,35,282,intercity,790,winter,high,0.94,0,on_time
DEL_01991,SUP_002,Kazrebar Steel,steel_beams,PRJ_008,Aktobe,2026-04-30,2026-05-25,2026-05-31,25,4760,urban,48,shoulder,medium,0.78,6,late
DEL_01992,SUP_002,Kazrebar Steel,steel_beams,PRJ_008,Aktobe,2025-03-29,2025-04-29,2025-04-29,31,2529,urban,9,shoulder,low,0.78,0,on_time
DEL_01993,SUP_005,Karagandy Insulate,insulation,PRJ_007,Almaty,2025-03-20,2025-04-13,2025-04-13,24,4693,intercity,517,shoulder,medium,0.88,0,on_time
DEL_01994,SUP_004,SteelImport Turkey,steel_beams,PRJ_005,Shymkent,2026-06-01,2026-07-10,2026-07-20,39,4400,cross_border,1507,summer,low,0.55,10,late
DEL_01995,SUP_004,SteelImport Turkey,glass_facade,PRJ_006,Atyrau,2026-03-10,2026-03-15,2026-03-28,5,1894,cross_border,4082,shoulder,low,0.55,13,late
DEL_01996,SUP_009,Atyrau Pipe & Steel,pipes,PRJ_002,Aktobe,2025-10-30,2025-11-17,2025-11-17,18,3667,urban,17,shoulder,low,0.73,0,on_time
DEL_01997,SUP_002,Kazrebar Steel,steel_beams,PRJ_004,Shymkent,2026-01-17,2026-01-31,2026-02-05,14,1261,intercity,443,winter,high,0.78,5,late
DEL_01998,SUP_008,China Modular Import,prefab_panels,PRJ_003,Karagandy,2025-06-01,2025-07-12,2025-07-21,41,3675,cross_border,3910,summer,medium,0.48,9,late
DEL_01999,SUP_009,Atyrau Pipe & Steel,pipes,PRJ_002,Aktobe,2025-02-20,2025-03-12,2025-03-12,20,2496,intercity,806,shoulder,medium,0.73,0,on_time
DEL_02000,SUP_002,Kazrebar Steel,steel_beams,PRJ_006,Atyrau,2026-04-25,2026-06-08,2026-06-10,44,4110,intercity,616,summer,low,0.78,2,late
DEL_02001,SUP_010,Local Timber Co,formwork,PRJ_004,Shymkent,2025-02-01,2025-02-05,2025-02-05,4,4227,urban,42,winter,medium,0.94,0,on_time
DEL_02002,SUP_006,Astana Glass Works,glass_facade,PRJ_003,Karagandy,2025-01-04,2025-02-09,2025-02-09,36,2940,urban,36,winter,medium,0.81,0,on_time
DEL_02003,SUP_001,Almaty Cement Zavod,cement,PRJ_001,Almaty,2025-08-11,2025-09-01,2025-08-29,21,2421,intercity,851,shoulder,low,0.92,-3,early
DEL_02004,SUP_006,Astana Glass Works,glass_facade,PRJ_006,Atyrau,2025-07-25,2025-08-12,2025-08-17,18,2209,intercity,365,summer,medium,0.81,5,late
DEL_02005,SUP_001,Almaty Cement Zavod,concrete_mix,PRJ_009,Astana,2025-08-18,2025-09-22,2025-09-23,35,2969,intercity,137,shoulder,high,0.92,1,late
DEL_02006,SUP_003,Prefab KZ,prefab_panels,PRJ_004,Shymkent,2026-06-22,2026-07-17,2026-07-17,25,2079,urban,26,summer,low,0.65,0,on_time
DEL_02007,SUP_007,EcoBrick Shymkent,bricks,PRJ_001,Almaty,2025-04-01,2025-05-06,2025-05-06,35,387,intercity,844,shoulder,low,0.9,0,on_time
DEL_02008,SUP_008,China Modular Import,modular_units,PRJ_007,Almaty,2026-03-13,2026-03-27,2026-04-06,14,3894,cross_border,3050,shoulder,medium,0.48,10,late
DEL_02009,SUP_003,Prefab KZ,prefab_panels,PRJ_007,Almaty,2025-09-14,2025-10-13,2025-10-21,29,644,intercity,204,shoulder,low,0.65,8,late
DEL_02010,SUP_006,Astana Glass Works,glass_facade,PRJ_005,Shymkent,2026-01-09,2026-01-12,2026-01-12,3,2766,intercity,310,winter,high,0.81,0,on_time
DEL_02011,SUP_010,Local Timber Co,formwork,PRJ_003,Karagandy,2025-08-14,2025-08-18,2025-08-18,4,1337,intercity,608,summer,low,0.94,0,on_time
DEL_02012,SUP_001,Almaty Cement Zavod,cement,PRJ_008,Aktobe,2025-11-10,2025-11-16,2025-11-16,6,3450,urban,46,shoulder,medium,0.92,0,on_time
DEL_02013,SUP_005,Karagandy Insulate,insulation,PRJ_009,Astana,2025-10-31,2025-11-22,2025-11-22,22,865,intercity,360,shoulder,medium,0.88,0,on_time
DEL_02014,SUP_004,SteelImport Turkey,glass_facade,PRJ_003,Karagandy,2025-02-03,2025-02-09,2025-02-24,6,2019,cross_border,949,winter,medium,0.55,15,late
DEL_02015,SUP_003,Prefab KZ,prefab_panels,PRJ_001,Almaty,2026-04-27,2026-05-15,2026-05-15,18,3264,urban,46,shoulder,low,0.65,0,on_time
DEL_02016,SUP_009,Atyrau Pipe & Steel,pipes,PRJ_007,Almaty,2025-05-20,2025-06-12,2025-06-20,23,3882,intercity,365,summer,low,0.73,8,late
DEL_02017,SUP_002,Kazrebar Steel,rebar,PRJ_005,Shymkent,2026-03-18,2026-04-16,2026-04-17,29,534,intercity,804,shoulder,low,0.78,1,late
DEL_02018,SUP_001,Almaty Cement Zavod,concrete_mix,PRJ_005,Shymkent,2025-09-11,2025-10-16,2025-10-24,35,4153,intercity,605,shoulder,low,0.92,8,late
DEL_02019,SUP_005,Karagandy Insulate,insulation,PRJ_001,Almaty,2025-11-26,2026-01-05,2026-01-06,40,29,urban,9,winter,high,0.88,1,late
DEL_02020,SUP_006,Astana Glass Works,glass_facade,PRJ_002,Aktobe,2026-05-10,2026-05-16,2026-05-14,6,2438,urban,40,shoulder,low,0.81,-2,early
DEL_02021,SUP_004,SteelImport Turkey,glass_facade,PRJ_001,Almaty,2025-08-21,2025-08-31,2025-09-14,10,3635,cross_border,3410,summer,low,0.55,14,late
DEL_02022,SUP_001,Almaty Cement Zavod,cement,PRJ_009,Astana,2025-04-02,2025-05-06,2025-05-16,34,285,intercity,624,shoulder,low,0.92,10,late
DEL_02023,SUP_006,Astana Glass Works,glass_facade,PRJ_010,Almaty,2025-06-30,2025-07-25,2025-07-25,25,1768,intercity,709,summer,medium,0.81,0,on_time
DEL_02024,SUP_003,Prefab KZ,prefab_panels,PRJ_008,Aktobe,2025-09-26,2025-10-28,2025-10-30,32,3705,intercity,766,shoulder,medium,0.65,2,late
DEL_02025,SUP_006,Astana Glass Works,glass_facade,PRJ_003,Karagandy,2026-04-28,2026-05-19,2026-05-19,21,4035,urban,38,shoulder,high,0.81,0,on_time
DEL_02026,SUP_009,Atyrau Pipe & Steel,pipes,PRJ_009,Astana,2026-01-21,2026-03-01,2026-03-14,39,2557,urban,53,shoulder,high,0.73,13,late
DEL_02027,SUP_002,Kazrebar Steel,steel_beams,PRJ_004,Shymkent,2025-04-24,2025-05-29,2025-05-29,35,575,intercity,547,shoulder,low,0.78,0,on_time
DEL_02028,SUP_003,Prefab KZ,prefab_panels,PRJ_004,Shymkent,2026-04-10,2026-04-17,2026-04-23,7,1387,urban,38,shoulder,low,0.65,6,late
DEL_02029,SUP_010,Local Timber Co,formwork,PRJ_005,Shymkent,2025-06-28,2025-07-19,2025-07-19,21,4075,urban,14,summer,medium,0.94,0,on_time
DEL_02030,SUP_010,Local Timber Co,formwork,PRJ_008,Aktobe,2025-07-25,2025-08-09,2025-08-09,15,4748,urban,52,summer,high,0.94,0,on_time
DEL_02031,SUP_008,China Modular Import,prefab_panels,PRJ_007,Almaty,2026-04-14,2026-05-21,2026-05-25,37,1615,cross_border,2227,shoulder,low,0.48,4,late
DEL_02032,SUP_006,Astana Glass Works,glass_facade,PRJ_004,Shymkent,2026-04-23,2026-05-31,2026-05-28,38,4346,urban,31,shoulder,medium,0.81,-3,early
DEL_02033,SUP_008,China Modular Import,prefab_panels,PRJ_007,Almaty,2025-07-31,2025-09-10,2025-09-11,41,2562,cross_border,2308,shoulder,medium,0.48,1,late
DEL_02034,SUP_001,Almaty Cement Zavod,concrete_mix,PRJ_002,Aktobe,2026-04-27,2026-05-18,2026-05-18,21,1054,urban,10,shoulder,high,0.92,0,on_time
DEL_02035,SUP_009,Atyrau Pipe & Steel,pipes,PRJ_006,Atyrau,2025-10-10,2025-11-05,2025-11-05,26,4013,intercity,790,shoulder,medium,0.73,0,on_time
DEL_02036,SUP_010,Local Timber Co,timber,PRJ_004,Shymkent,2025-06-08,2025-07-02,2025-07-02,24,4203,intercity,736,summer,medium,0.94,0,on_time
DEL_02037,SUP_009,Atyrau Pipe & Steel,pipes,PRJ_009,Astana,2025-09-11,2025-09-16,2025-09-16,5,4441,intercity,77,shoulder,low,0.73,0,on_time
DEL_02038,SUP_002,Kazrebar Steel,steel_beams,PRJ_005,Shymkent,2025-12-04,2025-12-10,2025-12-17,6,2737,intercity,706,winter,low,0.78,7,late
DEL_02039,SUP_010,Local Timber Co,timber,PRJ_004,Shymkent,2026-02-15,2026-03-16,2026-03-19,29,2644,intercity,762,shoulder,medium,0.94,3,late
DEL_02040,SUP_005,Karagandy Insulate,insulation,PRJ_004,Shymkent,2025-03-15,2025-04-13,2025-04-13,29,2872,urban,41,shoulder,high,0.88,0,on_time
DEL_02041,SUP_010,Local Timber Co,formwork,PRJ_007,Almaty,2026-03-24,2026-03-28,2026-03-25,4,2144,intercity,263,shoulder,medium,0.94,-3,early
DEL_02042,SUP_002,Kazrebar Steel,steel_beams,PRJ_003,Karagandy,2025-09-06,2025-10-19,2025-10-19,43,4551,intercity,843,shoulder,low,0.78,0,on_time
DEL_02043,SUP_010,Local Timber Co,formwork,PRJ_010,Almaty,2025-10-15,2025-10-19,2025-10-19,4,4620,intercity,114,shoulder,low,0.94,0,on_time
DEL_02044,SUP_004,SteelImport Turkey,steel_beams,PRJ_002,Aktobe,2025-11-04,2025-11-16,2025-11-23,12,4205,cross_border,3756,shoulder,low,0.55,7,late
DEL_02045,SUP_008,China Modular Import,prefab_panels,PRJ_009,Astana,2025-04-05,2025-04-11,2025-04-22,6,2508,cross_border,3708,shoulder,low,0.48,11,late
DEL_02046,SUP_007,EcoBrick Shymkent,cement,PRJ_003,Karagandy,2025-11-01,2025-12-02,2025-12-02,31,3106,urban,8,winter,medium,0.9,0,on_time
DEL_02047,SUP_010,Local Timber Co,formwork,PRJ_001,Almaty,2025-05-01,2025-05-22,2025-06-06,21,2452,urban,15,shoulder,high,0.94,15,late
DEL_02048,SUP_010,Local Timber Co,formwork,PRJ_001,Almaty,2025-05-27,2025-07-10,2025-07-10,44,3001,intercity,240,summer,medium,0.94,0,on_time
DEL_02049,SUP_010,Local Timber Co,timber,PRJ_003,Karagandy,2025-12-06,2025-12-17,2025-12-23,11,2541,urban,13,winter,high,0.94,6,late
DEL_02050,SUP_005,Karagandy Insulate,insulation,PRJ_002,Aktobe,2025-05-07,2025-05-18,2025-05-18,11,3342,intercity,151,shoulder,low,0.88,0,on_time
DEL_02051,SUP_008,China Modular Import,prefab_panels,PRJ_005,Shymkent,2026-04-02,2026-05-11,2026-05-10,39,2816,cross_border,4105,shoulder,low,0.48,-1,early
DEL_02052,SUP_003,Prefab KZ,prefab_panels,PRJ_003,Karagandy,2025-06-10,2025-07-02,2025-07-12,22,2085,intercity,724,summer,high,0.65,10,late
DEL_02053,SUP_001,Almaty Cement Zavod,concrete_mix,PRJ_009,Astana,2026-01-13,2026-01-25,2026-01-29,12,2627,urban,18,winter,medium,0.92,4,late
DEL_02054,SUP_006,Astana Glass Works,glass_facade,PRJ_009,Astana,2026-02-10,2026-03-21,2026-04-02,39,1860,urban,56,shoulder,medium,0.81,12,late
DEL_02055,SUP_009,Atyrau Pipe & Steel,pipes,PRJ_007,Almaty,2026-02-26,2026-03-12,2026-03-24,14,3752,intercity,305,shoulder,high,0.73,12,late
DEL_02056,SUP_004,SteelImport Turkey,glass_facade,PRJ_003,Karagandy,2025-05-10,2025-06-16,2025-06-29,37,2184,cross_border,3298,summer,low,0.55,13,late
DEL_02057,SUP_003,Prefab KZ,prefab_panels,PRJ_008,Aktobe,2025-10-21,2025-10-24,2025-11-02,3,2155,intercity,214,shoulder,medium,0.65,9,late
DEL_02058,SUP_006,Astana Glass Works,glass_facade,PRJ_004,Shymkent,2025-06-20,2025-07-21,2025-07-21,31,3679,intercity,860,summer,medium,0.81,0,on_time
DEL_02059,SUP_009,Atyrau Pipe & Steel,rebar,PRJ_003,Karagandy,2025-09-12,2025-10-06,2025-10-06,24,3380,urban,18,shoulder,medium,0.73,0,on_time
DEL_02060,SUP_001,Almaty Cement Zavod,cement,PRJ_007,Almaty,2025-11-23,2025-12-31,2025-12-31,38,314,urban,49,winter,high,0.92,0,on_time
DEL_02061,SUP_009,Atyrau Pipe & Steel,pipes,PRJ_003,Karagandy,2025-06-12,2025-07-09,2025-07-12,27,3349,urban,18,summer,high,0.73,3,late
DEL_02062,SUP_002,Kazrebar Steel,rebar,PRJ_001,Almaty,2025-09-24,2025-10-26,2025-10-26,32,856,urban,20,shoulder,low,0.78,0,on_time
DEL_02063,SUP_003,Prefab KZ,prefab_panels,PRJ_005,Shymkent,2025-11-02,2025-11-15,2025-11-13,13,739,urban,31,shoulder,low,0.65,-2,early
DEL_02064,SUP_002,Kazrebar Steel,steel_beams,PRJ_004,Shymkent,2025-08-21,2025-09-24,2025-10-04,34,809,urban,15,shoulder,high,0.78,10,late
DEL_02065,SUP_008,China Modular Import,modular_units,PRJ_009,Astana,2025-10-01,2025-11-14,2025-11-17,44,1756,cross_border,3771,shoulder,high,0.48,3,late
DEL_02066,SUP_003,Prefab KZ,prefab_panels,PRJ_008,Aktobe,2025-03-31,2025-04-23,2025-04-23,23,4542,urban,56,shoulder,low,0.65,0,on_time
DEL_02067,SUP_001,Almaty Cement Zavod,concrete_mix,PRJ_008,Aktobe,2025-01-20,2025-02-13,2025-02-15,24,797,intercity,218,winter,low,0.92,2,late
DEL_02068,SUP_010,Local Timber Co,timber,PRJ_002,Aktobe,2026-01-13,2026-01-24,2026-01-28,11,319,intercity,267,winter,high,0.94,4,late
DEL_02069,SUP_009,Atyrau Pipe & Steel,pipes,PRJ_007,Almaty,2025-02-26,2025-03-13,2025-03-18,15,3933,intercity,787,shoulder,medium,0.73,5,late
DEL_02070,SUP_006,Astana Glass Works,glass_facade,PRJ_005,Shymkent,2026-02-01,2026-02-16,2026-02-24,15,1641,intercity,333,winter,high,0.81,8,late
DEL_02071,SUP_004,SteelImport Turkey,steel_beams,PRJ_010,Almaty,2026-05-15,2026-06-23,2026-07-07,39,1335,cross_border,1818,summer,low,0.55,14,late
DEL_02072,SUP_005,Karagandy Insulate,insulation,PRJ_009,Astana,2025-09-13,2025-10-14,2025-10-14,31,1166,urban,20,shoulder,low,0.88,0,on_time
DEL_02073,SUP_006,Astana Glass Works,glass_facade,PRJ_003,Karagandy,2025-02-02,2025-03-14,2025-03-27,40,4941,intercity,235,shoulder,medium,0.81,13,late
DEL_02074,SUP_006,Astana Glass Works,glass_facade,PRJ_006,Atyrau,2026-06-03,2026-06-10,2026-06-18,7,2898,intercity,284,summer,low,0.81,8,late
DEL_02075,SUP_010,Local Timber Co,formwork,PRJ_002,Aktobe,2026-02-02,2026-02-08,2026-02-08,6,3861,intercity,898,winter,medium,0.94,0,on_time
DEL_02076,SUP_003,Prefab KZ,prefab_panels,PRJ_009,Astana,2026-03-30,2026-05-04,2026-05-04,35,3651,intercity,115,shoulder,medium,0.65,0,on_time
DEL_02077,SUP_009,Atyrau Pipe & Steel,pipes,PRJ_006,Atyrau,2026-04-12,2026-04-27,2026-04-28,15,4298,urban,11,shoulder,high,0.73,1,late
DEL_02078,SUP_008,China Modular Import,prefab_panels,PRJ_004,Shymkent,2026-06-18,2026-07-31,2026-08-07,43,552,cross_border,1649,summer,high,0.48,7,late
DEL_02079,SUP_003,Prefab KZ,prefab_panels,PRJ_003,Karagandy,2026-05-01,2026-05-04,2026-05-11,3,3080,urban,50,shoulder,low,0.65,7,late
DEL_02080,SUP_002,Kazrebar Steel,rebar,PRJ_007,Almaty,2025-09-11,2025-09-25,2025-09-25,14,453,intercity,767,shoulder,low,0.78,0,on_time
DEL_02081,SUP_009,Atyrau Pipe & Steel,rebar,PRJ_003,Karagandy,2026-03-14,2026-04-26,2026-04-26,43,1935,urban,37,shoulder,low,0.73,0,on_time
DEL_02082,SUP_003,Prefab KZ,prefab_panels,PRJ_006,Atyrau,2026-02-17,2026-03-29,2026-03-29,40,1799,urban,44,shoulder,low,0.65,0,on_time
DEL_02083,SUP_007,EcoBrick Shymkent,cement,PRJ_001,Almaty,2026-03-06,2026-03-24,2026-03-24,18,843,urban,46,shoulder,low,0.9,0,on_time
DEL_02084,SUP_004,SteelImport Turkey,steel_beams,PRJ_001,Almaty,2026-06-17,2026-07-17,2026-07-25,30,3993,cross_border,2986,summer,low,0.55,8,late
DEL_02085,SUP_004,SteelImport Turkey,steel_beams,PRJ_009,Astana,2025-08-12,2025-09-14,2025-09-26,33,4929,cross_border,886,shoulder,medium,0.55,12,late
DEL_02086,SUP_010,Local Timber Co,formwork,PRJ_009,Astana,2025-11-22,2025-12-04,2025-12-04,12,2529,urban,31,winter,high,0.94,0,on_time
DEL_02087,SUP_009,Atyrau Pipe & Steel,rebar,PRJ_010,Almaty,2026-05-24,2026-06-01,2026-06-01,8,3670,urban,43,summer,low,0.73,0,on_time
DEL_02088,SUP_005,Karagandy Insulate,insulation,PRJ_004,Shymkent,2026-05-14,2026-06-01,2026-06-12,18,1057,urban,19,summer,high,0.88,11,late
DEL_02089,SUP_008,China Modular Import,modular_units,PRJ_007,Almaty,2026-02-24,2026-03-19,2026-03-22,23,2809,cross_border,2123,shoulder,low,0.48,3,late
DEL_02090,SUP_008,China Modular Import,modular_units,PRJ_003,Karagandy,2025-01-30,2025-02-10,2025-02-13,11,647,cross_border,1014,winter,high,0.48,3,late
DEL_02091,SUP_003,Prefab KZ,prefab_panels,PRJ_002,Aktobe,2025-12-10,2025-12-22,2026-01-03,12,708,intercity,610,winter,medium,0.65,12,late
DEL_02092,SUP_004,SteelImport Turkey,glass_facade,PRJ_009,Astana,2025-08-19,2025-08-26,2025-08-28,7,4847,cross_border,2019,summer,low,0.55,2,late
DEL_02093,SUP_002,Kazrebar Steel,rebar,PRJ_002,Aktobe,2025-10-22,2025-11-28,2025-11-28,37,1766,urban,10,shoulder,high,0.78,0,on_time
DEL_02094,SUP_008,China Modular Import,prefab_panels,PRJ_003,Karagandy,2026-04-29,2026-06-08,2026-06-11,40,1523,cross_border,1903,summer,medium,0.48,3,late
DEL_02095,SUP_005,Karagandy Insulate,insulation,PRJ_004,Shymkent,2026-01-13,2026-01-22,2026-01-29,9,4739,intercity,863,winter,high,0.88,7,late
DEL_02096,SUP_008,China Modular Import,prefab_panels,PRJ_010,Almaty,2025-10-29,2025-11-29,2025-12-04,31,4395,cross_border,2752,shoulder,low,0.48,5,late
DEL_02097,SUP_010,Local Timber Co,formwork,PRJ_004,Shymkent,2026-01-11,2026-01-20,2026-01-20,9,2849,urban,18,winter,low,0.94,0,on_time
DEL_02098,SUP_007,EcoBrick Shymkent,bricks,PRJ_006,Atyrau,2025-12-03,2026-01-03,2026-01-04,31,3991,urban,28,winter,high,0.9,1,late
DEL_02099,SUP_004,SteelImport Turkey,glass_facade,PRJ_005,Shymkent,2025-06-04,2025-06-14,2025-06-14,10,4477,cross_border,4292,summer,low,0.55,0,on_time
DEL_02100,SUP_008,China Modular Import,prefab_panels,PRJ_002,Aktobe,2025-11-16,2025-12-10,2025-12-21,24,2365,cross_border,1086,winter,high,0.48,11,late
DEL_02101,SUP_006,Astana Glass Works,glass_facade,PRJ_007,Almaty,2025-05-03,2025-05-22,2025-06-03,19,3741,intercity,693,shoulder,medium,0.81,12,late
DEL_02102,SUP_007,EcoBrick Shymkent,cement,PRJ_008,Aktobe,2026-01-13,2026-02-13,2026-02-23,31,4335,intercity,768,winter,high,0.9,10,late
DEL_02103,SUP_003,Prefab KZ,prefab_panels,PRJ_003,Karagandy,2025-04-20,2025-04-25,2025-04-25,5,4515,intercity,111,shoulder,medium,0.65,0,on_time
DEL_02104,SUP_006,Astana Glass Works,glass_facade,PRJ_006,Atyrau,2026-01-26,2026-03-04,2026-03-08,37,4071,intercity,501,shoulder,low,0.81,4,late
DEL_02105,SUP_010,Local Timber Co,formwork,PRJ_003,Karagandy,2025-12-19,2026-01-22,2026-01-22,34,4955,intercity,319,winter,low,0.94,0,on_time
DEL_02106,SUP_003,Prefab KZ,prefab_panels,PRJ_005,Shymkent,2026-05-29,2026-06-04,2026-06-04,6,550,urban,30,summer,medium,0.65,0,on_time
DEL_02107,SUP_006,Astana Glass Works,glass_facade,PRJ_002,Aktobe,2025-10-26,2025-11-10,2025-11-10,15,2669,urban,41,shoulder,low,0.81,0,on_time
DEL_02108,SUP_004,SteelImport Turkey,steel_beams,PRJ_007,Almaty,2025-12-14,2026-01-18,2026-01-27,35,3336,cross_border,931,winter,medium,0.55,9,late
DEL_02109,SUP_004,SteelImport Turkey,steel_beams,PRJ_007,Almaty,2025-04-27,2025-06-03,2025-06-18,37,1203,cross_border,900,summer,medium,0.55,15,late
DEL_02110,SUP_009,Atyrau Pipe & Steel,pipes,PRJ_010,Almaty,2025-04-28,2025-05-11,2025-05-23,13,3057,urban,36,shoulder,medium,0.73,12,late
DEL_02111,SUP_003,Prefab KZ,prefab_panels,PRJ_008,Aktobe,2026-04-01,2026-05-14,2026-05-19,43,1488,urban,14,shoulder,high,0.65,5,late
DEL_02112,SUP_004,SteelImport Turkey,glass_facade,PRJ_008,Aktobe,2025-05-24,2025-05-28,2025-06-04,4,2488,cross_border,3238,shoulder,medium,0.55,7,late
DEL_02113,SUP_004,SteelImport Turkey,glass_facade,PRJ_007,Almaty,2025-11-05,2025-11-30,2025-11-30,25,4409,cross_border,2382,shoulder,medium,0.55,0,on_time
DEL_02114,SUP_003,Prefab KZ,prefab_panels,PRJ_008,Aktobe,2025-02-07,2025-02-20,2025-02-21,13,2052,intercity,384,winter,medium,0.65,1,late
DEL_02115,SUP_001,Almaty Cement Zavod,cement,PRJ_009,Astana,2025-03-17,2025-03-26,2025-03-26,9,3026,intercity,719,shoulder,low,0.92,0,on_time
DEL_02116,SUP_003,Prefab KZ,prefab_panels,PRJ_008,Aktobe,2025-12-02,2026-01-09,2026-01-09,38,3043,urban,56,winter,low,0.65,0,on_time
DEL_02117,SUP_009,Atyrau Pipe & Steel,pipes,PRJ_006,Atyrau,2026-02-22,2026-03-07,2026-03-13,13,3998,intercity,346,shoulder,medium,0.73,6,late
DEL_02118,SUP_003,Prefab KZ,prefab_panels,PRJ_007,Almaty,2025-11-05,2025-12-19,2025-12-19,44,4109,urban,54,winter,low,0.65,0,on_time
DEL_02119,SUP_003,Prefab KZ,prefab_panels,PRJ_006,Atyrau,2025-05-09,2025-05-19,2025-05-19,10,87,urban,37,shoulder,medium,0.65,0,on_time
DEL_02120,SUP_004,SteelImport Turkey,glass_facade,PRJ_001,Almaty,2025-08-10,2025-09-04,2025-09-18,25,4734,cross_border,3766,shoulder,low,0.55,14,late
DEL_02121,SUP_009,Atyrau Pipe & Steel,rebar,PRJ_009,Astana,2025-05-18,2025-05-31,2025-05-31,13,3436,urban,58,shoulder,low,0.73,0,on_time
DEL_02122,SUP_009,Atyrau Pipe & Steel,pipes,PRJ_008,Aktobe,2026-05-05,2026-06-17,2026-06-17,43,590,urban,24,summer,high,0.73,0,on_time
DEL_02123,SUP_009,Atyrau Pipe & Steel,rebar,PRJ_003,Karagandy,2026-03-23,2026-04-26,2026-04-30,34,15,urban,39,shoulder,high,0.73,4,late
DEL_02124,SUP_006,Astana Glass Works,glass_facade,PRJ_010,Almaty,2025-01-20,2025-02-09,2025-02-17,20,555,intercity,658,winter,medium,0.81,8,late
DEL_02125,SUP_009,Atyrau Pipe & Steel,rebar,PRJ_005,Shymkent,2025-11-28,2025-12-29,2025-12-29,31,4298,intercity,74,winter,high,0.73,0,on_time
DEL_02126,SUP_003,Prefab KZ,prefab_panels,PRJ_003,Karagandy,2026-02-18,2026-03-06,2026-03-06,16,4963,intercity,837,shoulder,low,0.65,0,on_time
DEL_02127,SUP_001,Almaty Cement Zavod,cement,PRJ_006,Atyrau,2026-01-10,2026-02-22,2026-02-23,43,2474,intercity,712,winter,high,0.92,1,late
DEL_02128,SUP_007,EcoBrick Shymkent,cement,PRJ_009,Astana,2025-10-17,2025-11-16,2025-11-16,30,422,intercity,528,shoulder,low,0.9,0,on_time
DEL_02129,SUP_007,EcoBrick Shymkent,bricks,PRJ_006,Atyrau,2025-07-09,2025-07-26,2025-07-26,17,2490,urban,15,summer,medium,0.9,0,on_time
DEL_02130,SUP_008,China Modular Import,prefab_panels,PRJ_006,Atyrau,2025-05-30,2025-06-23,2025-06-27,24,4967,cross_border,3418,summer,low,0.48,4,late
DEL_02131,SUP_007,EcoBrick Shymkent,bricks,PRJ_005,Shymkent,2025-10-03,2025-10-29,2025-10-29,26,705,urban,26,shoulder,high,0.9,0,on_time
DEL_02132,SUP_008,China Modular Import,modular_units,PRJ_010,Almaty,2025-09-30,2025-10-03,2025-10-05,3,948,cross_border,3760,shoulder,low,0.48,2,late
DEL_02133,SUP_001,Almaty Cement Zavod,cement,PRJ_010,Almaty,2025-03-03,2025-03-30,2025-03-30,27,2938,urban,35,shoulder,low,0.92,0,on_time
DEL_02134,SUP_002,Kazrebar Steel,rebar,PRJ_008,Aktobe,2025-01-07,2025-01-24,2025-01-24,17,1909,urban,59,winter,high,0.78,0,on_time
DEL_02135,SUP_009,Atyrau Pipe & Steel,pipes,PRJ_010,Almaty,2025-03-11,2025-03-21,2025-03-20,10,1105,urban,49,shoulder,medium,0.73,-1,early
DEL_02136,SUP_010,Local Timber Co,formwork,PRJ_008,Aktobe,2025-12-19,2026-01-14,2026-01-14,26,3685,intercity,889,winter,high,0.94,0,on_time
DEL_02137,SUP_001,Almaty Cement Zavod,cement,PRJ_005,Shymkent,2025-01-30,2025-02-16,2025-02-16,17,4903,intercity,95,winter,medium,0.92,0,on_time
DEL_02138,SUP_001,Almaty Cement Zavod,cement,PRJ_008,Aktobe,2025-08-28,2025-09-20,2025-09-20,23,3641,intercity,81,shoulder,medium,0.92,0,on_time
DEL_02139,SUP_005,Karagandy Insulate,insulation,PRJ_006,Atyrau,2025-04-24,2025-05-22,2025-05-22,28,2176,urban,30,shoulder,high,0.88,0,on_time
DEL_02140,SUP_009,Atyrau Pipe & Steel,rebar,PRJ_006,Atyrau,2026-03-08,2026-03-13,2026-03-13,5,977,intercity,893,shoulder,low,0.73,0,on_time
DEL_02141,SUP_002,Kazrebar Steel,rebar,PRJ_009,Astana,2026-02-17,2026-03-31,2026-04-07,42,2982,intercity,507,shoulder,low,0.78,7,late
DEL_02142,SUP_010,Local Timber Co,timber,PRJ_004,Shymkent,2025-12-28,2026-01-13,2026-01-25,16,911,urban,6,winter,medium,0.94,12,late
DEL_02143,SUP_009,Atyrau Pipe & Steel,pipes,PRJ_005,Shymkent,2025-11-14,2025-12-27,2025-12-27,43,458,intercity,697,winter,high,0.73,0,on_time
DEL_02144,SUP_001,Almaty Cement Zavod,cement,PRJ_003,Karagandy,2026-04-22,2026-04-30,2026-04-30,8,2575,intercity,829,shoulder,low,0.92,0,on_time
DEL_02145,SUP_001,Almaty Cement Zavod,concrete_mix,PRJ_004,Shymkent,2025-02-28,2025-04-10,2025-04-10,41,508,urban,32,shoulder,medium,0.92,0,on_time
DEL_02146,SUP_008,China Modular Import,modular_units,PRJ_004,Shymkent,2026-05-01,2026-06-12,2026-06-08,42,2142,cross_border,3174,summer,medium,0.48,-4,early
DEL_02147,SUP_009,Atyrau Pipe & Steel,rebar,PRJ_004,Shymkent,2026-03-22,2026-04-16,2026-04-16,25,4415,intercity,469,shoulder,low,0.73,0,on_time
DEL_02148,SUP_002,Kazrebar Steel,steel_beams,PRJ_004,Shymkent,2026-03-27,2026-04-25,2026-05-05,29,2479,urban,38,shoulder,medium,0.78,10,late
DEL_02149,SUP_002,Kazrebar Steel,rebar,PRJ_001,Almaty,2025-06-04,2025-06-27,2025-06-27,23,4203,urban,38,summer,high,0.78,0,on_time
DEL_02150,SUP_005,Karagandy Insulate,insulation,PRJ_001,Almaty,2026-04-24,2026-05-20,2026-05-20,26,2145,urban,16,shoulder,high,0.88,0,on_time
DEL_02151,SUP_009,Atyrau Pipe & Steel,rebar,PRJ_006,Atyrau,2025-12-14,2025-12-28,2025-12-30,14,4495,urban,57,winter,low,0.73,2,late
DEL_02152,SUP_004,SteelImport Turkey,steel_beams,PRJ_005,Shymkent,2026-02-05,2026-03-11,2026-03-11,34,399,cross_border,3086,shoulder,medium,0.55,0,on_time
DEL_02153,SUP_009,Atyrau Pipe & Steel,pipes,PRJ_007,Almaty,2025-08-20,2025-09-07,2025-09-07,18,2489,urban,17,shoulder,low,0.73,0,on_time
DEL_02154,SUP_003,Prefab KZ,prefab_panels,PRJ_004,Shymkent,2025-12-07,2025-12-10,2025-12-19,3,4838,intercity,544,winter,low,0.65,9,late
DEL_02155,SUP_007,EcoBrick Shymkent,bricks,PRJ_003,Karagandy,2026-02-07,2026-03-11,2026-03-11,32,68,urban,18,shoulder,low,0.9,0,on_time
DEL_02156,SUP_005,Karagandy Insulate,insulation,PRJ_008,Aktobe,2025-04-18,2025-05-14,2025-05-14,26,1134,urban,42,shoulder,low,0.88,0,on_time
DEL_02157,SUP_003,Prefab KZ,prefab_panels,PRJ_008,Aktobe,2025-03-26,2025-04-25,2025-04-25,30,3767,urban,27,shoulder,medium,0.65,0,on_time
DEL_02158,SUP_007,EcoBrick Shymkent,cement,PRJ_007,Almaty,2025-07-08,2025-07-22,2025-07-22,14,2522,intercity,744,summer,low,0.9,0,on_time
DEL_02159,SUP_003,Prefab KZ,prefab_panels,PRJ_003,Karagandy,2026-01-11,2026-01-17,2026-01-18,6,4388,intercity,475,winter,medium,0.65,1,late
DEL_02160,SUP_004,SteelImport Turkey,steel_beams,PRJ_008,Aktobe,2026-06-14,2026-07-08,2026-07-19,24,1318,cross_border,1569,summer,medium,0.55,11,late
DEL_02161,SUP_009,Atyrau Pipe & Steel,rebar,PRJ_010,Almaty,2026-01-26,2026-02-08,2026-02-08,13,1725,urban,36,winter,low,0.73,0,on_time
DEL_02162,SUP_002,Kazrebar Steel,rebar,PRJ_006,Atyrau,2025-12-07,2025-12-30,2026-01-05,23,3494,intercity,863,winter,high,0.78,6,late
DEL_02163,SUP_007,EcoBrick Shymkent,cement,PRJ_004,Shymkent,2026-02-12,2026-02-24,2026-03-11,12,4928,urban,46,winter,high,0.9,15,late
DEL_02164,SUP_006,Astana Glass Works,glass_facade,PRJ_009,Astana,2026-01-21,2026-02-22,2026-02-22,32,3347,intercity,566,winter,low,0.81,0,on_time
DEL_02165,SUP_003,Prefab KZ,prefab_panels,PRJ_008,Aktobe,2025-01-02,2025-02-10,2025-02-10,39,1561,intercity,361,winter,low,0.65,0,on_time
DEL_02166,SUP_010,Local Timber Co,timber,PRJ_007,Almaty,2025-12-28,2026-02-09,2026-02-09,43,4996,intercity,733,winter,medium,0.94,0,on_time
DEL_02167,SUP_002,Kazrebar Steel,steel_beams,PRJ_004,Shymkent,2026-03-25,2026-05-05,2026-05-10,41,1527,urban,11,shoulder,high,0.78,5,late
DEL_02168,SUP_008,China Modular Import,modular_units,PRJ_001,Almaty,2025-02-11,2025-02-17,2025-02-20,6,3992,cross_border,2616,winter,low,0.48,3,late
DEL_02169,SUP_009,Atyrau Pipe & Steel,pipes,PRJ_010,Almaty,2025-09-08,2025-09-21,2025-09-21,13,3262,intercity,567,shoulder,medium,0.73,0,on_time
DEL_02170,SUP_010,Local Timber Co,formwork,PRJ_008,Aktobe,2025-11-18,2025-12-08,2025-12-20,20,3506,intercity,812,winter,high,0.94,12,late
DEL_02171,SUP_006,Astana Glass Works,glass_facade,PRJ_008,Aktobe,2025-04-14,2025-05-17,2025-05-21,33,4151,urban,37,shoulder,high,0.81,4,late
DEL_02172,SUP_004,SteelImport Turkey,steel_beams,PRJ_005,Shymkent,2025-01-16,2025-02-11,2025-02-13,26,3347,cross_border,2387,winter,medium,0.55,2,late
DEL_02173,SUP_010,Local Timber Co,timber,PRJ_001,Almaty,2025-02-10,2025-03-19,2025-03-19,37,1777,urban,24,shoulder,low,0.94,0,on_time
DEL_02174,SUP_007,EcoBrick Shymkent,bricks,PRJ_009,Astana,2025-06-17,2025-07-21,2025-07-22,34,3241,intercity,322,summer,medium,0.9,1,late
DEL_02175,SUP_003,Prefab KZ,prefab_panels,PRJ_010,Almaty,2026-06-11,2026-06-15,2026-06-21,4,413,urban,14,summer,low,0.65,6,late
DEL_02176,SUP_006,Astana Glass Works,glass_facade,PRJ_005,Shymkent,2025-06-25,2025-08-07,2025-08-07,43,1544,intercity,458,summer,low,0.81,0,on_time
DEL_02177,SUP_004,SteelImport Turkey,steel_beams,PRJ_008,Aktobe,2025-03-24,2025-04-01,2025-04-05,8,2657,cross_border,4017,shoulder,high,0.55,4,late
DEL_02178,SUP_010,Local Timber Co,formwork,PRJ_005,Shymkent,2026-05-16,2026-06-01,2026-06-01,16,918,intercity,88,summer,high,0.94,0,on_time
DEL_02179,SUP_009,Atyrau Pipe & Steel,pipes,PRJ_003,Karagandy,2025-12-28,2026-02-08,2026-02-08,42,3088,urban,51,winter,high,0.73,0,on_time
DEL_02180,SUP_002,Kazrebar Steel,rebar,PRJ_008,Aktobe,2025-07-31,2025-09-02,2025-09-09,33,2051,urban,30,shoulder,low,0.78,7,late
DEL_02181,SUP_010,Local Timber Co,formwork,PRJ_001,Almaty,2026-04-16,2026-05-19,2026-05-19,33,4785,urban,16,shoulder,medium,0.94,0,on_time
DEL_02182,SUP_002,Kazrebar Steel,steel_beams,PRJ_010,Almaty,2026-04-07,2026-05-10,2026-05-13,33,3488,urban,59,shoulder,low,0.78,3,late
DEL_02183,SUP_003,Prefab KZ,prefab_panels,PRJ_006,Atyrau,2025-03-05,2025-04-17,2025-04-19,43,4436,intercity,560,shoulder,medium,0.65,2,late
DEL_02184,SUP_004,SteelImport Turkey,glass_facade,PRJ_008,Aktobe,2026-06-03,2026-07-03,2026-07-13,30,437,cross_border,1709,summer,medium,0.55,10,late
DEL_02185,SUP_005,Karagandy Insulate,insulation,PRJ_001,Almaty,2025-07-21,2025-08-18,2025-08-31,28,2867,intercity,277,summer,medium,0.88,13,late
DEL_02186,SUP_005,Karagandy Insulate,insulation,PRJ_003,Karagandy,2025-02-06,2025-02-17,2025-02-19,11,4668,intercity,145,winter,high,0.88,2,late
DEL_02187,SUP_006,Astana Glass Works,glass_facade,PRJ_010,Almaty,2025-01-11,2025-02-14,2025-02-14,34,151,intercity,99,winter,low,0.81,0,on_time
DEL_02188,SUP_007,EcoBrick Shymkent,cement,PRJ_008,Aktobe,2026-05-28,2026-06-18,2026-06-18,21,2985,urban,14,summer,high,0.9,0,on_time
DEL_02189,SUP_005,Karagandy Insulate,insulation,PRJ_008,Aktobe,2025-11-07,2025-11-23,2025-11-23,16,2848,urban,35,shoulder,low,0.88,0,on_time
DEL_02190,SUP_006,Astana Glass Works,glass_facade,PRJ_007,Almaty,2025-06-16,2025-07-13,2025-07-25,27,3179,intercity,311,summer,high,0.81,12,late
DEL_02191,SUP_005,Karagandy Insulate,insulation,PRJ_001,Almaty,2026-01-16,2026-02-18,2026-02-18,33,17,intercity,235,winter,high,0.88,0,on_time
DEL_02192,SUP_009,Atyrau Pipe & Steel,pipes,PRJ_008,Aktobe,2025-08-25,2025-09-22,2025-09-22,28,1005,intercity,716,shoulder,medium,0.73,0,on_time
DEL_02193,SUP_009,Atyrau Pipe & Steel,pipes,PRJ_005,Shymkent,2026-04-20,2026-05-11,2026-05-15,21,4935,intercity,811,shoulder,high,0.73,4,late
DEL_02194,SUP_009,Atyrau Pipe & Steel,pipes,PRJ_002,Aktobe,2025-11-13,2025-12-03,2025-12-14,20,4889,intercity,141,winter,medium,0.73,11,late
DEL_02195,SUP_010,Local Timber Co,timber,PRJ_006,Atyrau,2026-01-03,2026-02-11,2026-02-11,39,1331,intercity,72,winter,medium,0.94,0,on_time
DEL_02196,SUP_010,Local Timber Co,timber,PRJ_006,Atyrau,2025-07-30,2025-08-03,2025-08-04,4,895,urban,49,summer,low,0.94,1,late
DEL_02197,SUP_006,Astana Glass Works,glass_facade,PRJ_002,Aktobe,2026-01-06,2026-02-04,2026-02-04,29,4035,urban,33,winter,low,0.81,0,on_time
DEL_02198,SUP_009,Atyrau Pipe & Steel,pipes,PRJ_002,Aktobe,2025-01-24,2025-02-19,2025-02-19,26,349,urban,57,winter,low,0.73,0,on_time
DEL_02199,SUP_009,Atyrau Pipe & Steel,pipes,PRJ_010,Almaty,2025-04-24,2025-06-07,2025-06-11,44,4770,urban,29,summer,low,0.73,4,late
DEL_02200,SUP_010,Local Timber Co,formwork,PRJ_007,Almaty,2025-03-16,2025-03-21,2025-03-21,5,1552,intercity,738,shoulder,low,0.94,0,on_time
